Workbook

Sheet PL4_TONG_HOP
A1: ROW_ID | B1: MA_TIEU_CHI | C1: NOI_DUNG_TIEU_CHI | D1: CAP_TIEU_CHI | E1: CO_NHAP_LIEU | F1: Văn phòng UBND tỉnh | G1: Sở Tài chính | H1: Sở Nông nghiệp và Môi trường | I1: Sở Xây dựng | J1: Sở Tư pháp | K1: Sở Công thương | L1: Sở Văn hóa thể thao và Du lịch | M1: Sở Giáo dục và Đào tạo | N1: Sở Khoa học và Công nghệ | O1: Sở Y tế | P1: Sở Nội vụ | Q1: Sở Ngoại vụ | R1: Thanh tra tỉnh | S1: Sở Dân tộc và Tôn giáo | T1: Ban Quản lý KKTNS và Các KCN | U1: Viện quy hoạch kiến trúc Thanh Hóa
A2: R9 | B2: A | C2: A. TIÊU CHÍ ĐÁNH GIÁ VIỆC LÃNH ĐẠO, CHỈ ĐẠO, XÂY DỰNG VÀ HOÀN THIỆN CHÍNH SÁCH, PHÁP LUẬT VỀ PCTN | D2: 1 | E2: Không
A3: R10 | B3: A.1 | C3: A.1. Đánh giá việc lãnh đạo, chỉ đạo công tác PCTN: | D3: 2 | E3: Không
A4: R11 | B4: A.1.1 | C4: A.1.1. Triển khai thực hiện các văn bản của các cơ quan ở Trung ương về PCTN trong năm 2025 | D4: 3 | E4: Không
A5: R12 | B5: A.1.1.1 | C5: A.1.1.1. Triển khai thực hiện Chương trình công tác năm 2025 của Ban Chỉ đạo Trung ương về phòng, chống tham nhũng, tiêu cực. | D5: 4 | E5: Không
A6: R13 | B6: A.1.1.2 | C6: A.1.1.2. Triển khai thực hiện Nghị quyết số 168/NQ-CP ngày 11/10/2023 về Chiến lược quốc gia phòng, chống tham nhũng, tiêu cực đến năm 2030. | D6: 4 | E6: Không
A7: R14 | B7: A.1.1.3 | C7: A.1.1.3. Triển khai thực hiện Quy định số 132-QĐ/TW ngày 27/10/2023 của Bộ Chính trị về kiểm soát quyền lực và phòng, chống tham nhũng, tiêu cực trong hoạt động điều tra, truy tố, xét xử, thi hành án. | D7: 4 | E7: Không
A8: R15 | B8: A.1.1.4 | C8: A.1.1.4. Triển khai thực hiện Quy định số 131-QĐ/TW ngày 27/10/2023 của Bộ Chính trị về kiểm soát quyền lực và PCTNTC trong hoạt động kiểm tra, giám sát và thi hành kỷ luật đảng và trong hoạt động thanh tra, kiểm toán. | D8: 4 | E8: Không
A9: R16 | B9: A.1.1.5 | C9: A.1.1.5. Triển khai thực hiện Quy định số 178-QĐ/TW ngày 27/6/2024 của Bộ Chính trị về kiểm soát quyền lực, PCTNTC trong công tác xây dựng pháp luật. | D9: 4 | E9: Không
A10: R17 | B10: A.1.2 | C10: A.1.2. Ban hành kế hoạch PCTN năm 2025 | D10: 3 | E10: Có | R10: dsfds
A11: R18 | B11: A.1.3 | C11: A.1.3. Nội dung kế hoạch PCTN năm 2025 | D11: 3 | E11: Không
A12: R19 | B12: A.1.3.1 | C12: A.1.3.1. Về thực hiện các chỉ thị, nghị quyết của Trung ương về PCTN | D12: 4 | E12: Không
A13: R20 | B13: A.1.3.2 | C13: A.1.3.2. Về kiểm tra, rà soát, hệ thống hóa văn bản quy phạm pháp luật về PCTN | D13: 4 | E13: Không
A14: R21 | B14: A.1.3.3 | C14: A.1.3.3. Về xây dựng và hoàn thiện chính sách, pháp luật về PCTN | D14: 4 | E14: Không
A15: R22 | B15: A.1.3.4 | C15: A.1.3.4. Về tuyên truyền, phổ biến giáo dục pháp luật về PCTN | D15: 4 | E15: Không
A16: R23 | B16: A.1.3.5 | C16: A.1.3.5. Về kiểm tra và theo dõi thi hành văn bản quy phạm pháp luật về PCTN | D16: 4 | E16: Không
A17: R24 | B17: A.1.3.6 | C17: A.1.3.6. Về kiểm tra, đánh giá việc thực hiện kế hoạch PCTN năm 2025 | D17: 4 | E17: Không
A18: R25 | B18: A.2 | C18: A.2. Đánh giá việc UBND tỉnh và các sở, ban, cơ quan, đơn vị thuộc UBND cấp tỉnh thực hiện kế hoạch PCTN của cấp tỉnh | D18: 2 | E18: Không
A19: R26 | B19: A.2.1 | C19: A.2.1. Thực hiện kiểm tra, rà soát, hệ thống hóa văn bản quy phạm pháp luật về PCTN | D19: 3 | E19: Không
A20: R27 | B20: A.2.1.1 | C20: A.2.1.1. Ban hành kế hoạch | D20: 4 | E20: Có
A21: R28 | B21: A.2.1.2 | C21: A.2.1.2. Kết quả thực hiện | D21: 4 | E21: Có
A22: R29 | B22: A.2.3 | C22: A.2.3. Thực hiện công tác tuyên truyền, phổ biến, giáo dục pháp luật về PCTN. | D22: 3 | E22: Không
... A99: R106 | B99: ĐT.3 | C99: ĐT.3. Người đứng đầu, cấp phó của người đứng đầu cấp tỉnh bị xử lý do để xảy ra tham nhũng, tiêu cực năm 2025 | D99: 2 | E99: Có

Sheet THEO_DOI
A1: MA_DON_VI | B1: TEN_DON_VI | C1: SO_DONG_CAN_NHAP | D1: SO_DONG_DA_NHAP | E1: SO_DONG_CO_MINH_CHUNG | F1: SO_DONG_CHUA_CO_MINH_CHUNG | G1: TY_LE_DA_NHAP | H1: TY_LE_DU_MINH_CHUNG | I1: SO_FILE_DA_UPLOAD | J1: CANH_BAO | K1: DS_MA_TC_CHUA_CO_MC
A2: DV01 | B2: Văn phòng UBND tỉnh | C2: =COUNTIF(DM_TIEU_CHI!$E$2:$E$200,"Có") -> 52 | D2: =SUMPRODUCT((PL4_TONG_HOP!$E$2:$E$5000="Có")*(LEN(PL4_TONG_HOP!$F$2:$F$5000)>0)) -> 0 | E2: =SUMPRODUCT((CANH_BAO_MINH_CHUNG!$A$2:$A$5000=$A2)*(LEN(CANH_BAO_MINH_CHUNG!$F$2:$F$5000)>0)*(CANH_BAO_MINH_CHUNG!$G$2:$G$5000>0)) -> 0 | F2: =SUMPRODUCT((CANH_BAO_MINH_CHUNG!$A$2:$A$5000=$A2)*(LEN(CANH_BAO_MINH_CHUNG!$F$2:$F$5000)>0)*(CANH_BAO_MINH_CHUNG!$G$2:$G$5000=0)) -> 0 | G2: =IF(D2=0,0,D2/C2) -> 0 | H2: =IF(D2=0,0,E2/D2) -> 0 | I2: =COUNTIFS(FILE_UPLOADS!$B:$B,$A2) -> 0 | J2: =IF(D2=0,"Chưa nhập dữ liệu",IF(F2=0,"Đủ minh chứng","Thiếu minh chứng "&F2&" tiêu chí")) -> Chưa nhập dữ liệu | K2: =IF(F2=0,"","Xem sheet CANH_BAO_MINH_CHUNG")
A3: DV02 | B3: Sở Tài chính | C3: =COUNTIF(DM_TIEU_CHI!$E$2:$E$200,"Có") -> 52 | D3: =SUMPRODUCT((PL4_TONG_HOP!$E$2:$E$5000="Có")*(LEN(PL4_TONG_HOP!$G$2:$G$5000)>0)) -> 0 | E3: =SUMPRODUCT((CANH_BAO_MINH_CHUNG!$A$2:$A$5000=$A3)*(LEN(CANH_BAO_MINH_CHUNG!$F$2:$F$5000)>0)*(CANH_BAO_MINH_CHUNG!$G$2:$G$5000>0)) -> 0 | F3: =SUMPRODUCT((CANH_BAO_MINH_CHUNG!$A$2:$A$5000=$A3)*(LEN(CANH_BAO_MINH_CHUNG!$F$2:$F$5000)>0)*(CANH_BAO_MINH_CHUNG!$G$2:$G$5000=0)) -> 0 | G3: =IF(D3=0,0,D3/C3) -> 0 | H3: =IF(D3=0,0,E3/D3) -> 0 | I3: =COUNTIFS(FILE_UPLOADS!$B:$B,$A3) -> 0 | J3: =IF(D3=0,"Chưa nhập dữ liệu",IF(F3=0,"Đủ minh chứng","Thiếu minh chứng "&F3&" tiêu chí")) -> Chưa nhập dữ liệu | K3: =IF(F3=0,"","Xem sheet CANH_BAO_MINH_CHUNG")
A4: DV03 | B4: Sở Nông nghiệp và Môi trường | C4: =COUNTIF(DM_TIEU_CHI!$E$2:$E$200,"Có") -> 52 | D4: =SUMPRODUCT((PL4_TONG_HOP!$E$2:$E$5000="Có")*(LEN(PL4_TONG_HOP!$H$2:$H$5000)>0)) -> 0 | E4: =SUMPRODUCT((CANH_BAO_MINH_CHUNG!$A$2:$A$5000=$A4)*(LEN(CANH_BAO_MINH_CHUNG!$F$2:$F$5000)>0)*(CANH_BAO_MINH_CHUNG!$G$2:$G$5000>0)) -> 0 | F4: =SUMPRODUCT((CANH_BAO_MINH_CHUNG!$A$2:$A$5000=$A4)*(LEN(CANH_BAO_MINH_CHUNG!$F$2:$F$5000)>0)*(CANH_BAO_MINH_CHUNG!$G$2:$G$5000=0)) -> 0 | G4: =IF(D4=0,0,D4/C4) -> 0 | H4: =IF(D4=0,0,E4/D4) -> 0 | I4: =COUNTIFS(FILE_UPLOADS!$B:$B,$A4) -> 0 | J4: =IF(D4=0,"Chưa nhập dữ liệu",IF(F4=0,"Đủ minh chứng","Thiếu minh chứng "&F4&" tiêu chí")) -> Chưa nhập dữ liệu | K4: =IF(F4=0,"","Xem sheet CANH_BAO_MINH_CHUNG")
A5: DV04 | B5: Sở Xây dựng | C5: =COUNTIF(DM_TIEU_CHI!$E$2:$E$200,"Có") -> 52 | D5: =SUMPRODUCT((PL4_TONG_HOP!$E$2:$E$5000="Có")*(LEN(PL4_TONG_HOP!$I$2:$I$5000)>0)) -> 0 | E5: =SUMPRODUCT((CANH_BAO_MINH_CHUNG!$A$2:$A$5000=$A5)*(LEN(CANH_BAO_MINH_CHUNG!$F$2:$F$5000)>0)*(CANH_BAO_MINH_CHUNG!$G$2:$G$5000>0)) -> 0 | F5: =SUMPRODUCT((CANH_BAO_MINH_CHUNG!$A$2:$A$5000=$A5)*(LEN(CANH_BAO_MINH_CHUNG!$F$2:$F$5000)>0)*(CANH_BAO_MINH_CHUNG!$G$2:$G$5000=0)) -> 0 | G5: =IF(D5=0,0,D5/C5) -> 0 | H5: =IF(D5=0,0,E5/D5) -> 0 | I5: =COUNTIFS(FILE_UPLOADS!$B:$B,$A5) -> 0 | J5: =IF(D5=0,"Chưa nhập dữ liệu",IF(F5=0,"Đủ minh chứng","Thiếu minh chứng "&F5&" tiêu chí")) -> Chưa nhập dữ liệu | K5: =IF(F5=0,"","Xem sheet CANH_BAO_MINH_CHUNG")
A6: DV05 | B6: Sở Tư pháp | C6: =COUNTIF(DM_TIEU_CHI!$E$2:$E$200,"Có") -> 52 | D6: =SUMPRODUCT((PL4_TONG_HOP!$E$2:$E$5000="Có")*(LEN(PL4_TONG_HOP!$J$2:$J$5000)>0)) -> 0 | E6: =SUMPRODUCT((CANH_BAO_MINH_CHUNG!$A$2:$A$5000=$A6)*(LEN(CANH_BAO_MINH_CHUNG!$F$2:$F$5000)>0)*(CANH_BAO_MINH_CHUNG!$G$2:$G$5000>0)) -> 0 | F6: =SUMPRODUCT((CANH_BAO_MINH_CHUNG!$A$2:$A$5000=$A6)*(LEN(CANH_BAO_MINH_CHUNG!$F$2:$F$5000)>0)*(CANH_BAO_MINH_CHUNG!$G$2:$G$5000=0)) -> 0 | G6: =IF(D6=0,0,D6/C6) -> 0 | H6: =IF(D6=0,0,E6/D6) -> 0 | I6: =COUNTIFS(FILE_UPLOADS!$B:$B,$A6) -> 0 | J6: =IF(D6=0,"Chưa nhập dữ liệu",IF(F6=0,"Đủ minh chứng","Thiếu minh chứng "&F6&" tiêu chí")) -> Chưa nhập dữ liệu | K6: =IF(F6=0,"","Xem sheet CANH_BAO_MINH_CHUNG")
A7: DV06 | B7: Sở Công thương | C7: =COUNTIF(DM_TIEU_CHI!$E$2:$E$200,"Có") -> 52 | D7: =SUMPRODUCT((PL4_TONG_HOP!$E$2:$E$5000="Có")*(LEN(PL4_TONG_HOP!$K$2:$K$5000)>0)) -> 0 | E7: =SUMPRODUCT((CANH_BAO_MINH_CHUNG!$A$2:$A$5000=$A7)*(LEN(CANH_BAO_MINH_CHUNG!$F$2:$F$5000)>0)*(CANH_BAO_MINH_CHUNG!$G$2:$G$5000>0)) -> 0 | F7: =SUMPRODUCT((CANH_BAO_MINH_CHUNG!$A$2:$A$5000=$A7)*(LEN(CANH_BAO_MINH_CHUNG!$F$2:$F$5000)>0)*(CANH_BAO_MINH_CHUNG!$G$2:$G$5000=0)) -> 0 | G7: =IF(D7=0,0,D7/C7) -> 0 | H7: =IF(D7=0,0,E7/D7) -> 0 | I7: =COUNTIFS(FILE_UPLOADS!$B:$B,$A7) -> 0 | J7: =IF(D7=0,"Chưa nhập dữ liệu",IF(F7=0,"Đủ minh chứng","Thiếu minh chứng "&F7&" tiêu chí")) -> Chưa nhập dữ liệu | K7: =IF(F7=0,"","Xem sheet CANH_BAO_MINH_CHUNG")
A8: DV07 | B8: Sở Văn hóa thể thao và Du lịch | C8: =COUNTIF(DM_TIEU_CHI!$E$2:$E$200,"Có") -> 52 | D8: =SUMPRODUCT((PL4_TONG_HOP!$E$2:$E$5000="Có")*(LEN(PL4_TONG_HOP!$L$2:$L$5000)>0)) -> 0 | E8: =SUMPRODUCT((CANH_BAO_MINH_CHUNG!$A$2:$A$5000=$A8)*(LEN(CANH_BAO_MINH_CHUNG!$F$2:$F$5000)>0)*(CANH_BAO_MINH_CHUNG!$G$2:$G$5000>0)) -> 0 | F8: =SUMPRODUCT((CANH_BAO_MINH_CHUNG!$A$2:$A$5000=$A8)*(LEN(CANH_BAO_MINH_CHUNG!$F$2:$F$5000)>0)*(CANH_BAO_MINH_CHUNG!$G$2:$G$5000=0)) -> 0 | G8: =IF(D8=0,0,D8/C8) -> 0 | H8: =IF(D8=0,0,E8/D8) -> 0 | I8: =COUNTIFS(FILE_UPLOADS!$B:$B,$A8) -> 0 | J8: =IF(D8=0,"Chưa nhập dữ liệu",IF(F8=0,"Đủ minh chứng","Thiếu minh chứng "&F8&" tiêu chí")) -> Chưa nhập dữ liệu | K8: =IF(F8=0,"","Xem sheet CANH_BAO_MINH_CHUNG")
A9: DV08 | B9: Sở Giáo dục và Đào tạo | C9: =COUNTIF(DM_TIEU_CHI!$E$2:$E$200,"Có") -> 52 | D9: =SUMPRODUCT((PL4_TONG_HOP!$E$2:$E$5000="Có")*(LEN(PL4_TONG_HOP!$M$2:$M$5000)>0)) -> 0 | E9: =SUMPRODUCT((CANH_BAO_MINH_CHUNG!$A$2:$A$5000=$A9)*(LEN(CANH_BAO_MINH_CHUNG!$F$2:$F$5000)>0)*(CANH_BAO_MINH_CHUNG!$G$2:$G$5000>0)) -> 0 | F9: =SUMPRODUCT((CANH_BAO_MINH_CHUNG!$A$2:$A$5000=$A9)*(LEN(CANH_BAO_MINH_CHUNG!$F$2:$F$5000)>0)*(CANH_BAO_MINH_CHUNG!$G$2:$G$5000=0)) -> 0 | G9: =IF(D9=0,0,D9/C9) -> 0 | H9: =IF(D9=0,0,E9/D9) -> 0 | I9: =COUNTIFS(FILE_UPLOADS!$B:$B,$A9) -> 0 | J9: =IF(D9=0,"Chưa nhập dữ liệu",IF(F9=0,"Đủ minh chứng","Thiếu minh chứng "&F9&" tiêu chí")) -> Chưa nhập dữ liệu | K9: =IF(F9=0,"","Xem sheet CANH_BAO_MINH_CHUNG")
A10: DV09 | B10: Sở Khoa học và Công nghệ | C10: =COUNTIF(DM_TIEU_CHI!$E$2:$E$200,"Có") -> 52 | D10: =SUMPRODUCT((PL4_TONG_HOP!$E$2:$E$5000="Có")*(LEN(PL4_TONG_HOP!$N$2:$N$5000)>0)) -> 0 | E10: =SUMPRODUCT((CANH_BAO_MINH_CHUNG!$A$2:$A$5000=$A10)*(LEN(CANH_BAO_MINH_CHUNG!$F$2:$F$5000)>0)*(CANH_BAO_MINH_CHUNG!$G$2:$G$5000>0)) -> 0 | F10: =SUMPRODUCT((CANH_BAO_MINH_CHUNG!$A$2:$A$5000=$A10)*(LEN(CANH_BAO_MINH_CHUNG!$F$2:$F$5000)>0)*(CANH_BAO_MINH_CHUNG!$G$2:$G$5000=0)) -> 0 | G10: =IF(D10=0,0,D10/C10) -> 0 | H10: =IF(D10=0,0,E10/D10) -> 0 | I10: =COUNTIFS(FILE_UPLOADS!$B:$B,$A10) -> 0 | J10: =IF(D10=0,"Chưa nhập dữ liệu",IF(F10=0,"Đủ minh chứng","Thiếu minh chứng "&F10&" tiêu chí")) -> Chưa nhập dữ liệu | K10: =IF(F10=0,"","Xem sheet CANH_BAO_MINH_CHUNG")
A11: DV10 | B11: Sở Y tế | C11: =COUNTIF(DM_TIEU_CHI!$E$2:$E$200,"Có") -> 52 | D11: =SUMPRODUCT((PL4_TONG_HOP!$E$2:$E$5000="Có")*(LEN(PL4_TONG_HOP!$O$2:$O$5000)>0)) -> 0 | E11: =SUMPRODUCT((CANH_BAO_MINH_CHUNG!$A$2:$A$5000=$A11)*(LEN(CANH_BAO_MINH_CHUNG!$F$2:$F$5000)>0)*(CANH_BAO_MINH_CHUNG!$G$2:$G$5000>0)) -> 0 | F11: =SUMPRODUCT((CANH_BAO_MINH_CHUNG!$A$2:$A$5000=$A11)*(LEN(CANH_BAO_MINH_CHUNG!$F$2:$F$5000)>0)*(CANH_BAO_MINH_CHUNG!$G$2:$G$5000=0)) -> 0 | G11: =IF(D11=0,0,D11/C11) -> 0 | H11: =IF(D11=0,0,E11/D11) -> 0 | I11: =COUNTIFS(FILE_UPLOADS!$B:$B,$A11) -> 0 | J11: =IF(D11=0,"Chưa nhập dữ liệu",IF(F11=0,"Đủ minh chứng","Thiếu minh chứng "&F11&" tiêu chí")) -> Chưa nhập dữ liệu | K11: =IF(F11=0,"","Xem sheet CANH_BAO_MINH_CHUNG")
A12: DV11 | B12: Sở Nội vụ | C12: =COUNTIF(DM_TIEU_CHI!$E$2:$E$200,"Có") -> 52 | D12: =SUMPRODUCT((PL4_TONG_HOP!$E$2:$E$5000="Có")*(LEN(PL4_TONG_HOP!$P$2:$P$5000)>0)) -> 0 | E12: =SUMPRODUCT((CANH_BAO_MINH_CHUNG!$A$2:$A$5000=$A12)*(LEN(CANH_BAO_MINH_CHUNG!$F$2:$F$5000)>0)*(CANH_BAO_MINH_CHUNG!$G$2:$G$5000>0)) -> 0 | F12: =SUMPRODUCT((CANH_BAO_MINH_CHUNG!$A$2:$A$5000=$A12)*(LEN(CANH_BAO_MINH_CHUNG!$F$2:$F$5000)>0)*(CANH_BAO_MINH_CHUNG!$G$2:$G$5000=0)) -> 0 | G12: =IF(D12=0,0,D12/C12) -> 0 | H12: =IF(D12=0,0,E12/D12) -> 0 | I12: =COUNTIFS(FILE_UPLOADS!$B:$B,$A12) -> 0 | J12: =IF(D12=0,"Chưa nhập dữ liệu",IF(F12=0,"Đủ minh chứng","Thiếu minh chứng "&F12&" tiêu chí")) -> Chưa nhập dữ liệu | K12: =IF(F12=0,"","Xem sheet CANH_BAO_MINH_CHUNG")
A13: DV12 | B13: Sở Ngoại vụ | C13: =COUNTIF(DM_TIEU_CHI!$E$2:$E$200,"Có") -> 52 | D13: =SUMPRODUCT((PL4_TONG_HOP!$E$2:$E$5000="Có")*(LEN(PL4_TONG_HOP!$Q$2:$Q$5000)>0)) -> 0 | E13: =SUMPRODUCT((CANH_BAO_MINH_CHUNG!$A$2:$A$5000=$A13)*(LEN(CANH_BAO_MINH_CHUNG!$F$2:$F$5000)>0)*(CANH_BAO_MINH_CHUNG!$G$2:$G$5000>0)) -> 0 | F13: =SUMPRODUCT((CANH_BAO_MINH_CHUNG!$A$2:$A$5000=$A13)*(LEN(CANH_BAO_MINH_CHUNG!$F$2:$F$5000)>0)*(CANH_BAO_MINH_CHUNG!$G$2:$G$5000=0)) -> 0 | G13: =IF(D13=0,0,D13/C13) -> 0 | H13: =IF(D13=0,0,E13/D13) -> 0 | I13: =COUNTIFS(FILE_UPLOADS!$B:$B,$A13) -> 0 | J13: =IF(D13=0,"Chưa nhập dữ liệu",IF(F13=0,"Đủ minh chứng","Thiếu minh chứng "&F13&" tiêu chí")) -> Chưa nhập dữ liệu | K13: =IF(F13=0,"","Xem sheet CANH_BAO_MINH_CHUNG")
A14: DV13 | B14: Thanh tra tỉnh | C14: =COUNTIF(DM_TIEU_CHI!$E$2:$E$200,"Có") -> 52 | D14: =SUMPRODUCT((PL4_TONG_HOP!$E$2:$E$5000="Có")*(LEN(PL4_TONG_HOP!$R$2:$R$5000)>0)) -> 1 | E14: =SUMPRODUCT((CANH_BAO_MINH_CHUNG!$A$2:$A$5000=$A14)*(LEN(CANH_BAO_MINH_CHUNG!$F$2:$F$5000)>0)*(CANH_BAO_MINH_CHUNG!$G$2:$G$5000>0)) -> 1 | F14: =SUMPRODUCT((CANH_BAO_MINH_CHUNG!$A$2:$A$5000=$A14)*(LEN(CANH_BAO_MINH_CHUNG!$F$2:$F$5000)>0)*(CANH_BAO_MINH_CHUNG!$G$2:$G$5000=0)) -> 0 | G14: =IF(D14=0,0,D14/C14) -> 0.019230769 | H14: =IF(D14=0,0,E14/D14) -> 1 | I14: =COUNTIFS(FILE_UPLOADS!$B:$B,$A14) -> 1 | J14: =IF(D14=0,"Chưa nhập dữ liệu",IF(F14=0,"Đủ minh chứng","Thiếu minh chứng "&F14&" tiêu chí")) -> Đủ minh chứng | K14: =IF(F14=0,"","Xem sheet CANH_BAO_MINH_CHUNG")
A15: DV14 | B15: Sở Dân tộc và Tôn giáo | C15: =COUNTIF(DM_TIEU_CHI!$E$2:$E$200,"Có") -> 52 | D15: =SUMPRODUCT((PL4_TONG_HOP!$E$2:$E$5000="Có")*(LEN(PL4_TONG_HOP!$S$2:$S$5000)>0)) -> 0 | E15: =SUMPRODUCT((CANH_BAO_MINH_CHUNG!$A$2:$A$5000=$A15)*(LEN(CANH_BAO_MINH_CHUNG!$F$2:$F$5000)>0)*(CANH_BAO_MINH_CHUNG!$G$2:$G$5000>0)) -> 0 | F15: =SUMPRODUCT((CANH_BAO_MINH_CHUNG!$A$2:$A$5000=$A15)*(LEN(CANH_BAO_MINH_CHUNG!$F$2:$F$5000)>0)*(CANH_BAO_MINH_CHUNG!$G$2:$G$5000=0)) -> 0 | G15: =IF(D15=0,0,D15/C15) -> 0 | H15: =IF(D15=0,0,E15/D15) -> 0 | I15: =COUNTIFS(FILE_UPLOADS!$B:$B,$A15) -> 0 | J15: =IF(D15=0,"Chưa nhập dữ liệu",IF(F15=0,"Đủ minh chứng","Thiếu minh chứng "&F15&" tiêu chí")) -> Chưa nhập dữ liệu | K15: =IF(F15=0,"","Xem sheet CANH_BAO_MINH_CHUNG")
A16: DV15 | B16: Ban Quản lý KKTNS và Các KCN | C16: =COUNTIF(DM_TIEU_CHI!$E$2:$E$200,"Có") -> 52 | D16: =SUMPRODUCT((PL4_TONG_HOP!$E$2:$E$5000="Có")*(LEN(PL4_TONG_HOP!$T$2:$T$5000)>0)) -> 0 | E16: =SUMPRODUCT((CANH_BAO_MINH_CHUNG!$A$2:$A$5000=$A16)*(LEN(CANH_BAO_MINH_CHUNG!$F$2:$F$5000)>0)*(CANH_BAO_MINH_CHUNG!$G$2:$G$5000>0)) -> 0 | F16: =SUMPRODUCT((CANH_BAO_MINH_CHUNG!$A$2:$A$5000=$A16)*(LEN(CANH_BAO_MINH_CHUNG!$F$2:$F$5000)>0)*(CANH_BAO_MINH_CHUNG!$G$2:$G$5000=0)) -> 0 | G16: =IF(D16=0,0,D16/C16) -> 0 | H16: =IF(D16=0,0,E16/D16) -> 0 | I16: =COUNTIFS(FILE_UPLOADS!$B:$B,$A16) -> 0 | J16: =IF(D16=0,"Chưa nhập dữ liệu",IF(F16=0,"Đủ minh chứng","Thiếu minh chứng "&F16&" tiêu chí")) -> Chưa nhập dữ liệu | K16: =IF(F16=0,"","Xem sheet CANH_BAO_MINH_CHUNG")
A17: DV16 | B17: Viện quy hoạch kiến trúc Thanh Hóa | C17: =COUNTIF(DM_TIEU_CHI!$E$2:$E$200,"Có") -> 52 | D17: =SUMPRODUCT((PL4_TONG_HOP!$E$2:$E$5000="Có")*(LEN(PL4_TONG_HOP!$U$2:$U$5000)>0)) -> 0 | E17: =SUMPRODUCT((CANH_BAO_MINH_CHUNG!$A$2:$A$5000=$A17)*(LEN(CANH_BAO_MINH_CHUNG!$F$2:$F$5000)>0)*(CANH_BAO_MINH_CHUNG!$G$2:$G$5000>0)) -> 0 | F17: =SUMPRODUCT((CANH_BAO_MINH_CHUNG!$A$2:$A$5000=$A17)*(LEN(CANH_BAO_MINH_CHUNG!$F$2:$F$5000)>0)*(CANH_BAO_MINH_CHUNG!$G$2:$G$5000=0)) -> 0 | G17: =IF(D17=0,0,D17/C17) -> 0 | H17: =IF(D17=0,0,E17/D17) -> 0 | I17: =COUNTIFS(FILE_UPLOADS!$B:$B,$A17) -> 0 | J17: =IF(D17=0,"Chưa nhập dữ liệu",IF(F17=0,"Đủ minh chứng","Thiếu minh chứng "&F17&" tiêu chí")) -> Chưa nhập dữ liệu | K17: =IF(F17=0,"","Xem sheet CANH_BAO_MINH_CHUNG")

Sheet CANH_BAO_MINH_CHUNG
A1: MA_DON_VI | B1: TEN_DON_VI | C1: ROW_ID | D1: MA_TIEU_CHI | E1: TEN_TIEU_CHI | F1: NOI_DUNG_DA_NHAP | G1: SO_FILE_UPLOAD | H1: CANH_BAO
A2: DV01 | B2: Văn phòng UBND tỉnh | C2: R17 | D2: A.1.2 | E2: A.1.2. Ban hành kế hoạch PCTN năm 2025 | F2: {=IFERROR(INDEX(PL4_TONG_HOP!$F$2:$F$5000,MATCH($C2,PL4_TONG_HOP!$A$2:$A$5000,0)),"")} | G2: =COUNTIFS(FILE_UPLOADS!$B:$B,$A2,FILE_UPLOADS!$D:$D,$C2) -> 0 | H2: =IF(LEN(F2)=0,"",IF(G2>0,"Đã có minh chứng","CHƯA CÓ MINH CHỨNG"))
A3: DV01 | B3: Văn phòng UBND tỉnh | C3: R27 | D3: A.2.1.1 | E3: A.2.1.1. Ban hành kế hoạch | F3: {=IFERROR(INDEX(PL4_TONG_HOP!$F$2:$F$5000,MATCH($C3,PL4_TONG_HOP!$A$2:$A$5000,0)),"")} | G3: =COUNTIFS(FILE_UPLOADS!$B:$B,$A3,FILE_UPLOADS!$D:$D,$C3) -> 0 | H3: =IF(LEN(F3)=0,"",IF(G3>0,"Đã có minh chứng","CHƯA CÓ MINH CHỨNG"))
A4: DV01 | B4: Văn phòng UBND tỉnh | C4: R28 | D4: A.2.1.2 | E4: A.2.1.2. Kết quả thực hiện | F4: {=IFERROR(INDEX(PL4_TONG_HOP!$F$2:$F$5000,MATCH($C4,PL4_TONG_HOP!$A$2:$A$5000,0)),"")} | G4: =COUNTIFS(FILE_UPLOADS!$B:$B,$A4,FILE_UPLOADS!$D:$D,$C4) -> 0 | H4: =IF(LEN(F4)=0,"",IF(G4>0,"Đã có minh chứng","CHƯA CÓ MINH CHỨNG"))
A5: DV01 | B5: Văn phòng UBND tỉnh | C5: R30 | D5: A.2.2.1 | E5: A.2.2.1. Ban hành kế hoạch | F5: {=IFERROR(INDEX(PL4_TONG_HOP!$F$2:$F$5000,MATCH($C5,PL4_TONG_HOP!$A$2:$A$5000,0)),"")} | G5: =COUNTIFS(FILE_UPLOADS!$B:$B,$A5,FILE_UPLOADS!$D:$D,$C5) -> 0 | H5: =IF(LEN(F5)=0,"",IF(G5>0,"Đã có minh chứng","CHƯA CÓ MINH CHỨNG"))
A6: DV01 | B6: Văn phòng UBND tỉnh | C6: R31 | D6: A.2.2.2 | E6: A.2.2.2. Kết quả thực hiện | F6: {=IFERROR(INDEX(PL4_TONG_HOP!$F$2:$F$5000,MATCH($C6,PL4_TONG_HOP!$A$2:$A$5000,0)),"")} | G6: =COUNTIFS(FILE_UPLOADS!$B:$B,$A6,FILE_UPLOADS!$D:$D,$C6) -> 0 | H6: =IF(LEN(F6)=0,"",IF(G6>0,"Đã có minh chứng","CHƯA CÓ MINH CHỨNG"))
A7: DV01 | B7: Văn phòng UBND tỉnh | C7: R32 | D7: A.2.3 | E7: A.2.3. Thực hiện việc kiểm tra và theo dõi thi hành văn bản quy phạm pháp luật về PCTN | F7: {=IFERROR(INDEX(PL4_TONG_HOP!$F$2:$F$5000,MATCH($C7,PL4_TONG_HOP!$A$2:$A$5000,0)),"")} | G7: =COUNTIFS(FILE_UPLOADS!$B:$B,$A7,FILE_UPLOADS!$D:$D,$C7) -> 0 | H7: =IF(LEN(F7)=0,"",IF(G7>0,"Đã có minh chứng","CHƯA CÓ MINH CHỨNG"))
A8: DV01 | B8: Văn phòng UBND tỉnh | C8: R33 | D8: A.2.4 | E8: A.2.4. Tiếp công dân theo quy định của Luật tiếp công dân của Chủ tịch UBND cấp tỉnh | F8: {=IFERROR(INDEX(PL4_TONG_HOP!$F$2:$F$5000,MATCH($C8,PL4_TONG_HOP!$A$2:$A$5000,0)),"")} | G8: =COUNTIFS(FILE_UPLOADS!$B:$B,$A8,FILE_UPLOADS!$D:$D,$C8) -> 0 | H8: =IF(LEN(F8)=0,"",IF(G8>0,"Đã có minh chứng","CHƯA CÓ MINH CHỨNG"))
A9: DV01 | B9: Văn phòng UBND tỉnh | C9: R34 | D9: A.2.5 | E9: A.2.5. Tiếp công dân theo quy định của Luật tiếp công dân của Người đứng đầu cơ quan chuyên môn thuộc UBND cấp Tỉnh | F9: {=IFERROR(INDEX(PL4_TONG_HOP!$F$2:$F$5000,MATCH($C9,PL4_TONG_HOP!$A$2:$A$5000,0)),"")} | G9: =COUNTIFS(FILE_UPLOADS!$B:$B,$A9,FILE_UPLOADS!$D:$D,$C9) -> 0 | H9: =IF(LEN(F9)=0,"",IF(G9>0,"Đã có minh chứng","CHƯA CÓ MINH CHỨNG"))
A10: DV01 | B10: Văn phòng UBND tỉnh | C10: R35 | D10: A.2.6 | E10: A.2.6. Việc chỉ đạo của Chủ tịch UBND cấp tỉnh xử lý tố cáo, kiến nghị, phản ánh của công dân về tham nhũng. | F10: {=IFERROR(INDEX(PL4_TONG_HOP!$F$2:$F$5000,MATCH($C10,PL4_TONG_HOP!$A$2:$A$5000,0)),"")} | G10: =COUNTIFS(FILE_UPLOADS!$B:$B,$A10,FILE_UPLOADS!$D:$D,$C10) -> 0 | H10: =IF(LEN(F10)=0,"",IF(G10>0,"Đã có minh chứng","CHƯA CÓ MINH CHỨNG"))
A11: DV01 | B11: Văn phòng UBND tỉnh | C11: R39 | D11: B.1.1.1 | E11: B.1.1.1. Kết quả thực hiện công khai, minh bạch các thủ tục hành chính | F11: {=IFERROR(INDEX(PL4_TONG_HOP!$F$2:$F$5000,MATCH($C11,PL4_TONG_HOP!$A$2:$A$5000,0)),"")} | G11: =COUNTIFS(FILE_UPLOADS!$B:$B,$A11,FILE_UPLOADS!$D:$D,$C11) -> 0 | H11: =IF(LEN(F11)=0,"",IF(G11>0,"Đã có minh chứng","CHƯA CÓ MINH CHỨNG"))
A12: DV01 | B12: Văn phòng UBND tỉnh | C12: R40 | D12: B.1.1.2 | E12: B.1.1.2. Kết quả thực hiện công khai, minh bạch quy tắc ứng xử của người có chức vụ quyền hạn | F12: {=IFERROR(INDEX(PL4_TONG_HOP!$F$2:$F$5000,MATCH($C12,PL4_TONG_HOP!$A$2:$A$5000,0)),"")} | G12: =COUNTIFS(FILE_UPLOADS!$B:$B,$A12,FILE_UPLOADS!$D:$D,$C12) -> 0 | H12: =IF(LEN(F12)=0,"",IF(G12>0,"Đã có minh chứng","CHƯA CÓ MINH CHỨNG"))
A13: DV01 | B13: Văn phòng UBND tỉnh | C13: R41 | D13: B.1.1.3 | E13: B.1.1.3. Kết quả thực hiện công khai, minh bạch tuyển dụng, bổ nhiệm công chức, viên chức | F13: {=IFERROR(INDEX(PL4_TONG_HOP!$F$2:$F$5000,MATCH($C13,PL4_TONG_HOP!$A$2:$A$5000,0)),"")} | G13: =COUNTIFS(FILE_UPLOADS!$B:$B,$A13,FILE_UPLOADS!$D:$D,$C13) -> 0 | H13: =IF(LEN(F13)=0,"",IF(G13>0,"Đã có minh chứng","CHƯA CÓ MINH CHỨNG"))
... A53: DV01 | B53: Văn phòng UBND tỉnh | C53: R106 | D53: ĐT.3 | E53: ĐT.3. Người đứng đầu, cấp phó của người đứng đầu cấp tỉnh bị xử lý do để xảy ra tham nhũng, tiêu cực năm 2025 | F53: {=IFERROR(INDEX(PL4_TONG_HOP!$F$2:$F$5000,MATCH($C53,PL4_TONG_HOP!$A$2:$A$5000,0)),"")} | G53: =COUNTIFS(FILE_UPLOADS!$B:$B,$A53,FILE_UPLOADS!$D:$D,$C53) -> 0 | H53: =IF(LEN(F53)=0,"",IF(G53>0,"Đã có minh chứng","CHƯA CÓ MINH CHỨNG"))
A54: DV02 | B54: Sở Tài chính | C54: R17 | D54: A.1.2 | E54: A.1.2. Ban hành kế hoạch PCTN năm 2025 | F54: {=IFERROR(INDEX(PL4_TONG_HOP!$G$2:$G$5000,MATCH($C54,PL4_TONG_HOP!$A$2:$A$5000,0)),"")} | G54: =COUNTIFS(FILE_UPLOADS!$B:$B,$A54,FILE_UPLOADS!$D:$D,$C54) -> 0 | H54: =IF(LEN(F54)=0,"",IF(G54>0,"Đã có minh chứng","CHƯA CÓ MINH CHỨNG"))
A55: DV02 | B55: Sở Tài chính | C55: R27 | D55: A.2.1.1 | E55: A.2.1.1. Ban hành kế hoạch | F55: {=IFERROR(INDEX(PL4_TONG_HOP!$G$2:$G$5000,MATCH($C55,PL4_TONG_HOP!$A$2:$A$5000,0)),"")} | G55: =COUNTIFS(FILE_UPLOADS!$B:$B,$A55,FILE_UPLOADS!$D:$D,$C55) -> 0 | H55: =IF(LEN(F55)=0,"",IF(G55>0,"Đã có minh chứng","CHƯA CÓ MINH CHỨNG"))
A56: DV02 | B56: Sở Tài chính | C56: R28 | D56: A.2.1.2 | E56: A.2.1.2. Kết quả thực hiện | F56: {=IFERROR(INDEX(PL4_TONG_HOP!$G$2:$G$5000,MATCH($C56,PL4_TONG_HOP!$A$2:$A$5000,0)),"")} | G56: =COUNTIFS(FILE_UPLOADS!$B:$B,$A56,FILE_UPLOADS!$D:$D,$C56) -> 0 | H56: =IF(LEN(F56)=0,"",IF(G56>0,"Đã có minh chứng","CHƯA CÓ MINH CHỨNG"))
A57: DV02 | B57: Sở Tài chính | C57: R30 | D57: A.2.2.1 | E57: A.2.2.1. Ban hành kế hoạch | F57: {=IFERROR(INDEX(PL4_TONG_HOP!$G$2:$G$5000,MATCH($C57,PL4_TONG_HOP!$A$2:$A$5000,0)),"")} | G57: =COUNTIFS(FILE_UPLOADS!$B:$B,$A57,FILE_UPLOADS!$D:$D,$C57) -> 0 | H57: =IF(LEN(F57)=0,"",IF(G57>0,"Đã có minh chứng","CHƯA CÓ MINH CHỨNG"))
A58: DV02 | B58: Sở Tài chính | C58: R31 | D58: A.2.2.2 | E58: A.2.2.2. Kết quả thực hiện | F58: {=IFERROR(INDEX(PL4_TONG_HOP!$G$2:$G$5000,MATCH($C58,PL4_TONG_HOP!$A$2:$A$5000,0)),"")} | G58: =COUNTIFS(FILE_UPLOADS!$B:$B,$A58,FILE_UPLOADS!$D:$D,$C58) -> 0 | H58: =IF(LEN(F58)=0,"",IF(G58>0,"Đã có minh chứng","CHƯA CÓ MINH CHỨNG"))
A59: DV02 | B59: Sở Tài chính | C59: R32 | D59: A.2.3 | E59: A.2.3. Thực hiện việc kiểm tra và theo dõi thi hành văn bản quy phạm pháp luật về PCTN | F59: {=IFERROR(INDEX(PL4_TONG_HOP!$G$2:$G$5000,MATCH($C59,PL4_TONG_HOP!$A$2:$A$5000,0)),"")} | G59: =COUNTIFS(FILE_UPLOADS!$B:$B,$A59,FILE_UPLOADS!$D:$D,$C59) -> 0 | H59: =IF(LEN(F59)=0,"",IF(G59>0,"Đã có minh chứng","CHƯA CÓ MINH CHỨNG"))
A60: DV02 | B60: Sở Tài chính | C60: R33 | D60: A.2.4 | E60: A.2.4. Tiếp công dân theo quy định của Luật tiếp công dân của Chủ tịch UBND cấp tỉnh | F60: {=IFERROR(INDEX(PL4_TONG_HOP!$G$2:$G$5000,MATCH($C60,PL4_TONG_HOP!$A$2:$A$5000,0)),"")} | G60: =COUNTIFS(FILE_UPLOADS!$B:$B,$A60,FILE_UPLOADS!$D:$D,$C60) -> 0 | H60: =IF(LEN(F60)=0,"",IF(G60>0,"Đã có minh chứng","CHƯA CÓ MINH CHỨNG"))
A61: DV02 | B61: Sở Tài chính | C61: R34 | D61: A.2.5 | E61: A.2.5. Tiếp công dân theo quy định của Luật tiếp công dân của Người đứng đầu cơ quan chuyên môn thuộc UBND cấp Tỉnh | F61: {=IFERROR(INDEX(PL4_TONG_HOP!$G$2:$G$5000,MATCH($C61,PL4_TONG_HOP!$A$2:$A$5000,0)),"")} | G61: =COUNTIFS(FILE_UPLOADS!$B:$B,$A61,FILE_UPLOADS!$D:$D,$C61) -> 0 | H61: =IF(LEN(F61)=0,"",IF(G61>0,"Đã có minh chứng","CHƯA CÓ MINH CHỨNG"))
A62: DV02 | B62: Sở Tài chính | C62: R35 | D62: A.2.6 | E62: A.2.6. Việc chỉ đạo của Chủ tịch UBND cấp tỉnh xử lý tố cáo, kiến nghị, phản ánh của công dân về tham nhũng. | F62: {=IFERROR(INDEX(PL4_TONG_HOP!$G$2:$G$5000,MATCH($C62,PL4_TONG_HOP!$A$2:$A$5000,0)),"")} | G62: =COUNTIFS(FILE_UPLOADS!$B:$B,$A62,FILE_UPLOADS!$D:$D,$C62) -> 0 | H62: =IF(LEN(F62)=0,"",IF(G62>0,"Đã có minh chứng","CHƯA CÓ MINH CHỨNG"))
A63: DV02 | B63: Sở Tài chính | C63: R39 | D63: B.1.1.1 | E63: B.1.1.1. Kết quả thực hiện công khai, minh bạch các thủ tục hành chính | F63: {=IFERROR(INDEX(PL4_TONG_HOP!$G$2:$G$5000,MATCH($C63,PL4_TONG_HOP!$A$2:$A$5000,0)),"")} | G63: =COUNTIFS(FILE_UPLOADS!$B:$B,$A63,FILE_UPLOADS!$D:$D,$C63) -> 0 | H63: =IF(LEN(F63)=0,"",IF(G63>0,"Đã có minh chứng","CHƯA CÓ MINH CHỨNG"))
A64: DV02 | B64: Sở Tài chính | C64: R40 | D64: B.1.1.2 | E64: B.1.1.2. Kết quả thực hiện công khai, minh bạch quy tắc ứng xử của người có chức vụ quyền hạn | F64: {=IFERROR(INDEX(PL4_TONG_HOP!$G$2:$G$5000,MATCH($C64,PL4_TONG_HOP!$A$2:$A$5000,0)),"")} | G64: =COUNTIFS(FILE_UPLOADS!$B:$B,$A64,FILE_UPLOADS!$D:$D,$C64) -> 0 | H64: =IF(LEN(F64)=0,"",IF(G64>0,"Đã có minh chứng","CHƯA CÓ MINH CHỨNG"))
A65: DV02 | B65: Sở Tài chính | C65: R41 | D65: B.1.1.3 | E65: B.1.1.3. Kết quả thực hiện công khai, minh bạch tuyển dụng, bổ nhiệm công chức, viên chức | F65: {=IFERROR(INDEX(PL4_TONG_HOP!$G$2:$G$5000,MATCH($C65,PL4_TONG_HOP!$A$2:$A$5000,0)),"")} | G65: =COUNTIFS(FILE_UPLOADS!$B:$B,$A65,FILE_UPLOADS!$D:$D,$C65) -> 0 | H65: =IF(LEN(F65)=0,"",IF(G65>0,"Đã có minh chứng","CHƯA CÓ MINH CHỨNG"))
... A105: DV02 | B105: Sở Tài chính | C105: R106 | D105: ĐT.3 | E105: ĐT.3. Người đứng đầu, cấp phó của người đứng đầu cấp tỉnh bị xử lý do để xảy ra tham nhũng, tiêu cực năm 2025 | F105: {=IFERROR(INDEX(PL4_TONG_HOP!$G$2:$G$5000,MATCH($C105,PL4_TONG_HOP!$A$2:$A$5000,0)),"")} | G105: =COUNTIFS(FILE_UPLOADS!$B:$B,$A105,FILE_UPLOADS!$D:$D,$C105) -> 0 | H105: =IF(LEN(F105)=0,"",IF(G105>0,"Đã có minh chứng","CHƯA CÓ MINH CHỨNG"))
A106: DV03 | B106: Sở Nông nghiệp và Môi trường | C106: R17 | D106: A.1.2 | E106: A.1.2. Ban hành kế hoạch PCTN năm 2025 | F106: {=IFERROR(INDEX(PL4_TONG_HOP!$H$2:$H$5000,MATCH($C106,PL4_TONG_HOP!$A$2:$A$5000,0)),"")} | G106: =COUNTIFS(FILE_UPLOADS!$B:$B,$A106,FILE_UPLOADS!$D:$D,$C106) -> 0 | H106: =IF(LEN(F106)=0,"",IF(G106>0,"Đã có minh chứng","CHƯA CÓ MINH CHỨNG"))
A107: DV03 | B107: Sở Nông nghiệp và Môi trường | C107: R27 | D107: A.2.1.1 | E107: A.2.1.1. Ban hành kế hoạch | F107: {=IFERROR(INDEX(PL4_TONG_HOP!$H$2:$H$5000,MATCH($C107,PL4_TONG_HOP!$A$2:$A$5000,0)),"")} | G107: =COUNTIFS(FILE_UPLOADS!$B:$B,$A107,FILE_UPLOADS!$D:$D,$C107) -> 0 | H107: =IF(LEN(F107)=0,"",IF(G107>0,"Đã có minh chứng","CHƯA CÓ MINH CHỨNG"))
A108: DV03 | B108: Sở Nông nghiệp và Môi trường | C108: R28 | D108: A.2.1.2 | E108: A.2.1.2. Kết quả thực hiện | F108: {=IFERROR(INDEX(PL4_TONG_HOP!$H$2:$H$5000,MATCH($C108,PL4_TONG_HOP!$A$2:$A$5000,0)),"")} | G108: =COUNTIFS(FILE_UPLOADS!$B:$B,$A108,FILE_UPLOADS!$D:$D,$C108) -> 0 | H108: =IF(LEN(F108)=0,"",IF(G108>0,"Đã có minh chứng","CHƯA CÓ MINH CHỨNG"))
A109: DV03 | B109: Sở Nông nghiệp và Môi trường | C109: R30 | D109: A.2.2.1 | E109: A.2.2.1. Ban hành kế hoạch | F109: {=IFERROR(INDEX(PL4_TONG_HOP!$H$2:$H$5000,MATCH($C109,PL4_TONG_HOP!$A$2:$A$5000,0)),"")} | G109: =COUNTIFS(FILE_UPLOADS!$B:$B,$A109,FILE_UPLOADS!$D:$D,$C109) -> 0 | H109: =IF(LEN(F109)=0,"",IF(G109>0,"Đã có minh chứng","CHƯA CÓ MINH CHỨNG"))
A110: DV03 | B110: Sở Nông nghiệp và Môi trường | C110: R31 | D110: A.2.2.2 | E110: A.2.2.2. Kết quả thực hiện | F110: {=IFERROR(INDEX(PL4_TONG_HOP!$H$2:$H$5000,MATCH($C110,PL4_TONG_HOP!$A$2:$A$5000,0)),"")} | G110: =COUNTIFS(FILE_UPLOADS!$B:$B,$A110,FILE_UPLOADS!$D:$D,$C110) -> 0 | H110: =IF(LEN(F110)=0,"",IF(G110>0,"Đã có minh chứng","CHƯA CÓ MINH CHỨNG"))
A111: DV03 | B111: Sở Nông nghiệp và Môi trường | C111: R32 | D111: A.2.3 | E111: A.2.3. Thực hiện việc kiểm tra và theo dõi thi hành văn bản quy phạm pháp luật về PCTN | F111: {=IFERROR(INDEX(PL4_TONG_HOP!$H$2:$H$5000,MATCH($C111,PL4_TONG_HOP!$A$2:$A$5000,0)),"")} | G111: =COUNTIFS(FILE_UPLOADS!$B:$B,$A111,FILE_UPLOADS!$D:$D,$C111) -> 0 | H111: =IF(LEN(F111)=0,"",IF(G111>0,"Đã có minh chứng","CHƯA CÓ MINH CHỨNG"))
A112: DV03 | B112: Sở Nông nghiệp và Môi trường | C112: R33 | D112: A.2.4 | E112: A.2.4. Tiếp công dân theo quy định của Luật tiếp công dân của Chủ tịch UBND cấp tỉnh | F112: {=IFERROR(INDEX(PL4_TONG_HOP!$H$2:$H$5000,MATCH($C112,PL4_TONG_HOP!$A$2:$A$5000,0)),"")} | G112: =COUNTIFS(FILE_UPLOADS!$B:$B,$A112,FILE_UPLOADS!$D:$D,$C112) -> 0 | H112: =IF(LEN(F112)=0,"",IF(G112>0,"Đã có minh chứng","CHƯA CÓ MINH CHỨNG"))
A113: DV03 | B113: Sở Nông nghiệp và Môi trường | C113: R34 | D113: A.2.5 | E113: A.2.5. Tiếp công dân theo quy định của Luật tiếp công dân của Người đứng đầu cơ quan chuyên môn thuộc UBND cấp Tỉnh | F113: {=IFERROR(INDEX(PL4_TONG_HOP!$H$2:$H$5000,MATCH($C113,PL4_TONG_HOP!$A$2:$A$5000,0)),"")} | G113: =COUNTIFS(FILE_UPLOADS!$B:$B,$A113,FILE_UPLOADS!$D:$D,$C113) -> 0 | H113: =IF(LEN(F113)=0,"",IF(G113>0,"Đã có minh chứng","CHƯA CÓ MINH CHỨNG"))
A114: DV03 | B114: Sở Nông nghiệp và Môi trường | C114: R35 | D114: A.2.6 | E114: A.2.6. Việc chỉ đạo của Chủ tịch UBND cấp tỉnh xử lý tố cáo, kiến nghị, phản ánh của công dân về tham nhũng. | F114: {=IFERROR(INDEX(PL4_TONG_HOP!$H$2:$H$5000,MATCH($C114,PL4_TONG_HOP!$A$2:$A$5000,0)),"")} | G114: =COUNTIFS(FILE_UPLOADS!$B:$B,$A114,FILE_UPLOADS!$D:$D,$C114) -> 0 | H114: =IF(LEN(F114)=0,"",IF(G114>0,"Đã có minh chứng","CHƯA CÓ MINH CHỨNG"))
A115: DV03 | B115: Sở Nông nghiệp và Môi trường | C115: R39 | D115: B.1.1.1 | E115: B.1.1.1. Kết quả thực hiện công khai, minh bạch các thủ tục hành chính | F115: {=IFERROR(INDEX(PL4_TONG_HOP!$H$2:$H$5000,MATCH($C115,PL4_TONG_HOP!$A$2:$A$5000,0)),"")} | G115: =COUNTIFS(FILE_UPLOADS!$B:$B,$A115,FILE_UPLOADS!$D:$D,$C115) -> 0 | H115: =IF(LEN(F115)=0,"",IF(G115>0,"Đã có minh chứng","CHƯA CÓ MINH CHỨNG"))
A116: DV03 | B116: Sở Nông nghiệp và Môi trường | C116: R40 | D116: B.1.1.2 | E116: B.1.1.2. Kết quả thực hiện công khai, minh bạch quy tắc ứng xử của người có chức vụ quyền hạn | F116: {=IFERROR(INDEX(PL4_TONG_HOP!$H$2:$H$5000,MATCH($C116,PL4_TONG_HOP!$A$2:$A$5000,0)),"")} | G116: =COUNTIFS(FILE_UPLOADS!$B:$B,$A116,FILE_UPLOADS!$D:$D,$C116) -> 0 | H116: =IF(LEN(F116)=0,"",IF(G116>0,"Đã có minh chứng","CHƯA CÓ MINH CHỨNG"))
A117: DV03 | B117: Sở Nông nghiệp và Môi trường | C117: R41 | D117: B.1.1.3 | E117: B.1.1.3. Kết quả thực hiện công khai, minh bạch tuyển dụng, bổ nhiệm công chức, viên chức | F117: {=IFERROR(INDEX(PL4_TONG_HOP!$H$2:$H$5000,MATCH($C117,PL4_TONG_HOP!$A$2:$A$5000,0)),"")} | G117: =COUNTIFS(FILE_UPLOADS!$B:$B,$A117,FILE_UPLOADS!$D:$D,$C117) -> 0 | H117: =IF(LEN(F117)=0,"",IF(G117>0,"Đã có minh chứng","CHƯA CÓ MINH CHỨNG"))
... A157: DV03 | B157: Sở Nông nghiệp và Môi trường | C157: R106 | D157: ĐT.3 | E157: ĐT.3. Người đứng đầu, cấp phó của người đứng đầu cấp tỉnh bị xử lý do để xảy ra tham nhũng, tiêu cực năm 2025 | F157: {=IFERROR(INDEX(PL4_TONG_HOP!$H$2:$H$5000,MATCH($C157,PL4_TONG_HOP!$A$2:$A$5000,0)),"")} | G157: =COUNTIFS(FILE_UPLOADS!$B:$B,$A157,FILE_UPLOADS!$D:$D,$C157) -> 0 | H157: =IF(LEN(F157)=0,"",IF(G157>0,"Đã có minh chứng","CHƯA CÓ MINH CHỨNG"))
A158: DV04 | B158: Sở Xây dựng | C158: R17 | D158: A.1.2 | E158: A.1.2. Ban hành kế hoạch PCTN năm 2025 | F158: {=IFERROR(INDEX(PL4_TONG_HOP!$I$2:$I$5000,MATCH($C158,PL4_TONG_HOP!$A$2:$A$5000,0)),"")} | G158: =COUNTIFS(FILE_UPLOADS!$B:$B,$A158,FILE_UPLOADS!$D:$D,$C158) -> 0 | H158: =IF(LEN(F158)=0,"",IF(G158>0,"Đã có minh chứng","CHƯA CÓ MINH CHỨNG"))
A159: DV04 | B159: Sở Xây dựng | C159: R27 | D159: A.2.1.1 | E159: A.2.1.1. Ban hành kế hoạch | F159: {=IFERROR(INDEX(PL4_TONG_HOP!$I$2:$I$5000,MATCH($C159,PL4_TONG_HOP!$A$2:$A$5000,0)),"")} | G159: =COUNTIFS(FILE_UPLOADS!$B:$B,$A159,FILE_UPLOADS!$D:$D,$C159) -> 0 | H159: =IF(LEN(F159)=0,"",IF(G159>0,"Đã có minh chứng","CHƯA CÓ MINH CHỨNG"))
A160: DV04 | B160: Sở Xây dựng | C160: R28 | D160: A.2.1.2 | E160: A.2.1.2. Kết quả thực hiện | F160: {=IFERROR(INDEX(PL4_TONG_HOP!$I$2:$I$5000,MATCH($C160,PL4_TONG_HOP!$A$2:$A$5000,0)),"")} | G160: =COUNTIFS(FILE_UPLOADS!$B:$B,$A160,FILE_UPLOADS!$D:$D,$C160) -> 0 | H160: =IF(LEN(F160)=0,"",IF(G160>0,"Đã có minh chứng","CHƯA CÓ MINH CHỨNG"))
A161: DV04 | B161: Sở Xây dựng | C161: R30 | D161: A.2.2.1 | E161: A.2.2.1. Ban hành kế hoạch | F161: {=IFERROR(INDEX(PL4_TONG_HOP!$I$2:$I$5000,MATCH($C161,PL4_TONG_HOP!$A$2:$A$5000,0)),"")} | G161: =COUNTIFS(FILE_UPLOADS!$B:$B,$A161,FILE_UPLOADS!$D:$D,$C161) -> 0 | H161: =IF(LEN(F161)=0,"",IF(G161>0,"Đã có minh chứng","CHƯA CÓ MINH CHỨNG"))
A162: DV04 | B162: Sở Xây dựng | C162: R31 | D162: A.2.2.2 | E162: A.2.2.2. Kết quả thực hiện | F162: {=IFERROR(INDEX(PL4_TONG_HOP!$I$2:$I$5000,MATCH($C162,PL4_TONG_HOP!$A$2:$A$5000,0)),"")} | G162: =COUNTIFS(FILE_UPLOADS!$B:$B,$A162,FILE_UPLOADS!$D:$D,$C162) -> 0 | H162: =IF(LEN(F162)=0,"",IF(G162>0,"Đã có minh chứng","CHƯA CÓ MINH CHỨNG"))
A163: DV04 | B163: Sở Xây dựng | C163: R32 | D163: A.2.3 | E163: A.2.3. Thực hiện việc kiểm tra và theo dõi thi hành văn bản quy phạm pháp luật về PCTN | F163: {=IFERROR(INDEX(PL4_TONG_HOP!$I$2:$I$5000,MATCH($C163,PL4_TONG_HOP!$A$2:$A$5000,0)),"")} | G163: =COUNTIFS(FILE_UPLOADS!$B:$B,$A163,FILE_UPLOADS!$D:$D,$C163) -> 0 | H163: =IF(LEN(F163)=0,"",IF(G163>0,"Đã có minh chứng","CHƯA CÓ MINH CHỨNG"))
A164: DV04 | B164: Sở Xây dựng | C164: R33 | D164: A.2.4 | E164: A.2.4. Tiếp công dân theo quy định của Luật tiếp công dân của Chủ tịch UBND cấp tỉnh | F164: {=IFERROR(INDEX(PL4_TONG_HOP!$I$2:$I$5000,MATCH($C164,PL4_TONG_HOP!$A$2:$A$5000,0)),"")} | G164: =COUNTIFS(FILE_UPLOADS!$B:$B,$A164,FILE_UPLOADS!$D:$D,$C164) -> 0 | H164: =IF(LEN(F164)=0,"",IF(G164>0,"Đã có minh chứng","CHƯA CÓ MINH CHỨNG"))
A165: DV04 | B165: Sở Xây dựng | C165: R34 | D165: A.2.5 | E165: A.2.5. Tiếp công dân theo quy định của Luật tiếp công dân của Người đứng đầu cơ quan chuyên môn thuộc UBND cấp Tỉnh | F165: {=IFERROR(INDEX(PL4_TONG_HOP!$I$2:$I$5000,MATCH($C165,PL4_TONG_HOP!$A$2:$A$5000,0)),"")} | G165: =COUNTIFS(FILE_UPLOADS!$B:$B,$A165,FILE_UPLOADS!$D:$D,$C165) -> 0 | H165: =IF(LEN(F165)=0,"",IF(G165>0,"Đã có minh chứng","CHƯA CÓ MINH CHỨNG"))
A166: DV04 | B166: Sở Xây dựng | C166: R35 | D166: A.2.6 | E166: A.2.6. Việc chỉ đạo của Chủ tịch UBND cấp tỉnh xử lý tố cáo, kiến nghị, phản ánh của công dân về tham nhũng. | F166: {=IFERROR(INDEX(PL4_TONG_HOP!$I$2:$I$5000,MATCH($C166,PL4_TONG_HOP!$A$2:$A$5000,0)),"")} | G166: =COUNTIFS(FILE_UPLOADS!$B:$B,$A166,FILE_UPLOADS!$D:$D,$C166) -> 0 | H166: =IF(LEN(F166)=0,"",IF(G166>0,"Đã có minh chứng","CHƯA CÓ MINH CHỨNG"))
A167: DV04 | B167: Sở Xây dựng | C167: R39 | D167: B.1.1.1 | E167: B.1.1.1. Kết quả thực hiện công khai, minh bạch các thủ tục hành chính | F167: {=IFERROR(INDEX(PL4_TONG_HOP!$I$2:$I$5000,MATCH($C167,PL4_TONG_HOP!$A$2:$A$5000,0)),"")} | G167: =COUNTIFS(FILE_UPLOADS!$B:$B,$A167,FILE_UPLOADS!$D:$D,$C167) -> 0 | H167: =IF(LEN(F167)=0,"",IF(G167>0,"Đã có minh chứng","CHƯA CÓ MINH CHỨNG"))
A168: DV04 | B168: Sở Xây dựng | C168: R40 | D168: B.1.1.2 | E168: B.1.1.2. Kết quả thực hiện công khai, minh bạch quy tắc ứng xử của người có chức vụ quyền hạn | F168: {=IFERROR(INDEX(PL4_TONG_HOP!$I$2:$I$5000,MATCH($C168,PL4_TONG_HOP!$A$2:$A$5000,0)),"")} | G168: =COUNTIFS(FILE_UPLOADS!$B:$B,$A168,FILE_UPLOADS!$D:$D,$C168) -> 0 | H168: =IF(LEN(F168)=0,"",IF(G168>0,"Đã có minh chứng","CHƯA CÓ MINH CHỨNG"))
A169: DV04 | B169: Sở Xây dựng | C169: R41 | D169: B.1.1.3 | E169: B.1.1.3. Kết quả thực hiện công khai, minh bạch tuyển dụng, bổ nhiệm công chức, viên chức | F169: {=IFERROR(INDEX(PL4_TONG_HOP!$I$2:$I$5000,MATCH($C169,PL4_TONG_HOP!$A$2:$A$5000,0)),"")} | G169: =COUNTIFS(FILE_UPLOADS!$B:$B,$A169,FILE_UPLOADS!$D:$D,$C169) -> 0 | H169: =IF(LEN(F169)=0,"",IF(G169>0,"Đã có minh chứng","CHƯA CÓ MINH CHỨNG"))
... A209: DV04 | B209: Sở Xây dựng | C209: R106 | D209: ĐT.3 | E209: ĐT.3. Người đứng đầu, cấp phó của người đứng đầu cấp tỉnh bị xử lý do để xảy ra tham nhũng, tiêu cực năm 2025 | F209: {=IFERROR(INDEX(PL4_TONG_HOP!$I$2:$I$5000,MATCH($C209,PL4_TONG_HOP!$A$2:$A$5000,0)),"")} | G209: =COUNTIFS(FILE_UPLOADS!$B:$B,$A209,FILE_UPLOADS!$D:$D,$C209) -> 0 | H209: =IF(LEN(F209)=0,"",IF(G209>0,"Đã có minh chứng","CHƯA CÓ MINH CHỨNG"))
A210: DV05 | B210: Sở Tư pháp | C210: R17 | D210: A.1.2 | E210: A.1.2. Ban hành kế hoạch PCTN năm 2025 | F210: {=IFERROR(INDEX(PL4_TONG_HOP!$J$2:$J$5000,MATCH($C210,PL4_TONG_HOP!$A$2:$A$5000,0)),"")} | G210: =COUNTIFS(FILE_UPLOADS!$B:$B,$A210,FILE_UPLOADS!$D:$D,$C210) -> 0 | H210: =IF(LEN(F210)=0,"",IF(G210>0,"Đã có minh chứng","CHƯA CÓ MINH CHỨNG"))
A211: DV05 | B211: Sở Tư pháp | C211: R27 | D211: A.2.1.1 | E211: A.2.1.1. Ban hành kế hoạch | F211: {=IFERROR(INDEX(PL4_TONG_HOP!$J$2:$J$5000,MATCH($C211,PL4_TONG_HOP!$A$2:$A$5000,0)),"")} | G211: =COUNTIFS(FILE_UPLOADS!$B:$B,$A211,FILE_UPLOADS!$D:$D,$C211) -> 0 | H211: =IF(LEN(F211)=0,"",IF(G211>0,"Đã có minh chứng","CHƯA CÓ MINH CHỨNG"))
A212: DV05 | B212: Sở Tư pháp | C212: R28 | D212: A.2.1.2 | E212: A.2.1.2. Kết quả thực hiện | F212: {=IFERROR(INDEX(PL4_TONG_HOP!$J$2:$J$5000,MATCH($C212,PL4_TONG_HOP!$A$2:$A$5000,0)),"")} | G212: =COUNTIFS(FILE_UPLOADS!$B:$B,$A212,FILE_UPLOADS!$D:$D,$C212) -> 0 | H212: =IF(LEN(F212)=0,"",IF(G212>0,"Đã có minh chứng","CHƯA CÓ MINH CHỨNG"))
A213: DV05 | B213: Sở Tư pháp | C213: R30 | D213: A.2.2.1 | E213: A.2.2.1. Ban hành kế hoạch | F213: {=IFERROR(INDEX(PL4_TONG_HOP!$J$2:$J$5000,MATCH($C213,PL4_TONG_HOP!$A$2:$A$5000,0)),"")} | G213: =COUNTIFS(FILE_UPLOADS!$B:$B,$A213,FILE_UPLOADS!$D:$D,$C213) -> 0 | H213: =IF(LEN(F213)=0,"",IF(G213>0,"Đã có minh chứng","CHƯA CÓ MINH CHỨNG"))
A214: DV05 | B214: Sở Tư pháp | C214: R31 | D214: A.2.2.2 | E214: A.2.2.2. Kết quả thực hiện | F214: {=IFERROR(INDEX(PL4_TONG_HOP!$J$2:$J$5000,MATCH($C214,PL4_TONG_HOP!$A$2:$A$5000,0)),"")} | G214: =COUNTIFS(FILE_UPLOADS!$B:$B,$A214,FILE_UPLOADS!$D:$D,$C214) -> 0 | H214: =IF(LEN(F214)=0,"",IF(G214>0,"Đã có minh chứng","CHƯA CÓ MINH CHỨNG"))
A215: DV05 | B215: Sở Tư pháp | C215: R32 | D215: A.2.3 | E215: A.2.3. Thực hiện việc kiểm tra và theo dõi thi hành văn bản quy phạm pháp luật về PCTN | F215: {=IFERROR(INDEX(PL4_TONG_HOP!$J$2:$J$5000,MATCH($C215,PL4_TONG_HOP!$A$2:$A$5000,0)),"")} | G215: =COUNTIFS(FILE_UPLOADS!$B:$B,$A215,FILE_UPLOADS!$D:$D,$C215) -> 0 | H215: =IF(LEN(F215)=0,"",IF(G215>0,"Đã có minh chứng","CHƯA CÓ MINH CHỨNG"))
A216: DV05 | B216: Sở Tư pháp | C216: R33 | D216: A.2.4 | E216: A.2.4. Tiếp công dân theo quy định của Luật tiếp công dân của Chủ tịch UBND cấp tỉnh | F216: {=IFERROR(INDEX(PL4_TONG_HOP!$J$2:$J$5000,MATCH($C216,PL4_TONG_HOP!$A$2:$A$5000,0)),"")} | G216: =COUNTIFS(FILE_UPLOADS!$B:$B,$A216,FILE_UPLOADS!$D:$D,$C216) -> 0 | H216: =IF(LEN(F216)=0,"",IF(G216>0,"Đã có minh chứng","CHƯA CÓ MINH CHỨNG"))
A217: DV05 | B217: Sở Tư pháp | C217: R34 | D217: A.2.5 | E217: A.2.5. Tiếp công dân theo quy định của Luật tiếp công dân của Người đứng đầu cơ quan chuyên môn thuộc UBND cấp Tỉnh | F217: {=IFERROR(INDEX(PL4_TONG_HOP!$J$2:$J$5000,MATCH($C217,PL4_TONG_HOP!$A$2:$A$5000,0)),"")} | G217: =COUNTIFS(FILE_UPLOADS!$B:$B,$A217,FILE_UPLOADS!$D:$D,$C217) -> 0 | H217: =IF(LEN(F217)=0,"",IF(G217>0,"Đã có minh chứng","CHƯA CÓ MINH CHỨNG"))
A218: DV05 | B218: Sở Tư pháp | C218: R35 | D218: A.2.6 | E218: A.2.6. Việc chỉ đạo của Chủ tịch UBND cấp tỉnh xử lý tố cáo, kiến nghị, phản ánh của công dân về tham nhũng. | F218: {=IFERROR(INDEX(PL4_TONG_HOP!$J$2:$J$5000,MATCH($C218,PL4_TONG_HOP!$A$2:$A$5000,0)),"")} | G218: =COUNTIFS(FILE_UPLOADS!$B:$B,$A218,FILE_UPLOADS!$D:$D,$C218) -> 0 | H218: =IF(LEN(F218)=0,"",IF(G218>0,"Đã có minh chứng","CHƯA CÓ MINH CHỨNG"))
A219: DV05 | B219: Sở Tư pháp | C219: R39 | D219: B.1.1.1 | E219: B.1.1.1. Kết quả thực hiện công khai, minh bạch các thủ tục hành chính | F219: {=IFERROR(INDEX(PL4_TONG_HOP!$J$2:$J$5000,MATCH($C219,PL4_TONG_HOP!$A$2:$A$5000,0)),"")} | G219: =COUNTIFS(FILE_UPLOADS!$B:$B,$A219,FILE_UPLOADS!$D:$D,$C219) -> 0 | H219: =IF(LEN(F219)=0,"",IF(G219>0,"Đã có minh chứng","CHƯA CÓ MINH CHỨNG"))
A220: DV05 | B220: Sở Tư pháp | C220: R40 | D220: B.1.1.2 | E220: B.1.1.2. Kết quả thực hiện công khai, minh bạch quy tắc ứng xử của người có chức vụ quyền hạn | F220: {=IFERROR(INDEX(PL4_TONG_HOP!$J$2:$J$5000,MATCH($C220,PL4_TONG_HOP!$A$2:$A$5000,0)),"")} | G220: =COUNTIFS(FILE_UPLOADS!$B:$B,$A220,FILE_UPLOADS!$D:$D,$C220) -> 0 | H220: =IF(LEN(F220)=0,"",IF(G220>0,"Đã có minh chứng","CHƯA CÓ MINH CHỨNG"))
A221: DV05 | B221: Sở Tư pháp | C221: R41 | D221: B.1.1.3 | E221: B.1.1.3. Kết quả thực hiện công khai, minh bạch tuyển dụng, bổ nhiệm công chức, viên chức | F221: {=IFERROR(INDEX(PL4_TONG_HOP!$J$2:$J$5000,MATCH($C221,PL4_TONG_HOP!$A$2:$A$5000,0)),"")} | G221: =COUNTIFS(FILE_UPLOADS!$B:$B,$A221,FILE_UPLOADS!$D:$D,$C221) -> 0 | H221: =IF(LEN(F221)=0,"",IF(G221>0,"Đã có minh chứng","CHƯA CÓ MINH CHỨNG"))
... A261: DV05 | B261: Sở Tư pháp | C261: R106 | D261: ĐT.3 | E261: ĐT.3. Người đứng đầu, cấp phó của người đứng đầu cấp tỉnh bị xử lý do để xảy ra tham nhũng, tiêu cực năm 2025 | F261: {=IFERROR(INDEX(PL4_TONG_HOP!$J$2:$J$5000,MATCH($C261,PL4_TONG_HOP!$A$2:$A$5000,0)),"")} | G261: =COUNTIFS(FILE_UPLOADS!$B:$B,$A261,FILE_UPLOADS!$D:$D,$C261) -> 0 | H261: =IF(LEN(F261)=0,"",IF(G261>0,"Đã có minh chứng","CHƯA CÓ MINH CHỨNG"))
A262: DV06 | B262: Sở Công thương | C262: R17 | D262: A.1.2 | E262: A.1.2. Ban hành kế hoạch PCTN năm 2025 | F262: {=IFERROR(INDEX(PL4_TONG_HOP!$K$2:$K$5000,MATCH($C262,PL4_TONG_HOP!$A$2:$A$5000,0)),"")} | G262: =COUNTIFS(FILE_UPLOADS!$B:$B,$A262,FILE_UPLOADS!$D:$D,$C262) -> 0 | H262: =IF(LEN(F262)=0,"",IF(G262>0,"Đã có minh chứng","CHƯA CÓ MINH CHỨNG"))
A263: DV06 | B263: Sở Công thương | C263: R27 | D263: A.2.1.1 | E263: A.2.1.1. Ban hành kế hoạch | F263: {=IFERROR(INDEX(PL4_TONG_HOP!$K$2:$K$5000,MATCH($C263,PL4_TONG_HOP!$A$2:$A$5000,0)),"")} | G263: =COUNTIFS(FILE_UPLOADS!$B:$B,$A263,FILE_UPLOADS!$D:$D,$C263) -> 0 | H263: =IF(LEN(F263)=0,"",IF(G263>0,"Đã có minh chứng","CHƯA CÓ MINH CHỨNG"))
A264: DV06 | B264: Sở Công thương | C264: R28 | D264: A.2.1.2 | E264: A.2.1.2. Kết quả thực hiện | F264: {=IFERROR(INDEX(PL4_TONG_HOP!$K$2:$K$5000,MATCH($C264,PL4_TONG_HOP!$A$2:$A$5000,0)),"")} | G264: =COUNTIFS(FILE_UPLOADS!$B:$B,$A264,FILE_UPLOADS!$D:$D,$C264) -> 0 | H264: =IF(LEN(F264)=0,"",IF(G264>0,"Đã có minh chứng","CHƯA CÓ MINH CHỨNG"))
A265: DV06 | B265: Sở Công thương | C265: R30 | D265: A.2.2.1 | E265: A.2.2.1. Ban hành kế hoạch | F265: {=IFERROR(INDEX(PL4_TONG_HOP!$K$2:$K$5000,MATCH($C265,PL4_TONG_HOP!$A$2:$A$5000,0)),"")} | G265: =COUNTIFS(FILE_UPLOADS!$B:$B,$A265,FILE_UPLOADS!$D:$D,$C265) -> 0 | H265: =IF(LEN(F265)=0,"",IF(G265>0,"Đã có minh chứng","CHƯA CÓ MINH CHỨNG"))
A266: DV06 | B266: Sở Công thương | C266: R31 | D266: A.2.2.2 | E266: A.2.2.2. Kết quả thực hiện | F266: {=IFERROR(INDEX(PL4_TONG_HOP!$K$2:$K$5000,MATCH($C266,PL4_TONG_HOP!$A$2:$A$5000,0)),"")} | G266: =COUNTIFS(FILE_UPLOADS!$B:$B,$A266,FILE_UPLOADS!$D:$D,$C266) -> 0 | H266: =IF(LEN(F266)=0,"",IF(G266>0,"Đã có minh chứng","CHƯA CÓ MINH CHỨNG"))
A267: DV06 | B267: Sở Công thương | C267: R32 | D267: A.2.3 | E267: A.2.3. Thực hiện việc kiểm tra và theo dõi thi hành văn bản quy phạm pháp luật về PCTN | F267: {=IFERROR(INDEX(PL4_TONG_HOP!$K$2:$K$5000,MATCH($C267,PL4_TONG_HOP!$A$2:$A$5000,0)),"")} | G267: =COUNTIFS(FILE_UPLOADS!$B:$B,$A267,FILE_UPLOADS!$D:$D,$C267) -> 0 | H267: =IF(LEN(F267)=0,"",IF(G267>0,"Đã có minh chứng","CHƯA CÓ MINH CHỨNG"))
A268: DV06 | B268: Sở Công thương | C268: R33 | D268: A.2.4 | E268: A.2.4. Tiếp công dân theo quy định của Luật tiếp công dân của Chủ tịch UBND cấp tỉnh | F268: {=IFERROR(INDEX(PL4_TONG_HOP!$K$2:$K$5000,MATCH($C268,PL4_TONG_HOP!$A$2:$A$5000,0)),"")} | G268: =COUNTIFS(FILE_UPLOADS!$B:$B,$A268,FILE_UPLOADS!$D:$D,$C268) -> 0 | H268: =IF(LEN(F268)=0,"",IF(G268>0,"Đã có minh chứng","CHƯA CÓ MINH CHỨNG"))
A269: DV06 | B269: Sở Công thương | C269: R34 | D269: A.2.5 | E269: A.2.5. Tiếp công dân theo quy định của Luật tiếp công dân của Người đứng đầu cơ quan chuyên môn thuộc UBND cấp Tỉnh | F269: {=IFERROR(INDEX(PL4_TONG_HOP!$K$2:$K$5000,MATCH($C269,PL4_TONG_HOP!$A$2:$A$5000,0)),"")} | G269: =COUNTIFS(FILE_UPLOADS!$B:$B,$A269,FILE_UPLOADS!$D:$D,$C269) -> 0 | H269: =IF(LEN(F269)=0,"",IF(G269>0,"Đã có minh chứng","CHƯA CÓ MINH CHỨNG"))
A270: DV06 | B270: Sở Công thương | C270: R35 | D270: A.2.6 | E270: A.2.6. Việc chỉ đạo của Chủ tịch UBND cấp tỉnh xử lý tố cáo, kiến nghị, phản ánh của công dân về tham nhũng. | F270: {=IFERROR(INDEX(PL4_TONG_HOP!$K$2:$K$5000,MATCH($C270,PL4_TONG_HOP!$A$2:$A$5000,0)),"")} | G270: =COUNTIFS(FILE_UPLOADS!$B:$B,$A270,FILE_UPLOADS!$D:$D,$C270) -> 0 | H270: =IF(LEN(F270)=0,"",IF(G270>0,"Đã có minh chứng","CHƯA CÓ MINH CHỨNG"))
A271: DV06 | B271: Sở Công thương | C271: R39 | D271: B.1.1.1 | E271: B.1.1.1. Kết quả thực hiện công khai, minh bạch các thủ tục hành chính | F271: {=IFERROR(INDEX(PL4_TONG_HOP!$K$2:$K$5000,MATCH($C271,PL4_TONG_HOP!$A$2:$A$5000,0)),"")} | G271: =COUNTIFS(FILE_UPLOADS!$B:$B,$A271,FILE_UPLOADS!$D:$D,$C271) -> 0 | H271: =IF(LEN(F271)=0,"",IF(G271>0,"Đã có minh chứng","CHƯA CÓ MINH CHỨNG"))
A272: DV06 | B272: Sở Công thương | C272: R40 | D272: B.1.1.2 | E272: B.1.1.2. Kết quả thực hiện công khai, minh bạch quy tắc ứng xử của người có chức vụ quyền hạn | F272: {=IFERROR(INDEX(PL4_TONG_HOP!$K$2:$K$5000,MATCH($C272,PL4_TONG_HOP!$A$2:$A$5000,0)),"")} | G272: =COUNTIFS(FILE_UPLOADS!$B:$B,$A272,FILE_UPLOADS!$D:$D,$C272) -> 0 | H272: =IF(LEN(F272)=0,"",IF(G272>0,"Đã có minh chứng","CHƯA CÓ MINH CHỨNG"))
A273: DV06 | B273: Sở Công thương | C273: R41 | D273: B.1.1.3 | E273: B.1.1.3. Kết quả thực hiện công khai, minh bạch tuyển dụng, bổ nhiệm công chức, viên chức | F273: {=IFERROR(INDEX(PL4_TONG_HOP!$K$2:$K$5000,MATCH($C273,PL4_TONG_HOP!$A$2:$A$5000,0)),"")} | G273: =COUNTIFS(FILE_UPLOADS!$B:$B,$A273,FILE_UPLOADS!$D:$D,$C273) -> 0 | H273: =IF(LEN(F273)=0,"",IF(G273>0,"Đã có minh chứng","CHƯA CÓ MINH CHỨNG"))
... A313: DV06 | B313: Sở Công thương | C313: R106 | D313: ĐT.3 | E313: ĐT.3. Người đứng đầu, cấp phó của người đứng đầu cấp tỉnh bị xử lý do để xảy ra tham nhũng, tiêu cực năm 2025 | F313: {=IFERROR(INDEX(PL4_TONG_HOP!$K$2:$K$5000,MATCH($C313,PL4_TONG_HOP!$A$2:$A$5000,0)),"")} | G313: =COUNTIFS(FILE_UPLOADS!$B:$B,$A313,FILE_UPLOADS!$D:$D,$C313) -> 0 | H313: =IF(LEN(F313)=0,"",IF(G313>0,"Đã có minh chứng","CHƯA CÓ MINH CHỨNG"))
A314: DV07 | B314: Sở Văn hóa thể thao và Du lịch | C314: R17 | D314: A.1.2 | E314: A.1.2. Ban hành kế hoạch PCTN năm 2025 | F314: {=IFERROR(INDEX(PL4_TONG_HOP!$L$2:$L$5000,MATCH($C314,PL4_TONG_HOP!$A$2:$A$5000,0)),"")} | G314: =COUNTIFS(FILE_UPLOADS!$B:$B,$A314,FILE_UPLOADS!$D:$D,$C314) -> 0 | H314: =IF(LEN(F314)=0,"",IF(G314>0,"Đã có minh chứng","CHƯA CÓ MINH CHỨNG"))
A315: DV07 | B315: Sở Văn hóa thể thao và Du lịch | C315: R27 | D315: A.2.1.1 | E315: A.2.1.1. Ban hành kế hoạch | F315: {=IFERROR(INDEX(PL4_TONG_HOP!$L$2:$L$5000,MATCH($C315,PL4_TONG_HOP!$A$2:$A$5000,0)),"")} | G315: =COUNTIFS(FILE_UPLOADS!$B:$B,$A315,FILE_UPLOADS!$D:$D,$C315) -> 0 | H315: =IF(LEN(F315)=0,"",IF(G315>0,"Đã có minh chứng","CHƯA CÓ MINH CHỨNG"))
A316: DV07 | B316: Sở Văn hóa thể thao và Du lịch | C316: R28 | D316: A.2.1.2 | E316: A.2.1.2. Kết quả thực hiện | F316: {=IFERROR(INDEX(PL4_TONG_HOP!$L$2:$L$5000,MATCH($C316,PL4_TONG_HOP!$A$2:$A$5000,0)),"")} | G316: =COUNTIFS(FILE_UPLOADS!$B:$B,$A316,FILE_UPLOADS!$D:$D,$C316) -> 0 | H316: =IF(LEN(F316)=0,"",IF(G316>0,"Đã có minh chứng","CHƯA CÓ MINH CHỨNG"))
A317: DV07 | B317: Sở Văn hóa thể thao và Du lịch | C317: R30 | D317: A.2.2.1 | E317: A.2.2.1. Ban hành kế hoạch | F317: {=IFERROR(INDEX(PL4_TONG_HOP!$L$2:$L$5000,MATCH($C317,PL4_TONG_HOP!$A$2:$A$5000,0)),"")} | G317: =COUNTIFS(FILE_UPLOADS!$B:$B,$A317,FILE_UPLOADS!$D:$D,$C317) -> 0 | H317: =IF(LEN(F317)=0,"",IF(G317>0,"Đã có minh chứng","CHƯA CÓ MINH CHỨNG"))
A318: DV07 | B318: Sở Văn hóa thể thao và Du lịch | C318: R31 | D318: A.2.2.2 | E318: A.2.2.2. Kết quả thực hiện | F318: {=IFERROR(INDEX(PL4_TONG_HOP!$L$2:$L$5000,MATCH($C318,PL4_TONG_HOP!$A$2:$A$5000,0)),"")} | G318: =COUNTIFS(FILE_UPLOADS!$B:$B,$A318,FILE_UPLOADS!$D:$D,$C318) -> 0 | H318: =IF(LEN(F318)=0,"",IF(G318>0,"Đã có minh chứng","CHƯA CÓ MINH CHỨNG"))
A319: DV07 | B319: Sở Văn hóa thể thao và Du lịch | C319: R32 | D319: A.2.3 | E319: A.2.3. Thực hiện việc kiểm tra và theo dõi thi hành văn bản quy phạm pháp luật về PCTN | F319: {=IFERROR(INDEX(PL4_TONG_HOP!$L$2:$L$5000,MATCH($C319,PL4_TONG_HOP!$A$2:$A$5000,0)),"")} | G319: =COUNTIFS(FILE_UPLOADS!$B:$B,$A319,FILE_UPLOADS!$D:$D,$C319) -> 0 | H319: =IF(LEN(F319)=0,"",IF(G319>0,"Đã có minh chứng","CHƯA CÓ MINH CHỨNG"))
A320: DV07 | B320: Sở Văn hóa thể thao và Du lịch | C320: R33 | D320: A.2.4 | E320: A.2.4. Tiếp công dân theo quy định của Luật tiếp công dân của Chủ tịch UBND cấp tỉnh | F320: {=IFERROR(INDEX(PL4_TONG_HOP!$L$2:$L$5000,MATCH($C320,PL4_TONG_HOP!$A$2:$A$5000,0)),"")} | G320: =COUNTIFS(FILE_UPLOADS!$B:$B,$A320,FILE_UPLOADS!$D:$D,$C320) -> 0 | H320: =IF(LEN(F320)=0,"",IF(G320>0,"Đã có minh chứng","CHƯA CÓ MINH CHỨNG"))
A321: DV07 | B321: Sở Văn hóa thể thao và Du lịch | C321: R34 | D321: A.2.5 | E321: A.2.5. Tiếp công dân theo quy định của Luật tiếp công dân của Người đứng đầu cơ quan chuyên môn thuộc UBND cấp Tỉnh | F321: {=IFERROR(INDEX(PL4_TONG_HOP!$L$2:$L$5000,MATCH($C321,PL4_TONG_HOP!$A$2:$A$5000,0)),"")} | G321: =COUNTIFS(FILE_UPLOADS!$B:$B,$A321,FILE_UPLOADS!$D:$D,$C321) -> 0 | H321: =IF(LEN(F321)=0,"",IF(G321>0,"Đã có minh chứng","CHƯA CÓ MINH CHỨNG"))
A322: DV07 | B322: Sở Văn hóa thể thao và Du lịch | C322: R35 | D322: A.2.6 | E322: A.2.6. Việc chỉ đạo của Chủ tịch UBND cấp tỉnh xử lý tố cáo, kiến nghị, phản ánh của công dân về tham nhũng. | F322: {=IFERROR(INDEX(PL4_TONG_HOP!$L$2:$L$5000,MATCH($C322,PL4_TONG_HOP!$A$2:$A$5000,0)),"")} | G322: =COUNTIFS(FILE_UPLOADS!$B:$B,$A322,FILE_UPLOADS!$D:$D,$C322) -> 0 | H322: =IF(LEN(F322)=0,"",IF(G322>0,"Đã có minh chứng","CHƯA CÓ MINH CHỨNG"))
A323: DV07 | B323: Sở Văn hóa thể thao và Du lịch | C323: R39 | D323: B.1.1.1 | E323: B.1.1.1. Kết quả thực hiện công khai, minh bạch các thủ tục hành chính | F323: {=IFERROR(INDEX(PL4_TONG_HOP!$L$2:$L$5000,MATCH($C323,PL4_TONG_HOP!$A$2:$A$5000,0)),"")} | G323: =COUNTIFS(FILE_UPLOADS!$B:$B,$A323,FILE_UPLOADS!$D:$D,$C323) -> 0 | H323: =IF(LEN(F323)=0,"",IF(G323>0,"Đã có minh chứng","CHƯA CÓ MINH CHỨNG"))
A324: DV07 | B324: Sở Văn hóa thể thao và Du lịch | C324: R40 | D324: B.1.1.2 | E324: B.1.1.2. Kết quả thực hiện công khai, minh bạch quy tắc ứng xử của người có chức vụ quyền hạn | F324: {=IFERROR(INDEX(PL4_TONG_HOP!$L$2:$L$5000,MATCH($C324,PL4_TONG_HOP!$A$2:$A$5000,0)),"")} | G324: =COUNTIFS(FILE_UPLOADS!$B:$B,$A324,FILE_UPLOADS!$D:$D,$C324) -> 0 | H324: =IF(LEN(F324)=0,"",IF(G324>0,"Đã có minh chứng","CHƯA CÓ MINH CHỨNG"))
A325: DV07 | B325: Sở Văn hóa thể thao và Du lịch | C325: R41 | D325: B.1.1.3 | E325: B.1.1.3. Kết quả thực hiện công khai, minh bạch tuyển dụng, bổ nhiệm công chức, viên chức | F325: {=IFERROR(INDEX(PL4_TONG_HOP!$L$2:$L$5000,MATCH($C325,PL4_TONG_HOP!$A$2:$A$5000,0)),"")} | G325: =COUNTIFS(FILE_UPLOADS!$B:$B,$A325,FILE_UPLOADS!$D:$D,$C325) -> 0 | H325: =IF(LEN(F325)=0,"",IF(G325>0,"Đã có minh chứng","CHƯA CÓ MINH CHỨNG"))
... A365: DV07 | B365: Sở Văn hóa thể thao và Du lịch | C365: R106 | D365: ĐT.3 | E365: ĐT.3. Người đứng đầu, cấp phó của người đứng đầu cấp tỉnh bị xử lý do để xảy ra tham nhũng, tiêu cực năm 2025 | F365: {=IFERROR(INDEX(PL4_TONG_HOP!$L$2:$L$5000,MATCH($C365,PL4_TONG_HOP!$A$2:$A$5000,0)),"")} | G365: =COUNTIFS(FILE_UPLOADS!$B:$B,$A365,FILE_UPLOADS!$D:$D,$C365) -> 0 | H365: =IF(LEN(F365)=0,"",IF(G365>0,"Đã có minh chứng","CHƯA CÓ MINH CHỨNG"))
A366: DV08 | B366: Sở Giáo dục và Đào tạo | C366: R17 | D366: A.1.2 | E366: A.1.2. Ban hành kế hoạch PCTN năm 2025 | F366: {=IFERROR(INDEX(PL4_TONG_HOP!$M$2:$M$5000,MATCH($C366,PL4_TONG_HOP!$A$2:$A$5000,0)),"")} | G366: =COUNTIFS(FILE_UPLOADS!$B:$B,$A366,FILE_UPLOADS!$D:$D,$C366) -> 0 | H366: =IF(LEN(F366)=0,"",IF(G366>0,"Đã có minh chứng","CHƯA CÓ MINH CHỨNG"))
A367: DV08 | B367: Sở Giáo dục và Đào tạo | C367: R27 | D367: A.2.1.1 | E367: A.2.1.1. Ban hành kế hoạch | F367: {=IFERROR(INDEX(PL4_TONG_HOP!$M$2:$M$5000,MATCH($C367,PL4_TONG_HOP!$A$2:$A$5000,0)),"")} | G367: =COUNTIFS(FILE_UPLOADS!$B:$B,$A367,FILE_UPLOADS!$D:$D,$C367) -> 0 | H367: =IF(LEN(F367)=0,"",IF(G367>0,"Đã có minh chứng","CHƯA CÓ MINH CHỨNG"))
A368: DV08 | B368: Sở Giáo dục và Đào tạo | C368: R28 | D368: A.2.1.2 | E368: A.2.1.2. Kết quả thực hiện | F368: {=IFERROR(INDEX(PL4_TONG_HOP!$M$2:$M$5000,MATCH($C368,PL4_TONG_HOP!$A$2:$A$5000,0)),"")} | G368: =COUNTIFS(FILE_UPLOADS!$B:$B,$A368,FILE_UPLOADS!$D:$D,$C368) -> 0 | H368: =IF(LEN(F368)=0,"",IF(G368>0,"Đã có minh chứng","CHƯA CÓ MINH CHỨNG"))
A369: DV08 | B369: Sở Giáo dục và Đào tạo | C369: R30 | D369: A.2.2.1 | E369: A.2.2.1. Ban hành kế hoạch | F369: {=IFERROR(INDEX(PL4_TONG_HOP!$M$2:$M$5000,MATCH($C369,PL4_TONG_HOP!$A$2:$A$5000,0)),"")} | G369: =COUNTIFS(FILE_UPLOADS!$B:$B,$A369,FILE_UPLOADS!$D:$D,$C369) -> 0 | H369: =IF(LEN(F369)=0,"",IF(G369>0,"Đã có minh chứng","CHƯA CÓ MINH CHỨNG"))
A370: DV08 | B370: Sở Giáo dục và Đào tạo | C370: R31 | D370: A.2.2.2 | E370: A.2.2.2. Kết quả thực hiện | F370: {=IFERROR(INDEX(PL4_TONG_HOP!$M$2:$M$5000,MATCH($C370,PL4_TONG_HOP!$A$2:$A$5000,0)),"")} | G370: =COUNTIFS(FILE_UPLOADS!$B:$B,$A370,FILE_UPLOADS!$D:$D,$C370) -> 0 | H370: =IF(LEN(F370)=0,"",IF(G370>0,"Đã có minh chứng","CHƯA CÓ MINH CHỨNG"))
A371: DV08 | B371: Sở Giáo dục và Đào tạo | C371: R32 | D371: A.2.3 | E371: A.2.3. Thực hiện việc kiểm tra và theo dõi thi hành văn bản quy phạm pháp luật về PCTN | F371: {=IFERROR(INDEX(PL4_TONG_HOP!$M$2:$M$5000,MATCH($C371,PL4_TONG_HOP!$A$2:$A$5000,0)),"")} | G371: =COUNTIFS(FILE_UPLOADS!$B:$B,$A371,FILE_UPLOADS!$D:$D,$C371) -> 0 | H371: =IF(LEN(F371)=0,"",IF(G371>0,"Đã có minh chứng","CHƯA CÓ MINH CHỨNG"))
A372: DV08 | B372: Sở Giáo dục và Đào tạo | C372: R33 | D372: A.2.4 | E372: A.2.4. Tiếp công dân theo quy định của Luật tiếp công dân của Chủ tịch UBND cấp tỉnh | F372: {=IFERROR(INDEX(PL4_TONG_HOP!$M$2:$M$5000,MATCH($C372,PL4_TONG_HOP!$A$2:$A$5000,0)),"")} | G372: =COUNTIFS(FILE_UPLOADS!$B:$B,$A372,FILE_UPLOADS!$D:$D,$C372) -> 0 | H372: =IF(LEN(F372)=0,"",IF(G372>0,"Đã có minh chứng","CHƯA CÓ MINH CHỨNG"))
A373: DV08 | B373: Sở Giáo dục và Đào tạo | C373: R34 | D373: A.2.5 | E373: A.2.5. Tiếp công dân theo quy định của Luật tiếp công dân của Người đứng đầu cơ quan chuyên môn thuộc UBND cấp Tỉnh | F373: {=IFERROR(INDEX(PL4_TONG_HOP!$M$2:$M$5000,MATCH($C373,PL4_TONG_HOP!$A$2:$A$5000,0)),"")} | G373: =COUNTIFS(FILE_UPLOADS!$B:$B,$A373,FILE_UPLOADS!$D:$D,$C373) -> 0 | H373: =IF(LEN(F373)=0,"",IF(G373>0,"Đã có minh chứng","CHƯA CÓ MINH CHỨNG"))
...

Sheet DM_DON_VI
A1: MA_DON_VI | B1: TEN_DON_VI | C1: TEN_FOLDER_DRIVE | D1: LINK_THU_MUC_DRIVE
A2: DV01 | B2: Văn phòng UBND tỉnh | C2: DV01_VanPhong_UBND_tinh | D2: https://drive.google.com/drive/folders/1hsz0Aa0ULK1UtLKQh_g5tNXdg94-WCaJ
A3: DV02 | B3: Sở Tài chính | C3: DV02_So_Tai_chinh | D3: https://drive.google.com/drive/folders/1riNtH7lfdBB0buPuCIEgiGZlr3kDz9Ee
A4: DV03 | B4: Sở Nông nghiệp và Môi trường | C4: DV03_So_Nong_nghiep_va_Moi_truong | D4: https://drive.google.com/drive/folders/1pCFapIIqtoPqcoV8Cs_Snujs3y-RB_nd
A5: DV04 | B5: Sở Xây dựng | C5: DV04_So_Xay_dung | D5: https://drive.google.com/drive/folders/11urXEHb_Dob_bC5OG0wc6vPW3sfAKcfm
A6: DV05 | B6: Sở Tư pháp | C6: DV05_So_Tu_phap | D6: https://drive.google.com/drive/folders/13YcBM0P7OK2_cPfSytTNEy585KruY6UF
A7: DV06 | B7: Sở Công thương | C7: DV06_So_Cong_thuong | D7: https://drive.google.com/drive/folders/10ZAafPKU2E2ChzEZsNtkhAD86THG8ziv
A8: DV07 | B8: Sở Văn hóa thể thao và Du lịch | C8: DV07_So_Van_hoa_the_thao_va_Du_lich | D8: https://drive.google.com/drive/folders/1m540wro01LH-xHVm52OEfEO-PyJDOSL5
A9: DV08 | B9: Sở Giáo dục và Đào tạo | C9: DV08_So_Giao_duc_va_Dao_tao | D9: https://drive.google.com/drive/folders/1BoCjXx_glHc3ZVP8iSygo9mF7qLwtCmL
A10: DV09 | B10: Sở Khoa học và Công nghệ | C10: DV09_So_Khoa_hoc_va_Cong_nghe | D10: https://drive.google.com/drive/folders/1Cj6VsKoh0twqPxE_Pv7z7vsQlTulfj5F
A11: DV10 | B11: Sở Y tế | C11: DV10_So_Y_te | D11: https://drive.google.com/drive/folders/1FSBFLilxPI-HEkCiaa5cwz4jXq85cWBE
A12: DV11 | B12: Sở Nội vụ | C12: DV11_So_Noi_vu | D12: https://drive.google.com/drive/folders/1Pqy0-uyVI9b-ZuFs49nKmUvXhmgIQDQa
... A17: DV16 | B17: Viện quy hoạch kiến trúc Thanh Hóa | C17: DV16_Vien_quy_hoach_kien_truc_Thanh_Hoa | D17: https://drive.google.com/drive/folders/1RKIYgf4AvyfcmyELAca5XbqLwuSp_mIs

Sheet DM_TIEU_CHI
A1: ROW_ID | B1: MA_TIEU_CHI | C1: NOI_DUNG_TIEU_CHI | D1: CAP_TIEU_CHI | E1: CO_NHAP_LIEU
A2: R9 | B2: A | C2: A. TIÊU CHÍ ĐÁNH GIÁ VIỆC LÃNH ĐẠO, CHỈ ĐẠO, XÂY DỰNG VÀ HOÀN THIỆN CHÍNH SÁCH, PHÁP LUẬT VỀ PCTN | D2: 1 | E2: Không
A3: R10 | B3: A.1 | C3: A.1. Đánh giá việc lãnh đạo, chỉ đạo công tác PCTN: | D3: 2 | E3: Không
A4: R11 | B4: A.1.1 | C4: A.1.1. Triển khai thực hiện các văn bản của các cơ quan ở Trung ương về PCTN trong năm 2025 | D4: 3 | E4: Không
A5: R12 | B5: A.1.1.1 | C5: A.1.1.1. Triển khai thực hiện Chương trình công tác năm 2025 của Ban Chỉ đạo Trung ương về phòng, chống tham nhũng, tiêu cực. | D5: 4 | E5: Không
A6: R13 | B6: A.1.1.2 | C6: A.1.1.2. Triển khai thực hiện Nghị quyết số 168/NQ-CP ngày 11/10/2023 về Chiến lược quốc gia phòng, chống tham nhũng, tiêu cực đến năm 2030. | D6: 4 | E6: Không
A7: R14 | B7: A.1.1.3 | C7: A.1.1.3. Triển khai thực hiện Quy định số 132-QĐ/TW ngày 27/10/2023 của Bộ Chính trị về kiểm soát quyền lực và phòng, chống tham nhũng, tiêu cực trong hoạt động điều tra, truy tố, xét xử, thi hành án. | D7: 4 | E7: Không
A8: R15 | B8: A.1.1.4 | C8: A.1.1.4. Triển khai thực hiện Quy định số 131-QĐ/TW ngày 27/10/2023 của Bộ Chính trị về kiểm soát quyền lực và PCTNTC trong hoạt động kiểm tra, giám sát và thi hành kỷ luật đảng và trong hoạt động thanh tra, kiểm toán. | D8: 4 | E8: Không
A9: R16 | B9: A.1.1.5 | C9: A.1.1.5. Triển khai thực hiện Quy định số 178-QĐ/TW ngày 27/6/2024 của Bộ Chính trị về kiểm soát quyền lực, PCTNTC trong công tác xây dựng pháp luật. | D9: 4 | E9: Không
A10: R17 | B10: A.1.2 | C10: A.1.2. Ban hành kế hoạch PCTN năm 2025 | D10: 3 | E10: Có
A11: R18 | B11: A.1.3 | C11: A.1.3. Nội dung kế hoạch PCTN năm 2025 | D11: 3 | E11: Không
A12: R19 | B12: A.1.3.1 | C12: A.1.3.1. Về thực hiện các chỉ thị, nghị quyết của Trung ương về PCTN | D12: 4 | E12: Không
A13: R20 | B13: A.1.3.2 | C13: A.1.3.2. Về kiểm tra, rà soát, hệ thống hóa văn bản quy phạm pháp luật về PCTN | D13: 4 | E13: Không
... A99: R106 | B99: ĐT.3 | C99: ĐT.3. Người đứng đầu, cấp phó của người đứng đầu cấp tỉnh bị xử lý do để xảy ra tham nhũng, tiêu cực năm 2025 | D99: 2 | E99: Có

Sheet FORM_DATA
A1: TIMESTAMP | B1: MA_DON_VI | C1: TEN_DON_VI | D1: NGUOI_NHAP | E1: DIEN_THOAI | F1: EMAIL | G1: ROW_ID | H1: MA_TIEU_CHI | I1: NOI_DUNG_TIEU_CHI | J1: CAP_TIEU_CHI | K1: CO_NHAP_LIEU | L1: SO_LIEU_MINH_CHUNG | M1: TRANG_THAI_GUI
A2: 46128.033 | B2: DV13 | C2: Thanh tra tỉnh | D2: d | E2: d | F2: d | G2: R17 | H2: A.1.2 | I2: A.1.2. Ban hành kế hoạch PCTN năm 2025 | J2: 3 | K2: TRUE | L2: dsfds | M2: Đã gửi
A3: 46128.033 | B3: DV13 | C3: Thanh tra tỉnh | D3: d | E3: d | F3: d | G3: R27 | H3: A.2.1.1 | I3: A.2.1.1. Ban hành kế hoạch | J3: 4 | K3: TRUE | M3: Đã gửi
A4: 46128.033 | B4: DV13 | C4: Thanh tra tỉnh | D4: d | E4: d | F4: d | G4: R28 | H4: A.2.1.2 | I4: A.2.1.2. Kết quả thực hiện | J4: 4 | K4: TRUE | M4: Đã gửi
A5: 46128.033 | B5: DV13 | C5: Thanh tra tỉnh | D5: d | E5: d | F5: d | G5: R30 | H5: A.2.2.1 | I5: A.2.2.1. Ban hành kế hoạch | J5: 4 | K5: TRUE | M5: Đã gửi
A6: 46128.033 | B6: DV13 | C6: Thanh tra tỉnh | D6: d | E6: d | F6: d | G6: R31 | H6: A.2.2.2 | I6: A.2.2.2. Kết quả thực hiện | J6: 4 | K6: TRUE | M6: Đã gửi
A7: 46128.033 | B7: DV13 | C7: Thanh tra tỉnh | D7: d | E7: d | F7: d | G7: R32 | H7: A.2.3 | I7: A.2.3. Thực hiện việc kiểm tra và theo dõi thi hành văn bản quy phạm pháp luật về PCTN | J7: 3 | K7: TRUE | M7: Đã gửi
A8: 46128.033 | B8: DV13 | C8: Thanh tra tỉnh | D8: d | E8: d | F8: d | G8: R33 | H8: A.2.4 | I8: A.2.4. Tiếp công dân theo quy định của Luật tiếp công dân của Chủ tịch UBND cấp tỉnh | J8: 3 | K8: TRUE | M8: Đã gửi
A9: 46128.033 | B9: DV13 | C9: Thanh tra tỉnh | D9: d | E9: d | F9: d | G9: R34 | H9: A.2.5 | I9: A.2.5. Tiếp công dân theo quy định của Luật tiếp công dân của Người đứng đầu cơ quan chuyên môn thuộc UBND cấp Tỉnh | J9: 3 | K9: TRUE | M9: Đã gửi
A10: 46128.033 | B10: DV13 | C10: Thanh tra tỉnh | D10: d | E10: d | F10: d | G10: R35 | H10: A.2.6 | I10: A.2.6. Việc chỉ đạo của Chủ tịch UBND cấp tỉnh xử lý tố cáo, kiến nghị, phản ánh của công dân về tham nhũng. | J10: 3 | K10: TRUE | M10: Đã gửi
A11: 46128.033 | B11: DV13 | C11: Thanh tra tỉnh | D11: d | E11: d | F11: d | G11: R39 | H11: B.1.1.1 | I11: B.1.1.1. Kết quả thực hiện công khai, minh bạch các thủ tục hành chính | J11: 4 | K11: TRUE | M11: Đã gửi
A12: 46128.033 | B12: DV13 | C12: Thanh tra tỉnh | D12: d | E12: d | F12: d | G12: R40 | H12: B.1.1.2 | I12: B.1.1.2. Kết quả thực hiện công khai, minh bạch quy tắc ứng xử của người có chức vụ quyền hạn | J12: 4 | K12: TRUE | M12: Đã gửi
A13: 46128.033 | B13: DV13 | C13: Thanh tra tỉnh | D13: d | E13: d | F13: d | G13: R41 | H13: B.1.1.3 | I13: B.1.1.3. Kết quả thực hiện công khai, minh bạch tuyển dụng, bổ nhiệm công chức, viên chức | J13: 4 | K13: TRUE | M13: Đã gửi
A14: 46128.033 | B14: DV13 | C14: Thanh tra tỉnh | D14: d | E14: d | F14: d | G14: R42 | H14: B.1.1.4 | I14: B.1.1.4. Kết quả thực hiện công khai, minh bạch về ngân sách Nhà nước | J14: 4 | K14: TRUE | M14: Đã gửi
... A53: 46128.033 | B53: DV13 | C53: Thanh tra tỉnh | D53: d | E53: d | F53: d | G53: R106 | H53: ĐT.3 | I53: ĐT.3. Người đứng đầu, cấp phó của người đứng đầu cấp tỉnh bị xử lý do để xảy ra tham nhũng, tiêu cực năm 2025 | J53: 2 | K53: TRUE | M53: Đã gửi

Sheet FILE_UPLOADS
A1: TIMESTAMP | B1: MA_DON_VI | C1: TEN_DON_VI | D1: ROW_ID | E1: MA_TIEU_CHI | F1: TEN_TIEU_CHI | G1: FILE_NAME | H1: FILE_URL | I1: FILE_ID | J1: MIME_TYPE | K1: FILE_SIZE | L1: FOLDER_NAME | M1: FOLDER_URL | N1: NGUOI_NHAP | O1: DIEN_THOAI | P1: EMAIL | Q1: TRANG_THAI
A2: 46128.033 | B2: DV13 | C2: Thanh tra tỉnh | D2: R17 | E2: A.1.2 | F2: A.1.2. Ban hành kế hoạch PCTN năm 2025 | G2: DV13_A-1-2_20260416_144738_BC tham dự lớp bồi dưỡng theo CV1371.pdf | H2: https://drive.google.com/file/d/1qjewhK1MLO9m8VU87mfdgn0x7WrsahIk/view?usp=drivesdk | I2: 1qjewhK1MLO9m8VU87mfdgn0x7WrsahIk | J2: application/pdf | K2: 837747 | L2: A-1-2 | M2: https://drive.google.com/drive/folders/19aXF_QPg3M-RX67gnVV1Vum72zDtv5rO | N2: d | O2: d | P2: d | Q2: ACTIVE

Sheet HUONG_DAN
A1: TÀI LIỆU NỀN PACA 2025 - BẢN CẬP NHẬT DANH SÁCH 16 ĐƠN VỊ
A2: 1. Sheet DM_TIEU_CHI đã đồng bộ với file HTML hiện hành.
A3: 2. Dòng nào CO_NHAP_LIEU = Không thì chỉ là tiêu đề, không nhập.
A4: 3. Sheet PL4_TONG_HOP dùng để tổng hợp theo cột đơn vị.
A5: 4. Sheet FORM_DATA lưu từng lần gửi từ Web App.
A6: 5. HTML mới có chức năng Gửi dữ liệu và Lấy dữ liệu đã nhập trước đó.
