Workbook

Sheet 01_PCTN_TONGHOP
A1: BIỂU 01/PCTN
A2: TỔNG HỢP KẾT QUẢ THỰC HIỆN CÔNG TÁC PHÒNG, CHỐNG THAM NHŨNG, LÃNG PHÍ, TIÊU CỰC
C3: QUÝ….NĂM……. (từ ngày…./…../2026 đến....ngày…../…../2026)
A4: STT | B4: MS | C4: Nội dung | D4: ĐVT | E4: Tổng toàn tỉnh | F4: Ghi chú | G4: Mã kỹ thuật | H4: Loại dòng | L4: Văn phòng UBND | M4: Sở Tài chính | N4: Sở Nông nghiệp và Môi trường | O4: Sở Xây dựng | P4: Sở Tư pháp | Q4: Sở Công thương | R4: Sở Văn hóa TT và DL | S4: Sở Giáo dục và Đào tạo | T4: Sở Khoa học và Công nghệ | U4: Sở Y tế | V4: Sở Nội vụ | W4: Sở Ngoại vụ | X4: Thanh tra tỉnh | Y4: Sở Dân tộc và Tôn giáo | Z4: Ban Quản lý KKTNS và Các KCN | AA4: Báo và Đài phát thanh truyền hình TH | AB4: Phường Bỉm Sơn | AC4: Phường Đào Duy Từ | AD4: Phường Đông Quang | AE4: Phường Đông Sơn | AF4: Phường Đông Tiến | AG4: Phường Hạc Thành | AH4: Phường Hải Bình | AI4: Phường Hải Lĩnh | AJ4: Phường Hàm Rồng | AK4: Phường Nam Sầm Sơn | AL4: Phường Nghi Sơn | AM4: Phường Ngọc Sơn | AN4: Phường Nguyệt Viên | AO4: Phường Quảng Phú | AP4: Phường Quang Trung | AQ4: Phường Sầm Sơn | AR4: Phường Tân Dân | AS4: Phường Tĩnh Gia | AT4: Phường Trúc Lâm | AU4: Xã An Nông | AV4: Xã Ba Đình | AW4: Xã Bá Thước | AX4: Xã Bát Mọt | AY4: Xã Biện Thượng | AZ4: Xã Các Sơn | BA4: Xã Cẩm Tân | BB4: Xã Cẩm Tú | BC4: Xã Cẩm Thạch | BD4: Xã Cẩm Thủy | BE4: Xã Cẩm Vân | BF4: Xã Cổ Lũng | BG4: Xã Công Chính | BH4: Xã Điền Lư | BI4: Xã Điền Quang | BJ4: Xã Định Hòa | BK4: Xã Định Tân | BL4: Xã Đồng Lương | BM4: Xã Đồng Tiến | BN4: Xã Đông Thành | BO4: Xã Giao An | BP4: Xã Hà Long | BQ4: Xã Hà Trung | BR4: Xã Hậu Lộc | BS4: Xã Hiền Kiệt | BT4: Xã Hoa Lộc | BU4: Xã Hóa Quỳ | BV4: Xã Hoạt Giang | BW4: Xã Hoằng Châu | BX4: Xã Hoằng Giang | BY4: Xã Hoằng Hóa | BZ4: Xã Hoằng Lộc | CA4: Xã Hoằng Phú | CB4: Xã Hoằng Sơn | CC4: Xã Hoằng Tiến | CD4: Xã Hoằng Thanh | CE4: Xã Hồ Vương | CF4: Xã Hồi Xuân | CG4: Xã Hợp Tiến | CH4: Xã Kiên Thọ | CI4: Xã Kim Tân | CJ4: Xã Lam Sơn | CK4: Xã Linh Sơn | CL4: Xã Lĩnh Toại | CM4: Xã Luận Thành | CN4: Xã Lương Sơn | CO4: Xã Lưu Vệ | CP4: Xã Mậu Lâm | CQ4: Xã Minh Sơn | CR4: Xã Mường Chanh | CS4: Xã Mường Lát | CT4: Xã Mường Lý | CU4: Xã Mường Mìn | CV4: Xã Na Mèo | CW4: Xã Nam Xuân | CX4: Xã Nông Cống | CY4: Xã Nga An | CZ4: Xã Nga Sơn | DA4: Xã Nga Thắng | DB4: Xã Ngọc Lặc | DC4: Xã Ngọc Liên | DD4: Xã Ngọc Trạo | DE4: Xã Nguyệt Ấn | DF4: Xã Nhi Sơn | DG4: Xã Như Thanh | DH4: Xã Như Xuân | DI4: Xã Pù Luông | DJ4: Xã Pù Nhi | DK4: Xã Phú Lệ | DL4: Xã Phú Xuân (Quan Hóa) | DM4: Xã Quan Sơn | DN4: Xã Quảng Bình | DO4: Xã Quang Chiểu | DP4: Xã Quảng Chính | DQ4: Xã Quảng Ninh | DR4: Xã Quảng Ngọc | DS4: Xã Quảng Yên | DT4: Xã Quý Lộc | DU4: Xã Quý Lương | DV4: Xã Sao Vàng | DW4: Xã Sơn Điện | DX4: Xã Sơn Thủy | DY4: Xã Tam Chung | DZ4: Xã Tam Lư | EA4: Xã Tam Thanh | EB4: Xã Tân Ninh | EC4: Xã Tân Tiến | ED4: Xã Tân Thành | EE4: Xã Tây Đô | EF4: Xã Tiên Trang | EG4: Xã Tống Sơn | EH4: Xã Tượng Lĩnh | EI4: Xã Thạch Bình | EJ4: Xã Thạch Lập | EK4: Xã Thạch Quảng | EL4: Xã Thanh Kỳ | EM4: Xã Thanh Phong | EN4: Xã Thanh Quân | EO4: Xã Thành Vinh | EP4: Xã Thăng Bình | EQ4: Xã Thắng Lộc | ER4: Xã Thắng Lợi | ES4: Xã Thiên Phủ | ET4: Xã Thiết Ống | EU4: Xã Thiệu Hóa | EV4: Xã Thiệu Quang | EW4: Xã Thiệu Tiến | EX4: Xã Thiệu Toán | EY4: Xã Thiệu Trung | EZ4: Xã Thọ Bình | FA4: Xã Thọ Lập | FB4: Xã Thọ Long | FC4: Xã Thọ Ngọc | FD4: Xã Thọ Phú | FE4: Xã Thọ Xuân | FF4: Xã Thượng Ninh | FG4: Xã Thường Xuân | FH4: Xã Triệu Lộc | FI4: Xã Triệu Sơn | FJ4: Xã Trung Chính | FK4: Xã Trung Hạ | FL4: Xã Trung Lý | FM4: Xã Trung Sơn | FN4: Xã Trung Thành | FO4: Xã Trường Lâm | FP4: Xã Trường Văn | FQ4: Xã Vạn Lộc | FR4: Xã Vạn Xuân | FS4: Xã Văn Nho | FT4: Xã Văn Phú | FU4: Xã Vân Du | FV4: Xã Vĩnh Lộc | FW4: Xã Xuân Bình | FX4: Xã Xuân Chinh | FY4: Xã Xuân Du | FZ4: Xã Xuân Hòa | GA4: Xã Xuân Lập | GB4: Xã Xuân Tín | GC4: Xã Xuân Thái | GD4: Xã Yên Định | GE4: Xã Yên Khương | GF4: Xã Yên Ninh | GG4: Xã Yên Nhân | GH4: Xã Yên Phú | GI4: Xã Yên Thắng | GJ4: Xã Yên Thọ | GK4: Xã Yên Trường
A5: CHÍNH SÁCH, PHÁP LUẬT | H5: SECTION | I5: CHÍNH SÁCH, PHÁP LUẬT
A6: 1 | B6: 1 | C6: Số văn bản ban hành mới để thực hiện Luật PCTN và các văn bản hướng dẫn thi hành Luật PCTN | D6: Văn bản | E6: {=SUMPRODUCT(IFERROR(INDEX('01_PCTN_DATA'!$A$4:$ZZ$1000,0,MATCH($G6,'01_PCTN_DATA'!$A$3:$ZZ$3,0)),0))} -> 0 | G6: P01_1 | H6: ITEM | I6: CHÍNH SÁCH, PHÁP LUẬT | K6: 1 | L6: {=SUMPRODUCT(('01_PCTN_DATA'!$A$4:$A$1000=IFERROR(INDEX(DM_DON_VI!$B$4:$B$185,MATCH(L$4,DM_DON_VI!$D$4:$D$185,0)),""))*IFERROR(INDEX('01_PCTN_DATA'!$A$4:$ZZ$1000,0,MATCH($G6,'01_PCTN_DATA'!$A$3:$ZZ$3,0)),0))} -> 0 | M6: {=SUMPRODUCT(('01_PCTN_DATA'!$A$4:$A$1000=IFERROR(INDEX(DM_DON_VI!$B$4:$B$185,MATCH(M$4,DM_DON_VI!$D$4:$D$185,0)),""))*IFERROR(INDEX('01_PCTN_DATA'!$A$4:$ZZ$1000,0,MATCH($G6,'01_PCTN_DATA'!$A$3:$ZZ$3,0)),0))} -> 0 | N6: {=SUMPRODUCT(('01_PCTN_DATA'!$A$4:$A$1000=IFERROR(INDEX(DM_DON_VI!$B$4:$B$185,MATCH(N$4,DM_DON_VI!$D$4:$D$185,0)),""))*IFERROR(INDEX('01_PCTN_DATA'!$A$4:$ZZ$1000,0,MATCH($G6,'01_PCTN_DATA'!$A$3:$ZZ$3,0)),0))} -> 0 | O6: {=SUMPRODUCT(('01_PCTN_DATA'!$A$4:$A$1000=IFERROR(INDEX(DM_DON_VI!$B$4:$B$185,MATCH(O$4,DM_DON_VI!$D$4:$D$185,0)),""))*IFERROR(INDEX('01_PCTN_DATA'!$A$4:$ZZ$1000,0,MATCH($G6,'01_PCTN_DATA'!$A$3:$ZZ$3,0)),0))} -> 0 | P6: {=SUMPRODUCT(('01_PCTN_DATA'!$A$4:$A$1000=IFERROR(INDEX(DM_DON_VI!$B$4:$B$185,MATCH(P$4,DM_DON_VI!$D$4:$D$185,0)),""))*IFERROR(INDEX('01_PCTN_DATA'!$A$4:$ZZ$1000,0,MATCH($G6,'01_PCTN_DATA'!$A$3:$ZZ$3,0)),0))} -> 0 | Q6: {=SUMPRODUCT(('01_PCTN_DATA'!$A$4:$A$1000=IFERROR(INDEX(DM_DON_VI!$B$4:$B$185,MATCH(Q$4,DM_DON_VI!$D$4:$D$185,0)),""))*IFERROR(INDEX('01_PCTN_DATA'!$A$4:$ZZ$1000,0,MATCH($G6,'01_PCTN_DATA'!$A$3:$ZZ$3,0)),0))} -> 0 | R6: {=SUMPRODUCT(('01_PCTN_DATA'!$A$4:$A$1000=IFERROR(INDEX(DM_DON_VI!$B$4:$B$185,MATCH(R$4,DM_DON_VI!$D$4:$D$185,0)),""))*IFERROR(INDEX('01_PCTN_DATA'!$A$4:$ZZ$1000,0,MATCH($G6,'01_PCTN_DATA'!$A$3:$ZZ$3,0)),0))} -> 0 | S6: {=SUMPRODUCT(('01_PCTN_DATA'!$A$4:$A$1000=IFERROR(INDEX(DM_DON_VI!$B$4:$B$185,MATCH(S$4,DM_DON_VI!$D$4:$D$185,0)),""))*IFERROR(INDEX('01_PCTN_DATA'!$A$4:$ZZ$1000,0,MATCH($G6,'01_PCTN_DATA'!$A$3:$ZZ$3,0)),0))} -> 0 | ... GK6: {=SUMPRODUCT(('01_PCTN_DATA'!$A$4:$A$1000=IFERROR(INDEX(DM_DON_VI!$B$4:$B$185,MATCH(GK$4,DM_DON_VI!$D$4:$D$185,0)),""))*IFERROR(INDEX('01_PCTN_DATA'!$A$4:$ZZ$1000,0,MATCH($G6,'01_PCTN_DATA'!$A$3:$ZZ$3,0)),0))} -> 0
A7: 2 | B7: 2 | C7: Số văn bản được sửa đổi, bổ sung để thực hiện Luật PCTN và các văn bản hướng dẫn thi hành | D7: Văn bản | E7: {=SUMPRODUCT(IFERROR(INDEX('01_PCTN_DATA'!$A$4:$ZZ$1000,0,MATCH($G7,'01_PCTN_DATA'!$A$3:$ZZ$3,0)),0))} -> 0 | G7: P01_2 | H7: ITEM | I7: CHÍNH SÁCH, PHÁP LUẬT | K7: 2 | L7: {=SUMPRODUCT(('01_PCTN_DATA'!$A$4:$A$1000=IFERROR(INDEX(DM_DON_VI!$B$4:$B$185,MATCH(L$4,DM_DON_VI!$D$4:$D$185,0)),""))*IFERROR(INDEX('01_PCTN_DATA'!$A$4:$ZZ$1000,0,MATCH($G7,'01_PCTN_DATA'!$A$3:$ZZ$3,0)),0))} -> 0 | M7: {=SUMPRODUCT(('01_PCTN_DATA'!$A$4:$A$1000=IFERROR(INDEX(DM_DON_VI!$B$4:$B$185,MATCH(M$4,DM_DON_VI!$D$4:$D$185,0)),""))*IFERROR(INDEX('01_PCTN_DATA'!$A$4:$ZZ$1000,0,MATCH($G7,'01_PCTN_DATA'!$A$3:$ZZ$3,0)),0))} -> 0 | N7: {=SUMPRODUCT(('01_PCTN_DATA'!$A$4:$A$1000=IFERROR(INDEX(DM_DON_VI!$B$4:$B$185,MATCH(N$4,DM_DON_VI!$D$4:$D$185,0)),""))*IFERROR(INDEX('01_PCTN_DATA'!$A$4:$ZZ$1000,0,MATCH($G7,'01_PCTN_DATA'!$A$3:$ZZ$3,0)),0))} -> 0 | O7: {=SUMPRODUCT(('01_PCTN_DATA'!$A$4:$A$1000=IFERROR(INDEX(DM_DON_VI!$B$4:$B$185,MATCH(O$4,DM_DON_VI!$D$4:$D$185,0)),""))*IFERROR(INDEX('01_PCTN_DATA'!$A$4:$ZZ$1000,0,MATCH($G7,'01_PCTN_DATA'!$A$3:$ZZ$3,0)),0))} -> 0 | P7: {=SUMPRODUCT(('01_PCTN_DATA'!$A$4:$A$1000=IFERROR(INDEX(DM_DON_VI!$B$4:$B$185,MATCH(P$4,DM_DON_VI!$D$4:$D$185,0)),""))*IFERROR(INDEX('01_PCTN_DATA'!$A$4:$ZZ$1000,0,MATCH($G7,'01_PCTN_DATA'!$A$3:$ZZ$3,0)),0))} -> 0 | Q7: {=SUMPRODUCT(('01_PCTN_DATA'!$A$4:$A$1000=IFERROR(INDEX(DM_DON_VI!$B$4:$B$185,MATCH(Q$4,DM_DON_VI!$D$4:$D$185,0)),""))*IFERROR(INDEX('01_PCTN_DATA'!$A$4:$ZZ$1000,0,MATCH($G7,'01_PCTN_DATA'!$A$3:$ZZ$3,0)),0))} -> 0 | R7: {=SUMPRODUCT(('01_PCTN_DATA'!$A$4:$A$1000=IFERROR(INDEX(DM_DON_VI!$B$4:$B$185,MATCH(R$4,DM_DON_VI!$D$4:$D$185,0)),""))*IFERROR(INDEX('01_PCTN_DATA'!$A$4:$ZZ$1000,0,MATCH($G7,'01_PCTN_DATA'!$A$3:$ZZ$3,0)),0))} -> 0 | S7: {=SUMPRODUCT(('01_PCTN_DATA'!$A$4:$A$1000=IFERROR(INDEX(DM_DON_VI!$B$4:$B$185,MATCH(S$4,DM_DON_VI!$D$4:$D$185,0)),""))*IFERROR(INDEX('01_PCTN_DATA'!$A$4:$ZZ$1000,0,MATCH($G7,'01_PCTN_DATA'!$A$3:$ZZ$3,0)),0))} -> 0 | ... GK7: {=SUMPRODUCT(('01_PCTN_DATA'!$A$4:$A$1000=IFERROR(INDEX(DM_DON_VI!$B$4:$B$185,MATCH(GK$4,DM_DON_VI!$D$4:$D$185,0)),""))*IFERROR(INDEX('01_PCTN_DATA'!$A$4:$ZZ$1000,0,MATCH($G7,'01_PCTN_DATA'!$A$3:$ZZ$3,0)),0))} -> 0
A8: 3 | B8: 3 | C8: Số văn bản được bãi bỏ để thực hiện Luật PCTN và các văn bản hướng dẫn thi hành | D8: Văn bản | E8: {=SUMPRODUCT(IFERROR(INDEX('01_PCTN_DATA'!$A$4:$ZZ$1000,0,MATCH($G8,'01_PCTN_DATA'!$A$3:$ZZ$3,0)),0))} -> 0 | G8: P01_3 | H8: ITEM | I8: CHÍNH SÁCH, PHÁP LUẬT | K8: 3 | L8: {=SUMPRODUCT(('01_PCTN_DATA'!$A$4:$A$1000=IFERROR(INDEX(DM_DON_VI!$B$4:$B$185,MATCH(L$4,DM_DON_VI!$D$4:$D$185,0)),""))*IFERROR(INDEX('01_PCTN_DATA'!$A$4:$ZZ$1000,0,MATCH($G8,'01_PCTN_DATA'!$A$3:$ZZ$3,0)),0))} -> 0 | M8: {=SUMPRODUCT(('01_PCTN_DATA'!$A$4:$A$1000=IFERROR(INDEX(DM_DON_VI!$B$4:$B$185,MATCH(M$4,DM_DON_VI!$D$4:$D$185,0)),""))*IFERROR(INDEX('01_PCTN_DATA'!$A$4:$ZZ$1000,0,MATCH($G8,'01_PCTN_DATA'!$A$3:$ZZ$3,0)),0))} -> 0 | N8: {=SUMPRODUCT(('01_PCTN_DATA'!$A$4:$A$1000=IFERROR(INDEX(DM_DON_VI!$B$4:$B$185,MATCH(N$4,DM_DON_VI!$D$4:$D$185,0)),""))*IFERROR(INDEX('01_PCTN_DATA'!$A$4:$ZZ$1000,0,MATCH($G8,'01_PCTN_DATA'!$A$3:$ZZ$3,0)),0))} -> 0 | O8: {=SUMPRODUCT(('01_PCTN_DATA'!$A$4:$A$1000=IFERROR(INDEX(DM_DON_VI!$B$4:$B$185,MATCH(O$4,DM_DON_VI!$D$4:$D$185,0)),""))*IFERROR(INDEX('01_PCTN_DATA'!$A$4:$ZZ$1000,0,MATCH($G8,'01_PCTN_DATA'!$A$3:$ZZ$3,0)),0))} -> 0 | P8: {=SUMPRODUCT(('01_PCTN_DATA'!$A$4:$A$1000=IFERROR(INDEX(DM_DON_VI!$B$4:$B$185,MATCH(P$4,DM_DON_VI!$D$4:$D$185,0)),""))*IFERROR(INDEX('01_PCTN_DATA'!$A$4:$ZZ$1000,0,MATCH($G8,'01_PCTN_DATA'!$A$3:$ZZ$3,0)),0))} -> 0 | Q8: {=SUMPRODUCT(('01_PCTN_DATA'!$A$4:$A$1000=IFERROR(INDEX(DM_DON_VI!$B$4:$B$185,MATCH(Q$4,DM_DON_VI!$D$4:$D$185,0)),""))*IFERROR(INDEX('01_PCTN_DATA'!$A$4:$ZZ$1000,0,MATCH($G8,'01_PCTN_DATA'!$A$3:$ZZ$3,0)),0))} -> 0 | R8: {=SUMPRODUCT(('01_PCTN_DATA'!$A$4:$A$1000=IFERROR(INDEX(DM_DON_VI!$B$4:$B$185,MATCH(R$4,DM_DON_VI!$D$4:$D$185,0)),""))*IFERROR(INDEX('01_PCTN_DATA'!$A$4:$ZZ$1000,0,MATCH($G8,'01_PCTN_DATA'!$A$3:$ZZ$3,0)),0))} -> 0 | S8: {=SUMPRODUCT(('01_PCTN_DATA'!$A$4:$A$1000=IFERROR(INDEX(DM_DON_VI!$B$4:$B$185,MATCH(S$4,DM_DON_VI!$D$4:$D$185,0)),""))*IFERROR(INDEX('01_PCTN_DATA'!$A$4:$ZZ$1000,0,MATCH($G8,'01_PCTN_DATA'!$A$3:$ZZ$3,0)),0))} -> 0 | ... GK8: {=SUMPRODUCT(('01_PCTN_DATA'!$A$4:$A$1000=IFERROR(INDEX(DM_DON_VI!$B$4:$B$185,MATCH(GK$4,DM_DON_VI!$D$4:$D$185,0)),""))*IFERROR(INDEX('01_PCTN_DATA'!$A$4:$ZZ$1000,0,MATCH($G8,'01_PCTN_DATA'!$A$3:$ZZ$3,0)),0))} -> 0
A9: TUYÊN TRUYỀN, PHỔ BIẾN, GIÁO DỤC PHÁP LUẬT VỀ PHÒNG, CHỐNG THAM NHŨNG, TIÊU CỰC | H9: SECTION | I9: TUYÊN TRUYỀN, PHỔ BIẾN, GIÁO DỤC PHÁP LUẬT VỀ PHÒNG, CHỐNG THAM NHŨNG, TIÊU CỰC
A10: 4 | B10: 4 | C10: Số lớp tuyên truyền, quán triệt pháp luật về phòng, chống tham nhũng, tiêu cực được tổ chức | D10: Lớp | E10: {=SUMPRODUCT(IFERROR(INDEX('01_PCTN_DATA'!$A$4:$ZZ$1000,0,MATCH($G10,'01_PCTN_DATA'!$A$3:$ZZ$3,0)),0))} -> 0 | G10: P01_4 | H10: ITEM | I10: TUYÊN TRUYỀN, PHỔ BIẾN, GIÁO DỤC PHÁP LUẬT VỀ PHÒNG, CHỐNG THAM NHŨNG, TIÊU CỰC | K10: 4 | L10: {=SUMPRODUCT(('01_PCTN_DATA'!$A$4:$A$1000=IFERROR(INDEX(DM_DON_VI!$B$4:$B$185,MATCH(L$4,DM_DON_VI!$D$4:$D$185,0)),""))*IFERROR(INDEX('01_PCTN_DATA'!$A$4:$ZZ$1000,0,MATCH($G10,'01_PCTN_DATA'!$A$3:$ZZ$3,0)),0))} -> 0 | M10: {=SUMPRODUCT(('01_PCTN_DATA'!$A$4:$A$1000=IFERROR(INDEX(DM_DON_VI!$B$4:$B$185,MATCH(M$4,DM_DON_VI!$D$4:$D$185,0)),""))*IFERROR(INDEX('01_PCTN_DATA'!$A$4:$ZZ$1000,0,MATCH($G10,'01_PCTN_DATA'!$A$3:$ZZ$3,0)),0))} -> 0 | N10: {=SUMPRODUCT(('01_PCTN_DATA'!$A$4:$A$1000=IFERROR(INDEX(DM_DON_VI!$B$4:$B$185,MATCH(N$4,DM_DON_VI!$D$4:$D$185,0)),""))*IFERROR(INDEX('01_PCTN_DATA'!$A$4:$ZZ$1000,0,MATCH($G10,'01_PCTN_DATA'!$A$3:$ZZ$3,0)),0))} -> 0 | O10: {=SUMPRODUCT(('01_PCTN_DATA'!$A$4:$A$1000=IFERROR(INDEX(DM_DON_VI!$B$4:$B$185,MATCH(O$4,DM_DON_VI!$D$4:$D$185,0)),""))*IFERROR(INDEX('01_PCTN_DATA'!$A$4:$ZZ$1000,0,MATCH($G10,'01_PCTN_DATA'!$A$3:$ZZ$3,0)),0))} -> 0 | P10: {=SUMPRODUCT(('01_PCTN_DATA'!$A$4:$A$1000=IFERROR(INDEX(DM_DON_VI!$B$4:$B$185,MATCH(P$4,DM_DON_VI!$D$4:$D$185,0)),""))*IFERROR(INDEX('01_PCTN_DATA'!$A$4:$ZZ$1000,0,MATCH($G10,'01_PCTN_DATA'!$A$3:$ZZ$3,0)),0))} -> 0 | Q10: {=SUMPRODUCT(('01_PCTN_DATA'!$A$4:$A$1000=IFERROR(INDEX(DM_DON_VI!$B$4:$B$185,MATCH(Q$4,DM_DON_VI!$D$4:$D$185,0)),""))*IFERROR(INDEX('01_PCTN_DATA'!$A$4:$ZZ$1000,0,MATCH($G10,'01_PCTN_DATA'!$A$3:$ZZ$3,0)),0))} -> 0 | R10: {=SUMPRODUCT(('01_PCTN_DATA'!$A$4:$A$1000=IFERROR(INDEX(DM_DON_VI!$B$4:$B$185,MATCH(R$4,DM_DON_VI!$D$4:$D$185,0)),""))*IFERROR(INDEX('01_PCTN_DATA'!$A$4:$ZZ$1000,0,MATCH($G10,'01_PCTN_DATA'!$A$3:$ZZ$3,0)),0))} -> 0 | S10: {=SUMPRODUCT(('01_PCTN_DATA'!$A$4:$A$1000=IFERROR(INDEX(DM_DON_VI!$B$4:$B$185,MATCH(S$4,DM_DON_VI!$D$4:$D$185,0)),""))*IFERROR(INDEX('01_PCTN_DATA'!$A$4:$ZZ$1000,0,MATCH($G10,'01_PCTN_DATA'!$A$3:$ZZ$3,0)),0))} -> 0 | ... GK10: {=SUMPRODUCT(('01_PCTN_DATA'!$A$4:$A$1000=IFERROR(INDEX(DM_DON_VI!$B$4:$B$185,MATCH(GK$4,DM_DON_VI!$D$4:$D$185,0)),""))*IFERROR(INDEX('01_PCTN_DATA'!$A$4:$ZZ$1000,0,MATCH($G10,'01_PCTN_DATA'!$A$3:$ZZ$3,0)),0))} -> 0
A11: 5 | B11: 5 | C11: Số lượt cán bộ, công chức, viên chức, nhân dân tham gia các lớp tập huấn, quán triệt pháp luật về phòng, chống tham nhũng, tiêu cực | D11: Lượt người | E11: {=SUMPRODUCT(IFERROR(INDEX('01_PCTN_DATA'!$A$4:$ZZ$1000,0,MATCH($G11,'01_PCTN_DATA'!$A$3:$ZZ$3,0)),0))} -> 0 | G11: P01_5 | H11: ITEM | I11: TUYÊN TRUYỀN, PHỔ BIẾN, GIÁO DỤC PHÁP LUẬT VỀ PHÒNG, CHỐNG THAM NHŨNG, TIÊU CỰC | K11: 5 | L11: {=SUMPRODUCT(('01_PCTN_DATA'!$A$4:$A$1000=IFERROR(INDEX(DM_DON_VI!$B$4:$B$185,MATCH(L$4,DM_DON_VI!$D$4:$D$185,0)),""))*IFERROR(INDEX('01_PCTN_DATA'!$A$4:$ZZ$1000,0,MATCH($G11,'01_PCTN_DATA'!$A$3:$ZZ$3,0)),0))} -> 0 | M11: {=SUMPRODUCT(('01_PCTN_DATA'!$A$4:$A$1000=IFERROR(INDEX(DM_DON_VI!$B$4:$B$185,MATCH(M$4,DM_DON_VI!$D$4:$D$185,0)),""))*IFERROR(INDEX('01_PCTN_DATA'!$A$4:$ZZ$1000,0,MATCH($G11,'01_PCTN_DATA'!$A$3:$ZZ$3,0)),0))} -> 0 | N11: {=SUMPRODUCT(('01_PCTN_DATA'!$A$4:$A$1000=IFERROR(INDEX(DM_DON_VI!$B$4:$B$185,MATCH(N$4,DM_DON_VI!$D$4:$D$185,0)),""))*IFERROR(INDEX('01_PCTN_DATA'!$A$4:$ZZ$1000,0,MATCH($G11,'01_PCTN_DATA'!$A$3:$ZZ$3,0)),0))} -> 0 | O11: {=SUMPRODUCT(('01_PCTN_DATA'!$A$4:$A$1000=IFERROR(INDEX(DM_DON_VI!$B$4:$B$185,MATCH(O$4,DM_DON_VI!$D$4:$D$185,0)),""))*IFERROR(INDEX('01_PCTN_DATA'!$A$4:$ZZ$1000,0,MATCH($G11,'01_PCTN_DATA'!$A$3:$ZZ$3,0)),0))} -> 0 | P11: {=SUMPRODUCT(('01_PCTN_DATA'!$A$4:$A$1000=IFERROR(INDEX(DM_DON_VI!$B$4:$B$185,MATCH(P$4,DM_DON_VI!$D$4:$D$185,0)),""))*IFERROR(INDEX('01_PCTN_DATA'!$A$4:$ZZ$1000,0,MATCH($G11,'01_PCTN_DATA'!$A$3:$ZZ$3,0)),0))} -> 0 | Q11: {=SUMPRODUCT(('01_PCTN_DATA'!$A$4:$A$1000=IFERROR(INDEX(DM_DON_VI!$B$4:$B$185,MATCH(Q$4,DM_DON_VI!$D$4:$D$185,0)),""))*IFERROR(INDEX('01_PCTN_DATA'!$A$4:$ZZ$1000,0,MATCH($G11,'01_PCTN_DATA'!$A$3:$ZZ$3,0)),0))} -> 0 | R11: {=SUMPRODUCT(('01_PCTN_DATA'!$A$4:$A$1000=IFERROR(INDEX(DM_DON_VI!$B$4:$B$185,MATCH(R$4,DM_DON_VI!$D$4:$D$185,0)),""))*IFERROR(INDEX('01_PCTN_DATA'!$A$4:$ZZ$1000,0,MATCH($G11,'01_PCTN_DATA'!$A$3:$ZZ$3,0)),0))} -> 0 | S11: {=SUMPRODUCT(('01_PCTN_DATA'!$A$4:$A$1000=IFERROR(INDEX(DM_DON_VI!$B$4:$B$185,MATCH(S$4,DM_DON_VI!$D$4:$D$185,0)),""))*IFERROR(INDEX('01_PCTN_DATA'!$A$4:$ZZ$1000,0,MATCH($G11,'01_PCTN_DATA'!$A$3:$ZZ$3,0)),0))} -> 0 | ... GK11: {=SUMPRODUCT(('01_PCTN_DATA'!$A$4:$A$1000=IFERROR(INDEX(DM_DON_VI!$B$4:$B$185,MATCH(GK$4,DM_DON_VI!$D$4:$D$185,0)),""))*IFERROR(INDEX('01_PCTN_DATA'!$A$4:$ZZ$1000,0,MATCH($G11,'01_PCTN_DATA'!$A$3:$ZZ$3,0)),0))} -> 0
A12: 6 | B12: 6 | C12: Số lượng đầu sách, tài liệu về pháp luật phòng, chống tham nhũng được xuất bản | D12: Tài liệu | E12: {=SUMPRODUCT(IFERROR(INDEX('01_PCTN_DATA'!$A$4:$ZZ$1000,0,MATCH($G12,'01_PCTN_DATA'!$A$3:$ZZ$3,0)),0))} -> 0 | G12: P01_6 | H12: ITEM | I12: TUYÊN TRUYỀN, PHỔ BIẾN, GIÁO DỤC PHÁP LUẬT VỀ PHÒNG, CHỐNG THAM NHŨNG, TIÊU CỰC | K12: 6 | L12: {=SUMPRODUCT(('01_PCTN_DATA'!$A$4:$A$1000=IFERROR(INDEX(DM_DON_VI!$B$4:$B$185,MATCH(L$4,DM_DON_VI!$D$4:$D$185,0)),""))*IFERROR(INDEX('01_PCTN_DATA'!$A$4:$ZZ$1000,0,MATCH($G12,'01_PCTN_DATA'!$A$3:$ZZ$3,0)),0))} -> 0 | M12: {=SUMPRODUCT(('01_PCTN_DATA'!$A$4:$A$1000=IFERROR(INDEX(DM_DON_VI!$B$4:$B$185,MATCH(M$4,DM_DON_VI!$D$4:$D$185,0)),""))*IFERROR(INDEX('01_PCTN_DATA'!$A$4:$ZZ$1000,0,MATCH($G12,'01_PCTN_DATA'!$A$3:$ZZ$3,0)),0))} -> 0 | N12: {=SUMPRODUCT(('01_PCTN_DATA'!$A$4:$A$1000=IFERROR(INDEX(DM_DON_VI!$B$4:$B$185,MATCH(N$4,DM_DON_VI!$D$4:$D$185,0)),""))*IFERROR(INDEX('01_PCTN_DATA'!$A$4:$ZZ$1000,0,MATCH($G12,'01_PCTN_DATA'!$A$3:$ZZ$3,0)),0))} -> 0 | O12: {=SUMPRODUCT(('01_PCTN_DATA'!$A$4:$A$1000=IFERROR(INDEX(DM_DON_VI!$B$4:$B$185,MATCH(O$4,DM_DON_VI!$D$4:$D$185,0)),""))*IFERROR(INDEX('01_PCTN_DATA'!$A$4:$ZZ$1000,0,MATCH($G12,'01_PCTN_DATA'!$A$3:$ZZ$3,0)),0))} -> 0 | P12: {=SUMPRODUCT(('01_PCTN_DATA'!$A$4:$A$1000=IFERROR(INDEX(DM_DON_VI!$B$4:$B$185,MATCH(P$4,DM_DON_VI!$D$4:$D$185,0)),""))*IFERROR(INDEX('01_PCTN_DATA'!$A$4:$ZZ$1000,0,MATCH($G12,'01_PCTN_DATA'!$A$3:$ZZ$3,0)),0))} -> 0 | Q12: {=SUMPRODUCT(('01_PCTN_DATA'!$A$4:$A$1000=IFERROR(INDEX(DM_DON_VI!$B$4:$B$185,MATCH(Q$4,DM_DON_VI!$D$4:$D$185,0)),""))*IFERROR(INDEX('01_PCTN_DATA'!$A$4:$ZZ$1000,0,MATCH($G12,'01_PCTN_DATA'!$A$3:$ZZ$3,0)),0))} -> 0 | R12: {=SUMPRODUCT(('01_PCTN_DATA'!$A$4:$A$1000=IFERROR(INDEX(DM_DON_VI!$B$4:$B$185,MATCH(R$4,DM_DON_VI!$D$4:$D$185,0)),""))*IFERROR(INDEX('01_PCTN_DATA'!$A$4:$ZZ$1000,0,MATCH($G12,'01_PCTN_DATA'!$A$3:$ZZ$3,0)),0))} -> 0 | S12: {=SUMPRODUCT(('01_PCTN_DATA'!$A$4:$A$1000=IFERROR(INDEX(DM_DON_VI!$B$4:$B$185,MATCH(S$4,DM_DON_VI!$D$4:$D$185,0)),""))*IFERROR(INDEX('01_PCTN_DATA'!$A$4:$ZZ$1000,0,MATCH($G12,'01_PCTN_DATA'!$A$3:$ZZ$3,0)),0))} -> 0 | ... GK12: {=SUMPRODUCT(('01_PCTN_DATA'!$A$4:$A$1000=IFERROR(INDEX(DM_DON_VI!$B$4:$B$185,MATCH(GK$4,DM_DON_VI!$D$4:$D$185,0)),""))*IFERROR(INDEX('01_PCTN_DATA'!$A$4:$ZZ$1000,0,MATCH($G12,'01_PCTN_DATA'!$A$3:$ZZ$3,0)),0))} -> 0
A13: THANH TRA TRÁCH NHIỆM THỰC HIỆN PHÁP LUẬT VỀ PHÒNG, CHỐNG TNLPTC | H13: SECTION | I13: THANH TRA TRÁCH NHIỆM THỰC HIỆN PHÁP LUẬT VỀ PHÒNG, CHỐNG TNLPTC
A14: 7 | B14: 7 | C14: Tổng số cuộc thanh tra trách nhiệm thực hiện pháp luật về phòng, chống TNLPTC | D14: Cuộc | E14: {=SUMPRODUCT(IFERROR(INDEX('01_PCTN_DATA'!$A$4:$ZZ$1000,0,MATCH($G14,'01_PCTN_DATA'!$A$3:$ZZ$3,0)),0))} -> 0 | G14: P01_7 | H14: ITEM | I14: THANH TRA TRÁCH NHIỆM THỰC HIỆN PHÁP LUẬT VỀ PHÒNG, CHỐNG TNLPTC | K14: 7 | L14: {=SUMPRODUCT(('01_PCTN_DATA'!$A$4:$A$1000=IFERROR(INDEX(DM_DON_VI!$B$4:$B$185,MATCH(L$4,DM_DON_VI!$D$4:$D$185,0)),""))*IFERROR(INDEX('01_PCTN_DATA'!$A$4:$ZZ$1000,0,MATCH($G14,'01_PCTN_DATA'!$A$3:$ZZ$3,0)),0))} -> 0 | M14: {=SUMPRODUCT(('01_PCTN_DATA'!$A$4:$A$1000=IFERROR(INDEX(DM_DON_VI!$B$4:$B$185,MATCH(M$4,DM_DON_VI!$D$4:$D$185,0)),""))*IFERROR(INDEX('01_PCTN_DATA'!$A$4:$ZZ$1000,0,MATCH($G14,'01_PCTN_DATA'!$A$3:$ZZ$3,0)),0))} -> 0 | N14: {=SUMPRODUCT(('01_PCTN_DATA'!$A$4:$A$1000=IFERROR(INDEX(DM_DON_VI!$B$4:$B$185,MATCH(N$4,DM_DON_VI!$D$4:$D$185,0)),""))*IFERROR(INDEX('01_PCTN_DATA'!$A$4:$ZZ$1000,0,MATCH($G14,'01_PCTN_DATA'!$A$3:$ZZ$3,0)),0))} -> 0 | O14: {=SUMPRODUCT(('01_PCTN_DATA'!$A$4:$A$1000=IFERROR(INDEX(DM_DON_VI!$B$4:$B$185,MATCH(O$4,DM_DON_VI!$D$4:$D$185,0)),""))*IFERROR(INDEX('01_PCTN_DATA'!$A$4:$ZZ$1000,0,MATCH($G14,'01_PCTN_DATA'!$A$3:$ZZ$3,0)),0))} -> 0 | P14: {=SUMPRODUCT(('01_PCTN_DATA'!$A$4:$A$1000=IFERROR(INDEX(DM_DON_VI!$B$4:$B$185,MATCH(P$4,DM_DON_VI!$D$4:$D$185,0)),""))*IFERROR(INDEX('01_PCTN_DATA'!$A$4:$ZZ$1000,0,MATCH($G14,'01_PCTN_DATA'!$A$3:$ZZ$3,0)),0))} -> 0 | Q14: {=SUMPRODUCT(('01_PCTN_DATA'!$A$4:$A$1000=IFERROR(INDEX(DM_DON_VI!$B$4:$B$185,MATCH(Q$4,DM_DON_VI!$D$4:$D$185,0)),""))*IFERROR(INDEX('01_PCTN_DATA'!$A$4:$ZZ$1000,0,MATCH($G14,'01_PCTN_DATA'!$A$3:$ZZ$3,0)),0))} -> 0 | R14: {=SUMPRODUCT(('01_PCTN_DATA'!$A$4:$A$1000=IFERROR(INDEX(DM_DON_VI!$B$4:$B$185,MATCH(R$4,DM_DON_VI!$D$4:$D$185,0)),""))*IFERROR(INDEX('01_PCTN_DATA'!$A$4:$ZZ$1000,0,MATCH($G14,'01_PCTN_DATA'!$A$3:$ZZ$3,0)),0))} -> 0 | S14: {=SUMPRODUCT(('01_PCTN_DATA'!$A$4:$A$1000=IFERROR(INDEX(DM_DON_VI!$B$4:$B$185,MATCH(S$4,DM_DON_VI!$D$4:$D$185,0)),""))*IFERROR(INDEX('01_PCTN_DATA'!$A$4:$ZZ$1000,0,MATCH($G14,'01_PCTN_DATA'!$A$3:$ZZ$3,0)),0))} -> 0 | ... GK14: {=SUMPRODUCT(('01_PCTN_DATA'!$A$4:$A$1000=IFERROR(INDEX(DM_DON_VI!$B$4:$B$185,MATCH(GK$4,DM_DON_VI!$D$4:$D$185,0)),""))*IFERROR(INDEX('01_PCTN_DATA'!$A$4:$ZZ$1000,0,MATCH($G14,'01_PCTN_DATA'!$A$3:$ZZ$3,0)),0))} -> 0
A15: 8 | B15: 8 | C15: Số cuộc thanh tra trách nhiệm thực hiện pháp luật về phòng, chống TNLPTC đã ban hành kết luận | D15: Cuộc | E15: {=SUMPRODUCT(IFERROR(INDEX('01_PCTN_DATA'!$A$4:$ZZ$1000,0,MATCH($G15,'01_PCTN_DATA'!$A$3:$ZZ$3,0)),0))} -> 0 | G15: P01_8 | H15: ITEM | I15: THANH TRA TRÁCH NHIỆM THỰC HIỆN PHÁP LUẬT VỀ PHÒNG, CHỐNG TNLPTC | K15: 8 | L15: {=SUMPRODUCT(('01_PCTN_DATA'!$A$4:$A$1000=IFERROR(INDEX(DM_DON_VI!$B$4:$B$185,MATCH(L$4,DM_DON_VI!$D$4:$D$185,0)),""))*IFERROR(INDEX('01_PCTN_DATA'!$A$4:$ZZ$1000,0,MATCH($G15,'01_PCTN_DATA'!$A$3:$ZZ$3,0)),0))} -> 0 | M15: {=SUMPRODUCT(('01_PCTN_DATA'!$A$4:$A$1000=IFERROR(INDEX(DM_DON_VI!$B$4:$B$185,MATCH(M$4,DM_DON_VI!$D$4:$D$185,0)),""))*IFERROR(INDEX('01_PCTN_DATA'!$A$4:$ZZ$1000,0,MATCH($G15,'01_PCTN_DATA'!$A$3:$ZZ$3,0)),0))} -> 0 | N15: {=SUMPRODUCT(('01_PCTN_DATA'!$A$4:$A$1000=IFERROR(INDEX(DM_DON_VI!$B$4:$B$185,MATCH(N$4,DM_DON_VI!$D$4:$D$185,0)),""))*IFERROR(INDEX('01_PCTN_DATA'!$A$4:$ZZ$1000,0,MATCH($G15,'01_PCTN_DATA'!$A$3:$ZZ$3,0)),0))} -> 0 | O15: {=SUMPRODUCT(('01_PCTN_DATA'!$A$4:$A$1000=IFERROR(INDEX(DM_DON_VI!$B$4:$B$185,MATCH(O$4,DM_DON_VI!$D$4:$D$185,0)),""))*IFERROR(INDEX('01_PCTN_DATA'!$A$4:$ZZ$1000,0,MATCH($G15,'01_PCTN_DATA'!$A$3:$ZZ$3,0)),0))} -> 0 | P15: {=SUMPRODUCT(('01_PCTN_DATA'!$A$4:$A$1000=IFERROR(INDEX(DM_DON_VI!$B$4:$B$185,MATCH(P$4,DM_DON_VI!$D$4:$D$185,0)),""))*IFERROR(INDEX('01_PCTN_DATA'!$A$4:$ZZ$1000,0,MATCH($G15,'01_PCTN_DATA'!$A$3:$ZZ$3,0)),0))} -> 0 | Q15: {=SUMPRODUCT(('01_PCTN_DATA'!$A$4:$A$1000=IFERROR(INDEX(DM_DON_VI!$B$4:$B$185,MATCH(Q$4,DM_DON_VI!$D$4:$D$185,0)),""))*IFERROR(INDEX('01_PCTN_DATA'!$A$4:$ZZ$1000,0,MATCH($G15,'01_PCTN_DATA'!$A$3:$ZZ$3,0)),0))} -> 0 | R15: {=SUMPRODUCT(('01_PCTN_DATA'!$A$4:$A$1000=IFERROR(INDEX(DM_DON_VI!$B$4:$B$185,MATCH(R$4,DM_DON_VI!$D$4:$D$185,0)),""))*IFERROR(INDEX('01_PCTN_DATA'!$A$4:$ZZ$1000,0,MATCH($G15,'01_PCTN_DATA'!$A$3:$ZZ$3,0)),0))} -> 0 | S15: {=SUMPRODUCT(('01_PCTN_DATA'!$A$4:$A$1000=IFERROR(INDEX(DM_DON_VI!$B$4:$B$185,MATCH(S$4,DM_DON_VI!$D$4:$D$185,0)),""))*IFERROR(INDEX('01_PCTN_DATA'!$A$4:$ZZ$1000,0,MATCH($G15,'01_PCTN_DATA'!$A$3:$ZZ$3,0)),0))} -> 0 | ... GK15: {=SUMPRODUCT(('01_PCTN_DATA'!$A$4:$A$1000=IFERROR(INDEX(DM_DON_VI!$B$4:$B$185,MATCH(GK$4,DM_DON_VI!$D$4:$D$185,0)),""))*IFERROR(INDEX('01_PCTN_DATA'!$A$4:$ZZ$1000,0,MATCH($G15,'01_PCTN_DATA'!$A$3:$ZZ$3,0)),0))} -> 0
A16: 9 | B16: 9 | C16: Số đơn vị được thanh tra | D16: Đơn vị | E16: {=SUMPRODUCT(IFERROR(INDEX('01_PCTN_DATA'!$A$4:$ZZ$1000,0,MATCH($G16,'01_PCTN_DATA'!$A$3:$ZZ$3,0)),0))} -> 0 | G16: P01_9 | H16: ITEM | I16: THANH TRA TRÁCH NHIỆM THỰC HIỆN PHÁP LUẬT VỀ PHÒNG, CHỐNG TNLPTC | K16: 9 | L16: {=SUMPRODUCT(('01_PCTN_DATA'!$A$4:$A$1000=IFERROR(INDEX(DM_DON_VI!$B$4:$B$185,MATCH(L$4,DM_DON_VI!$D$4:$D$185,0)),""))*IFERROR(INDEX('01_PCTN_DATA'!$A$4:$ZZ$1000,0,MATCH($G16,'01_PCTN_DATA'!$A$3:$ZZ$3,0)),0))} -> 0 | M16: {=SUMPRODUCT(('01_PCTN_DATA'!$A$4:$A$1000=IFERROR(INDEX(DM_DON_VI!$B$4:$B$185,MATCH(M$4,DM_DON_VI!$D$4:$D$185,0)),""))*IFERROR(INDEX('01_PCTN_DATA'!$A$4:$ZZ$1000,0,MATCH($G16,'01_PCTN_DATA'!$A$3:$ZZ$3,0)),0))} -> 0 | N16: {=SUMPRODUCT(('01_PCTN_DATA'!$A$4:$A$1000=IFERROR(INDEX(DM_DON_VI!$B$4:$B$185,MATCH(N$4,DM_DON_VI!$D$4:$D$185,0)),""))*IFERROR(INDEX('01_PCTN_DATA'!$A$4:$ZZ$1000,0,MATCH($G16,'01_PCTN_DATA'!$A$3:$ZZ$3,0)),0))} -> 0 | O16: {=SUMPRODUCT(('01_PCTN_DATA'!$A$4:$A$1000=IFERROR(INDEX(DM_DON_VI!$B$4:$B$185,MATCH(O$4,DM_DON_VI!$D$4:$D$185,0)),""))*IFERROR(INDEX('01_PCTN_DATA'!$A$4:$ZZ$1000,0,MATCH($G16,'01_PCTN_DATA'!$A$3:$ZZ$3,0)),0))} -> 0 | P16: {=SUMPRODUCT(('01_PCTN_DATA'!$A$4:$A$1000=IFERROR(INDEX(DM_DON_VI!$B$4:$B$185,MATCH(P$4,DM_DON_VI!$D$4:$D$185,0)),""))*IFERROR(INDEX('01_PCTN_DATA'!$A$4:$ZZ$1000,0,MATCH($G16,'01_PCTN_DATA'!$A$3:$ZZ$3,0)),0))} -> 0 | Q16: {=SUMPRODUCT(('01_PCTN_DATA'!$A$4:$A$1000=IFERROR(INDEX(DM_DON_VI!$B$4:$B$185,MATCH(Q$4,DM_DON_VI!$D$4:$D$185,0)),""))*IFERROR(INDEX('01_PCTN_DATA'!$A$4:$ZZ$1000,0,MATCH($G16,'01_PCTN_DATA'!$A$3:$ZZ$3,0)),0))} -> 0 | R16: {=SUMPRODUCT(('01_PCTN_DATA'!$A$4:$A$1000=IFERROR(INDEX(DM_DON_VI!$B$4:$B$185,MATCH(R$4,DM_DON_VI!$D$4:$D$185,0)),""))*IFERROR(INDEX('01_PCTN_DATA'!$A$4:$ZZ$1000,0,MATCH($G16,'01_PCTN_DATA'!$A$3:$ZZ$3,0)),0))} -> 0 | S16: {=SUMPRODUCT(('01_PCTN_DATA'!$A$4:$A$1000=IFERROR(INDEX(DM_DON_VI!$B$4:$B$185,MATCH(S$4,DM_DON_VI!$D$4:$D$185,0)),""))*IFERROR(INDEX('01_PCTN_DATA'!$A$4:$ZZ$1000,0,MATCH($G16,'01_PCTN_DATA'!$A$3:$ZZ$3,0)),0))} -> 0 | ... GK16: {=SUMPRODUCT(('01_PCTN_DATA'!$A$4:$A$1000=IFERROR(INDEX(DM_DON_VI!$B$4:$B$185,MATCH(GK$4,DM_DON_VI!$D$4:$D$185,0)),""))*IFERROR(INDEX('01_PCTN_DATA'!$A$4:$ZZ$1000,0,MATCH($G16,'01_PCTN_DATA'!$A$3:$ZZ$3,0)),0))} -> 0
C17: Kiến nghị xử lý hành chính | H17: SUBSECTION | I17: THANH TRA TRÁCH NHIỆM THỰC HIỆN PHÁP LUẬT VỀ PHÒNG, CHỐNG TNLPTC | J17: Kiến nghị xử lý hành chính
A18: 10 | B18: 10 | C18: + Tập thể | D18: Tập thể | E18: {=SUMPRODUCT(IFERROR(INDEX('01_PCTN_DATA'!$A$4:$ZZ$1000,0,MATCH($G18,'01_PCTN_DATA'!$A$3:$ZZ$3,0)),0))} -> 0 | G18: P01_10 | H18: ITEM | I18: THANH TRA TRÁCH NHIỆM THỰC HIỆN PHÁP LUẬT VỀ PHÒNG, CHỐNG TNLPTC | J18: Kiến nghị xử lý hành chính | K18: 10 | L18: {=SUMPRODUCT(('01_PCTN_DATA'!$A$4:$A$1000=IFERROR(INDEX(DM_DON_VI!$B$4:$B$185,MATCH(L$4,DM_DON_VI!$D$4:$D$185,0)),""))*IFERROR(INDEX('01_PCTN_DATA'!$A$4:$ZZ$1000,0,MATCH($G18,'01_PCTN_DATA'!$A$3:$ZZ$3,0)),0))} -> 0 | M18: {=SUMPRODUCT(('01_PCTN_DATA'!$A$4:$A$1000=IFERROR(INDEX(DM_DON_VI!$B$4:$B$185,MATCH(M$4,DM_DON_VI!$D$4:$D$185,0)),""))*IFERROR(INDEX('01_PCTN_DATA'!$A$4:$ZZ$1000,0,MATCH($G18,'01_PCTN_DATA'!$A$3:$ZZ$3,0)),0))} -> 0 | N18: {=SUMPRODUCT(('01_PCTN_DATA'!$A$4:$A$1000=IFERROR(INDEX(DM_DON_VI!$B$4:$B$185,MATCH(N$4,DM_DON_VI!$D$4:$D$185,0)),""))*IFERROR(INDEX('01_PCTN_DATA'!$A$4:$ZZ$1000,0,MATCH($G18,'01_PCTN_DATA'!$A$3:$ZZ$3,0)),0))} -> 0 | O18: {=SUMPRODUCT(('01_PCTN_DATA'!$A$4:$A$1000=IFERROR(INDEX(DM_DON_VI!$B$4:$B$185,MATCH(O$4,DM_DON_VI!$D$4:$D$185,0)),""))*IFERROR(INDEX('01_PCTN_DATA'!$A$4:$ZZ$1000,0,MATCH($G18,'01_PCTN_DATA'!$A$3:$ZZ$3,0)),0))} -> 0 | P18: {=SUMPRODUCT(('01_PCTN_DATA'!$A$4:$A$1000=IFERROR(INDEX(DM_DON_VI!$B$4:$B$185,MATCH(P$4,DM_DON_VI!$D$4:$D$185,0)),""))*IFERROR(INDEX('01_PCTN_DATA'!$A$4:$ZZ$1000,0,MATCH($G18,'01_PCTN_DATA'!$A$3:$ZZ$3,0)),0))} -> 0 | Q18: {=SUMPRODUCT(('01_PCTN_DATA'!$A$4:$A$1000=IFERROR(INDEX(DM_DON_VI!$B$4:$B$185,MATCH(Q$4,DM_DON_VI!$D$4:$D$185,0)),""))*IFERROR(INDEX('01_PCTN_DATA'!$A$4:$ZZ$1000,0,MATCH($G18,'01_PCTN_DATA'!$A$3:$ZZ$3,0)),0))} -> 0 | R18: {=SUMPRODUCT(('01_PCTN_DATA'!$A$4:$A$1000=IFERROR(INDEX(DM_DON_VI!$B$4:$B$185,MATCH(R$4,DM_DON_VI!$D$4:$D$185,0)),""))*IFERROR(INDEX('01_PCTN_DATA'!$A$4:$ZZ$1000,0,MATCH($G18,'01_PCTN_DATA'!$A$3:$ZZ$3,0)),0))} -> 0 | S18: {=SUMPRODUCT(('01_PCTN_DATA'!$A$4:$A$1000=IFERROR(INDEX(DM_DON_VI!$B$4:$B$185,MATCH(S$4,DM_DON_VI!$D$4:$D$185,0)),""))*IFERROR(INDEX('01_PCTN_DATA'!$A$4:$ZZ$1000,0,MATCH($G18,'01_PCTN_DATA'!$A$3:$ZZ$3,0)),0))} -> 0 | ... GK18: {=SUMPRODUCT(('01_PCTN_DATA'!$A$4:$A$1000=IFERROR(INDEX(DM_DON_VI!$B$4:$B$185,MATCH(GK$4,DM_DON_VI!$D$4:$D$185,0)),""))*IFERROR(INDEX('01_PCTN_DATA'!$A$4:$ZZ$1000,0,MATCH($G18,'01_PCTN_DATA'!$A$3:$ZZ$3,0)),0))} -> 0
A19: 11 | B19: 11 | C19: + Cá nhân | D19: Người | E19: {=SUMPRODUCT(IFERROR(INDEX('01_PCTN_DATA'!$A$4:$ZZ$1000,0,MATCH($G19,'01_PCTN_DATA'!$A$3:$ZZ$3,0)),0))} -> 0 | G19: P01_11 | H19: ITEM | I19: THANH TRA TRÁCH NHIỆM THỰC HIỆN PHÁP LUẬT VỀ PHÒNG, CHỐNG TNLPTC | J19: Kiến nghị xử lý hành chính | K19: 11 | L19: {=SUMPRODUCT(('01_PCTN_DATA'!$A$4:$A$1000=IFERROR(INDEX(DM_DON_VI!$B$4:$B$185,MATCH(L$4,DM_DON_VI!$D$4:$D$185,0)),""))*IFERROR(INDEX('01_PCTN_DATA'!$A$4:$ZZ$1000,0,MATCH($G19,'01_PCTN_DATA'!$A$3:$ZZ$3,0)),0))} -> 0 | M19: {=SUMPRODUCT(('01_PCTN_DATA'!$A$4:$A$1000=IFERROR(INDEX(DM_DON_VI!$B$4:$B$185,MATCH(M$4,DM_DON_VI!$D$4:$D$185,0)),""))*IFERROR(INDEX('01_PCTN_DATA'!$A$4:$ZZ$1000,0,MATCH($G19,'01_PCTN_DATA'!$A$3:$ZZ$3,0)),0))} -> 0 | N19: {=SUMPRODUCT(('01_PCTN_DATA'!$A$4:$A$1000=IFERROR(INDEX(DM_DON_VI!$B$4:$B$185,MATCH(N$4,DM_DON_VI!$D$4:$D$185,0)),""))*IFERROR(INDEX('01_PCTN_DATA'!$A$4:$ZZ$1000,0,MATCH($G19,'01_PCTN_DATA'!$A$3:$ZZ$3,0)),0))} -> 0 | O19: {=SUMPRODUCT(('01_PCTN_DATA'!$A$4:$A$1000=IFERROR(INDEX(DM_DON_VI!$B$4:$B$185,MATCH(O$4,DM_DON_VI!$D$4:$D$185,0)),""))*IFERROR(INDEX('01_PCTN_DATA'!$A$4:$ZZ$1000,0,MATCH($G19,'01_PCTN_DATA'!$A$3:$ZZ$3,0)),0))} -> 0 | P19: {=SUMPRODUCT(('01_PCTN_DATA'!$A$4:$A$1000=IFERROR(INDEX(DM_DON_VI!$B$4:$B$185,MATCH(P$4,DM_DON_VI!$D$4:$D$185,0)),""))*IFERROR(INDEX('01_PCTN_DATA'!$A$4:$ZZ$1000,0,MATCH($G19,'01_PCTN_DATA'!$A$3:$ZZ$3,0)),0))} -> 0 | Q19: {=SUMPRODUCT(('01_PCTN_DATA'!$A$4:$A$1000=IFERROR(INDEX(DM_DON_VI!$B$4:$B$185,MATCH(Q$4,DM_DON_VI!$D$4:$D$185,0)),""))*IFERROR(INDEX('01_PCTN_DATA'!$A$4:$ZZ$1000,0,MATCH($G19,'01_PCTN_DATA'!$A$3:$ZZ$3,0)),0))} -> 0 | R19: {=SUMPRODUCT(('01_PCTN_DATA'!$A$4:$A$1000=IFERROR(INDEX(DM_DON_VI!$B$4:$B$185,MATCH(R$4,DM_DON_VI!$D$4:$D$185,0)),""))*IFERROR(INDEX('01_PCTN_DATA'!$A$4:$ZZ$1000,0,MATCH($G19,'01_PCTN_DATA'!$A$3:$ZZ$3,0)),0))} -> 0 | S19: {=SUMPRODUCT(('01_PCTN_DATA'!$A$4:$A$1000=IFERROR(INDEX(DM_DON_VI!$B$4:$B$185,MATCH(S$4,DM_DON_VI!$D$4:$D$185,0)),""))*IFERROR(INDEX('01_PCTN_DATA'!$A$4:$ZZ$1000,0,MATCH($G19,'01_PCTN_DATA'!$A$3:$ZZ$3,0)),0))} -> 0 | ... GK19: {=SUMPRODUCT(('01_PCTN_DATA'!$A$4:$A$1000=IFERROR(INDEX(DM_DON_VI!$B$4:$B$185,MATCH(GK$4,DM_DON_VI!$D$4:$D$185,0)),""))*IFERROR(INDEX('01_PCTN_DATA'!$A$4:$ZZ$1000,0,MATCH($G19,'01_PCTN_DATA'!$A$3:$ZZ$3,0)),0))} -> 0
C20: Kiến nghị xử lý hình sự | H20: SUBSECTION | I20: THANH TRA TRÁCH NHIỆM THỰC HIỆN PHÁP LUẬT VỀ PHÒNG, CHỐNG TNLPTC | J20: Kiến nghị xử lý hình sự
A21: 12 | B21: 12 | C21: + Số vụ | D21: Vụ | E21: {=SUMPRODUCT(IFERROR(INDEX('01_PCTN_DATA'!$A$4:$ZZ$1000,0,MATCH($G21,'01_PCTN_DATA'!$A$3:$ZZ$3,0)),0))} -> 0 | G21: P01_12 | H21: ITEM | I21: THANH TRA TRÁCH NHIỆM THỰC HIỆN PHÁP LUẬT VỀ PHÒNG, CHỐNG TNLPTC | J21: Kiến nghị xử lý hình sự | K21: 12 | L21: {=SUMPRODUCT(('01_PCTN_DATA'!$A$4:$A$1000=IFERROR(INDEX(DM_DON_VI!$B$4:$B$185,MATCH(L$4,DM_DON_VI!$D$4:$D$185,0)),""))*IFERROR(INDEX('01_PCTN_DATA'!$A$4:$ZZ$1000,0,MATCH($G21,'01_PCTN_DATA'!$A$3:$ZZ$3,0)),0))} -> 0 | M21: {=SUMPRODUCT(('01_PCTN_DATA'!$A$4:$A$1000=IFERROR(INDEX(DM_DON_VI!$B$4:$B$185,MATCH(M$4,DM_DON_VI!$D$4:$D$185,0)),""))*IFERROR(INDEX('01_PCTN_DATA'!$A$4:$ZZ$1000,0,MATCH($G21,'01_PCTN_DATA'!$A$3:$ZZ$3,0)),0))} -> 0 | N21: {=SUMPRODUCT(('01_PCTN_DATA'!$A$4:$A$1000=IFERROR(INDEX(DM_DON_VI!$B$4:$B$185,MATCH(N$4,DM_DON_VI!$D$4:$D$185,0)),""))*IFERROR(INDEX('01_PCTN_DATA'!$A$4:$ZZ$1000,0,MATCH($G21,'01_PCTN_DATA'!$A$3:$ZZ$3,0)),0))} -> 0 | O21: {=SUMPRODUCT(('01_PCTN_DATA'!$A$4:$A$1000=IFERROR(INDEX(DM_DON_VI!$B$4:$B$185,MATCH(O$4,DM_DON_VI!$D$4:$D$185,0)),""))*IFERROR(INDEX('01_PCTN_DATA'!$A$4:$ZZ$1000,0,MATCH($G21,'01_PCTN_DATA'!$A$3:$ZZ$3,0)),0))} -> 0 | P21: {=SUMPRODUCT(('01_PCTN_DATA'!$A$4:$A$1000=IFERROR(INDEX(DM_DON_VI!$B$4:$B$185,MATCH(P$4,DM_DON_VI!$D$4:$D$185,0)),""))*IFERROR(INDEX('01_PCTN_DATA'!$A$4:$ZZ$1000,0,MATCH($G21,'01_PCTN_DATA'!$A$3:$ZZ$3,0)),0))} -> 0 | Q21: {=SUMPRODUCT(('01_PCTN_DATA'!$A$4:$A$1000=IFERROR(INDEX(DM_DON_VI!$B$4:$B$185,MATCH(Q$4,DM_DON_VI!$D$4:$D$185,0)),""))*IFERROR(INDEX('01_PCTN_DATA'!$A$4:$ZZ$1000,0,MATCH($G21,'01_PCTN_DATA'!$A$3:$ZZ$3,0)),0))} -> 0 | R21: {=SUMPRODUCT(('01_PCTN_DATA'!$A$4:$A$1000=IFERROR(INDEX(DM_DON_VI!$B$4:$B$185,MATCH(R$4,DM_DON_VI!$D$4:$D$185,0)),""))*IFERROR(INDEX('01_PCTN_DATA'!$A$4:$ZZ$1000,0,MATCH($G21,'01_PCTN_DATA'!$A$3:$ZZ$3,0)),0))} -> 0 | S21: {=SUMPRODUCT(('01_PCTN_DATA'!$A$4:$A$1000=IFERROR(INDEX(DM_DON_VI!$B$4:$B$185,MATCH(S$4,DM_DON_VI!$D$4:$D$185,0)),""))*IFERROR(INDEX('01_PCTN_DATA'!$A$4:$ZZ$1000,0,MATCH($G21,'01_PCTN_DATA'!$A$3:$ZZ$3,0)),0))} -> 0 | ... GK21: {=SUMPRODUCT(('01_PCTN_DATA'!$A$4:$A$1000=IFERROR(INDEX(DM_DON_VI!$B$4:$B$185,MATCH(GK$4,DM_DON_VI!$D$4:$D$185,0)),""))*IFERROR(INDEX('01_PCTN_DATA'!$A$4:$ZZ$1000,0,MATCH($G21,'01_PCTN_DATA'!$A$3:$ZZ$3,0)),0))} -> 0
A22: 13 | B22: 13 | C22: + Số đối tượng | D22: Đối tượng | E22: {=SUMPRODUCT(IFERROR(INDEX('01_PCTN_DATA'!$A$4:$ZZ$1000,0,MATCH($G22,'01_PCTN_DATA'!$A$3:$ZZ$3,0)),0))} -> 0 | G22: P01_13 | H22: ITEM | I22: THANH TRA TRÁCH NHIỆM THỰC HIỆN PHÁP LUẬT VỀ PHÒNG, CHỐNG TNLPTC | J22: Kiến nghị xử lý hình sự | K22: 13 | L22: {=SUMPRODUCT(('01_PCTN_DATA'!$A$4:$A$1000=IFERROR(INDEX(DM_DON_VI!$B$4:$B$185,MATCH(L$4,DM_DON_VI!$D$4:$D$185,0)),""))*IFERROR(INDEX('01_PCTN_DATA'!$A$4:$ZZ$1000,0,MATCH($G22,'01_PCTN_DATA'!$A$3:$ZZ$3,0)),0))} -> 0 | M22: {=SUMPRODUCT(('01_PCTN_DATA'!$A$4:$A$1000=IFERROR(INDEX(DM_DON_VI!$B$4:$B$185,MATCH(M$4,DM_DON_VI!$D$4:$D$185,0)),""))*IFERROR(INDEX('01_PCTN_DATA'!$A$4:$ZZ$1000,0,MATCH($G22,'01_PCTN_DATA'!$A$3:$ZZ$3,0)),0))} -> 0 | N22: {=SUMPRODUCT(('01_PCTN_DATA'!$A$4:$A$1000=IFERROR(INDEX(DM_DON_VI!$B$4:$B$185,MATCH(N$4,DM_DON_VI!$D$4:$D$185,0)),""))*IFERROR(INDEX('01_PCTN_DATA'!$A$4:$ZZ$1000,0,MATCH($G22,'01_PCTN_DATA'!$A$3:$ZZ$3,0)),0))} -> 0 | O22: {=SUMPRODUCT(('01_PCTN_DATA'!$A$4:$A$1000=IFERROR(INDEX(DM_DON_VI!$B$4:$B$185,MATCH(O$4,DM_DON_VI!$D$4:$D$185,0)),""))*IFERROR(INDEX('01_PCTN_DATA'!$A$4:$ZZ$1000,0,MATCH($G22,'01_PCTN_DATA'!$A$3:$ZZ$3,0)),0))} -> 0 | P22: {=SUMPRODUCT(('01_PCTN_DATA'!$A$4:$A$1000=IFERROR(INDEX(DM_DON_VI!$B$4:$B$185,MATCH(P$4,DM_DON_VI!$D$4:$D$185,0)),""))*IFERROR(INDEX('01_PCTN_DATA'!$A$4:$ZZ$1000,0,MATCH($G22,'01_PCTN_DATA'!$A$3:$ZZ$3,0)),0))} -> 0 | Q22: {=SUMPRODUCT(('01_PCTN_DATA'!$A$4:$A$1000=IFERROR(INDEX(DM_DON_VI!$B$4:$B$185,MATCH(Q$4,DM_DON_VI!$D$4:$D$185,0)),""))*IFERROR(INDEX('01_PCTN_DATA'!$A$4:$ZZ$1000,0,MATCH($G22,'01_PCTN_DATA'!$A$3:$ZZ$3,0)),0))} -> 0 | R22: {=SUMPRODUCT(('01_PCTN_DATA'!$A$4:$A$1000=IFERROR(INDEX(DM_DON_VI!$B$4:$B$185,MATCH(R$4,DM_DON_VI!$D$4:$D$185,0)),""))*IFERROR(INDEX('01_PCTN_DATA'!$A$4:$ZZ$1000,0,MATCH($G22,'01_PCTN_DATA'!$A$3:$ZZ$3,0)),0))} -> 0 | S22: {=SUMPRODUCT(('01_PCTN_DATA'!$A$4:$A$1000=IFERROR(INDEX(DM_DON_VI!$B$4:$B$185,MATCH(S$4,DM_DON_VI!$D$4:$D$185,0)),""))*IFERROR(INDEX('01_PCTN_DATA'!$A$4:$ZZ$1000,0,MATCH($G22,'01_PCTN_DATA'!$A$3:$ZZ$3,0)),0))} -> 0 | ... GK22: {=SUMPRODUCT(('01_PCTN_DATA'!$A$4:$A$1000=IFERROR(INDEX(DM_DON_VI!$B$4:$B$185,MATCH(GK$4,DM_DON_VI!$D$4:$D$185,0)),""))*IFERROR(INDEX('01_PCTN_DATA'!$A$4:$ZZ$1000,0,MATCH($G22,'01_PCTN_DATA'!$A$3:$ZZ$3,0)),0))} -> 0
A23: PHÒNG NGỪA THAM NHŨNG TRONG CƠ QUAN, TỔ CHỨC, ĐƠN VỊ | H23: SECTION | I23: PHÒNG NGỪA THAM NHŨNG TRONG CƠ QUAN, TỔ CHỨC, ĐƠN VỊ
C24: Kết quả thực hiện công khai, minh bạch về tổ chức và hoạt động | H24: SUBSECTION | I24: PHÒNG NGỪA THAM NHŨNG TRONG CƠ QUAN, TỔ CHỨC, ĐƠN VỊ | J24: Kết quả thực hiện công khai, minh bạch về tổ chức và hoạt động
A25: 14 | B25: 14 | C25: Số cơ quan, tổ chức, đơn vị được kiểm tra việc thực hiện các quy định về công khai, minh bạch về tổ chức và hoạt động | D25: CQ, TC, ĐV | E25: {=SUMPRODUCT(IFERROR(INDEX('01_PCTN_DATA'!$A$4:$ZZ$1000,0,MATCH($G25,'01_PCTN_DATA'!$A$3:$ZZ$3,0)),0))} -> 0 | G25: P01_14 | H25: ITEM | I25: PHÒNG NGỪA THAM NHŨNG TRONG CƠ QUAN, TỔ CHỨC, ĐƠN VỊ | J25: Kết quả thực hiện công khai, minh bạch về tổ chức và hoạt động | K25: 14 | L25: {=SUMPRODUCT(('01_PCTN_DATA'!$A$4:$A$1000=IFERROR(INDEX(DM_DON_VI!$B$4:$B$185,MATCH(L$4,DM_DON_VI!$D$4:$D$185,0)),""))*IFERROR(INDEX('01_PCTN_DATA'!$A$4:$ZZ$1000,0,MATCH($G25,'01_PCTN_DATA'!$A$3:$ZZ$3,0)),0))} -> 0 | M25: {=SUMPRODUCT(('01_PCTN_DATA'!$A$4:$A$1000=IFERROR(INDEX(DM_DON_VI!$B$4:$B$185,MATCH(M$4,DM_DON_VI!$D$4:$D$185,0)),""))*IFERROR(INDEX('01_PCTN_DATA'!$A$4:$ZZ$1000,0,MATCH($G25,'01_PCTN_DATA'!$A$3:$ZZ$3,0)),0))} -> 0 | N25: {=SUMPRODUCT(('01_PCTN_DATA'!$A$4:$A$1000=IFERROR(INDEX(DM_DON_VI!$B$4:$B$185,MATCH(N$4,DM_DON_VI!$D$4:$D$185,0)),""))*IFERROR(INDEX('01_PCTN_DATA'!$A$4:$ZZ$1000,0,MATCH($G25,'01_PCTN_DATA'!$A$3:$ZZ$3,0)),0))} -> 0 | O25: {=SUMPRODUCT(('01_PCTN_DATA'!$A$4:$A$1000=IFERROR(INDEX(DM_DON_VI!$B$4:$B$185,MATCH(O$4,DM_DON_VI!$D$4:$D$185,0)),""))*IFERROR(INDEX('01_PCTN_DATA'!$A$4:$ZZ$1000,0,MATCH($G25,'01_PCTN_DATA'!$A$3:$ZZ$3,0)),0))} -> 0 | P25: {=SUMPRODUCT(('01_PCTN_DATA'!$A$4:$A$1000=IFERROR(INDEX(DM_DON_VI!$B$4:$B$185,MATCH(P$4,DM_DON_VI!$D$4:$D$185,0)),""))*IFERROR(INDEX('01_PCTN_DATA'!$A$4:$ZZ$1000,0,MATCH($G25,'01_PCTN_DATA'!$A$3:$ZZ$3,0)),0))} -> 0 | Q25: {=SUMPRODUCT(('01_PCTN_DATA'!$A$4:$A$1000=IFERROR(INDEX(DM_DON_VI!$B$4:$B$185,MATCH(Q$4,DM_DON_VI!$D$4:$D$185,0)),""))*IFERROR(INDEX('01_PCTN_DATA'!$A$4:$ZZ$1000,0,MATCH($G25,'01_PCTN_DATA'!$A$3:$ZZ$3,0)),0))} -> 0 | R25: {=SUMPRODUCT(('01_PCTN_DATA'!$A$4:$A$1000=IFERROR(INDEX(DM_DON_VI!$B$4:$B$185,MATCH(R$4,DM_DON_VI!$D$4:$D$185,0)),""))*IFERROR(INDEX('01_PCTN_DATA'!$A$4:$ZZ$1000,0,MATCH($G25,'01_PCTN_DATA'!$A$3:$ZZ$3,0)),0))} -> 0 | S25: {=SUMPRODUCT(('01_PCTN_DATA'!$A$4:$A$1000=IFERROR(INDEX(DM_DON_VI!$B$4:$B$185,MATCH(S$4,DM_DON_VI!$D$4:$D$185,0)),""))*IFERROR(INDEX('01_PCTN_DATA'!$A$4:$ZZ$1000,0,MATCH($G25,'01_PCTN_DATA'!$A$3:$ZZ$3,0)),0))} -> 0 | ... GK25: {=SUMPRODUCT(('01_PCTN_DATA'!$A$4:$A$1000=IFERROR(INDEX(DM_DON_VI!$B$4:$B$185,MATCH(GK$4,DM_DON_VI!$D$4:$D$185,0)),""))*IFERROR(INDEX('01_PCTN_DATA'!$A$4:$ZZ$1000,0,MATCH($G25,'01_PCTN_DATA'!$A$3:$ZZ$3,0)),0))} -> 0
A26: 15 | B26: 15 | C26: Số cơ quan, tổ chức, đơn vị bị phát hiện có vi phạm quy định về công khai, minh bạch về tổ chức và hoạt động | D26: CQ, TC, ĐV | E26: {=SUMPRODUCT(IFERROR(INDEX('01_PCTN_DATA'!$A$4:$ZZ$1000,0,MATCH($G26,'01_PCTN_DATA'!$A$3:$ZZ$3,0)),0))} -> 0 | G26: P01_15 | H26: ITEM | I26: PHÒNG NGỪA THAM NHŨNG TRONG CƠ QUAN, TỔ CHỨC, ĐƠN VỊ | J26: Kết quả thực hiện công khai, minh bạch về tổ chức và hoạt động | K26: 15 | L26: {=SUMPRODUCT(('01_PCTN_DATA'!$A$4:$A$1000=IFERROR(INDEX(DM_DON_VI!$B$4:$B$185,MATCH(L$4,DM_DON_VI!$D$4:$D$185,0)),""))*IFERROR(INDEX('01_PCTN_DATA'!$A$4:$ZZ$1000,0,MATCH($G26,'01_PCTN_DATA'!$A$3:$ZZ$3,0)),0))} -> 0 | M26: {=SUMPRODUCT(('01_PCTN_DATA'!$A$4:$A$1000=IFERROR(INDEX(DM_DON_VI!$B$4:$B$185,MATCH(M$4,DM_DON_VI!$D$4:$D$185,0)),""))*IFERROR(INDEX('01_PCTN_DATA'!$A$4:$ZZ$1000,0,MATCH($G26,'01_PCTN_DATA'!$A$3:$ZZ$3,0)),0))} -> 0 | N26: {=SUMPRODUCT(('01_PCTN_DATA'!$A$4:$A$1000=IFERROR(INDEX(DM_DON_VI!$B$4:$B$185,MATCH(N$4,DM_DON_VI!$D$4:$D$185,0)),""))*IFERROR(INDEX('01_PCTN_DATA'!$A$4:$ZZ$1000,0,MATCH($G26,'01_PCTN_DATA'!$A$3:$ZZ$3,0)),0))} -> 0 | O26: {=SUMPRODUCT(('01_PCTN_DATA'!$A$4:$A$1000=IFERROR(INDEX(DM_DON_VI!$B$4:$B$185,MATCH(O$4,DM_DON_VI!$D$4:$D$185,0)),""))*IFERROR(INDEX('01_PCTN_DATA'!$A$4:$ZZ$1000,0,MATCH($G26,'01_PCTN_DATA'!$A$3:$ZZ$3,0)),0))} -> 0 | P26: {=SUMPRODUCT(('01_PCTN_DATA'!$A$4:$A$1000=IFERROR(INDEX(DM_DON_VI!$B$4:$B$185,MATCH(P$4,DM_DON_VI!$D$4:$D$185,0)),""))*IFERROR(INDEX('01_PCTN_DATA'!$A$4:$ZZ$1000,0,MATCH($G26,'01_PCTN_DATA'!$A$3:$ZZ$3,0)),0))} -> 0 | Q26: {=SUMPRODUCT(('01_PCTN_DATA'!$A$4:$A$1000=IFERROR(INDEX(DM_DON_VI!$B$4:$B$185,MATCH(Q$4,DM_DON_VI!$D$4:$D$185,0)),""))*IFERROR(INDEX('01_PCTN_DATA'!$A$4:$ZZ$1000,0,MATCH($G26,'01_PCTN_DATA'!$A$3:$ZZ$3,0)),0))} -> 0 | R26: {=SUMPRODUCT(('01_PCTN_DATA'!$A$4:$A$1000=IFERROR(INDEX(DM_DON_VI!$B$4:$B$185,MATCH(R$4,DM_DON_VI!$D$4:$D$185,0)),""))*IFERROR(INDEX('01_PCTN_DATA'!$A$4:$ZZ$1000,0,MATCH($G26,'01_PCTN_DATA'!$A$3:$ZZ$3,0)),0))} -> 0 | S26: {=SUMPRODUCT(('01_PCTN_DATA'!$A$4:$A$1000=IFERROR(INDEX(DM_DON_VI!$B$4:$B$185,MATCH(S$4,DM_DON_VI!$D$4:$D$185,0)),""))*IFERROR(INDEX('01_PCTN_DATA'!$A$4:$ZZ$1000,0,MATCH($G26,'01_PCTN_DATA'!$A$3:$ZZ$3,0)),0))} -> 0 | ... GK26: {=SUMPRODUCT(('01_PCTN_DATA'!$A$4:$A$1000=IFERROR(INDEX(DM_DON_VI!$B$4:$B$185,MATCH(GK$4,DM_DON_VI!$D$4:$D$185,0)),""))*IFERROR(INDEX('01_PCTN_DATA'!$A$4:$ZZ$1000,0,MATCH($G26,'01_PCTN_DATA'!$A$3:$ZZ$3,0)),0))} -> 0
C27: Xây dựng và thực hiện định mức, tiêu chuẩn, chế độ | H27: SUBSECTION | I27: PHÒNG NGỪA THAM NHŨNG TRONG CƠ QUAN, TỔ CHỨC, ĐƠN VỊ | J27: Xây dựng và thực hiện định mức, tiêu chuẩn, chế độ
A28: 16 | B28: 16 | C28: Số văn bản về định mức, tiêu chuẩn, chế độ đã được ban hành mới | D28: Văn bản | E28: {=SUMPRODUCT(IFERROR(INDEX('01_PCTN_DATA'!$A$4:$ZZ$1000,0,MATCH($G28,'01_PCTN_DATA'!$A$3:$ZZ$3,0)),0))} -> 0 | G28: P01_16 | H28: ITEM | I28: PHÒNG NGỪA THAM NHŨNG TRONG CƠ QUAN, TỔ CHỨC, ĐƠN VỊ | J28: Xây dựng và thực hiện định mức, tiêu chuẩn, chế độ | K28: 16 | L28: {=SUMPRODUCT(('01_PCTN_DATA'!$A$4:$A$1000=IFERROR(INDEX(DM_DON_VI!$B$4:$B$185,MATCH(L$4,DM_DON_VI!$D$4:$D$185,0)),""))*IFERROR(INDEX('01_PCTN_DATA'!$A$4:$ZZ$1000,0,MATCH($G28,'01_PCTN_DATA'!$A$3:$ZZ$3,0)),0))} -> 0 | M28: {=SUMPRODUCT(('01_PCTN_DATA'!$A$4:$A$1000=IFERROR(INDEX(DM_DON_VI!$B$4:$B$185,MATCH(M$4,DM_DON_VI!$D$4:$D$185,0)),""))*IFERROR(INDEX('01_PCTN_DATA'!$A$4:$ZZ$1000,0,MATCH($G28,'01_PCTN_DATA'!$A$3:$ZZ$3,0)),0))} -> 0 | N28: {=SUMPRODUCT(('01_PCTN_DATA'!$A$4:$A$1000=IFERROR(INDEX(DM_DON_VI!$B$4:$B$185,MATCH(N$4,DM_DON_VI!$D$4:$D$185,0)),""))*IFERROR(INDEX('01_PCTN_DATA'!$A$4:$ZZ$1000,0,MATCH($G28,'01_PCTN_DATA'!$A$3:$ZZ$3,0)),0))} -> 0 | O28: {=SUMPRODUCT(('01_PCTN_DATA'!$A$4:$A$1000=IFERROR(INDEX(DM_DON_VI!$B$4:$B$185,MATCH(O$4,DM_DON_VI!$D$4:$D$185,0)),""))*IFERROR(INDEX('01_PCTN_DATA'!$A$4:$ZZ$1000,0,MATCH($G28,'01_PCTN_DATA'!$A$3:$ZZ$3,0)),0))} -> 0 | P28: {=SUMPRODUCT(('01_PCTN_DATA'!$A$4:$A$1000=IFERROR(INDEX(DM_DON_VI!$B$4:$B$185,MATCH(P$4,DM_DON_VI!$D$4:$D$185,0)),""))*IFERROR(INDEX('01_PCTN_DATA'!$A$4:$ZZ$1000,0,MATCH($G28,'01_PCTN_DATA'!$A$3:$ZZ$3,0)),0))} -> 0 | Q28: {=SUMPRODUCT(('01_PCTN_DATA'!$A$4:$A$1000=IFERROR(INDEX(DM_DON_VI!$B$4:$B$185,MATCH(Q$4,DM_DON_VI!$D$4:$D$185,0)),""))*IFERROR(INDEX('01_PCTN_DATA'!$A$4:$ZZ$1000,0,MATCH($G28,'01_PCTN_DATA'!$A$3:$ZZ$3,0)),0))} -> 0 | R28: {=SUMPRODUCT(('01_PCTN_DATA'!$A$4:$A$1000=IFERROR(INDEX(DM_DON_VI!$B$4:$B$185,MATCH(R$4,DM_DON_VI!$D$4:$D$185,0)),""))*IFERROR(INDEX('01_PCTN_DATA'!$A$4:$ZZ$1000,0,MATCH($G28,'01_PCTN_DATA'!$A$3:$ZZ$3,0)),0))} -> 0 | S28: {=SUMPRODUCT(('01_PCTN_DATA'!$A$4:$A$1000=IFERROR(INDEX(DM_DON_VI!$B$4:$B$185,MATCH(S$4,DM_DON_VI!$D$4:$D$185,0)),""))*IFERROR(INDEX('01_PCTN_DATA'!$A$4:$ZZ$1000,0,MATCH($G28,'01_PCTN_DATA'!$A$3:$ZZ$3,0)),0))} -> 0 | ... GK28: {=SUMPRODUCT(('01_PCTN_DATA'!$A$4:$A$1000=IFERROR(INDEX(DM_DON_VI!$B$4:$B$185,MATCH(GK$4,DM_DON_VI!$D$4:$D$185,0)),""))*IFERROR(INDEX('01_PCTN_DATA'!$A$4:$ZZ$1000,0,MATCH($G28,'01_PCTN_DATA'!$A$3:$ZZ$3,0)),0))} -> 0
A29: 17 | B29: 17 | C29: Số văn bản về định mức, tiêu chuẩn, chế độ đã được sửa đổi, bổ sung, bãi bỏ | D29: Văn bản | E29: {=SUMPRODUCT(IFERROR(INDEX('01_PCTN_DATA'!$A$4:$ZZ$1000,0,MATCH($G29,'01_PCTN_DATA'!$A$3:$ZZ$3,0)),0))} -> 0 | G29: P01_17 | H29: ITEM | I29: PHÒNG NGỪA THAM NHŨNG TRONG CƠ QUAN, TỔ CHỨC, ĐƠN VỊ | J29: Xây dựng và thực hiện định mức, tiêu chuẩn, chế độ | K29: 17 | L29: {=SUMPRODUCT(('01_PCTN_DATA'!$A$4:$A$1000=IFERROR(INDEX(DM_DON_VI!$B$4:$B$185,MATCH(L$4,DM_DON_VI!$D$4:$D$185,0)),""))*IFERROR(INDEX('01_PCTN_DATA'!$A$4:$ZZ$1000,0,MATCH($G29,'01_PCTN_DATA'!$A$3:$ZZ$3,0)),0))} -> 0 | M29: {=SUMPRODUCT(('01_PCTN_DATA'!$A$4:$A$1000=IFERROR(INDEX(DM_DON_VI!$B$4:$B$185,MATCH(M$4,DM_DON_VI!$D$4:$D$185,0)),""))*IFERROR(INDEX('01_PCTN_DATA'!$A$4:$ZZ$1000,0,MATCH($G29,'01_PCTN_DATA'!$A$3:$ZZ$3,0)),0))} -> 0 | N29: {=SUMPRODUCT(('01_PCTN_DATA'!$A$4:$A$1000=IFERROR(INDEX(DM_DON_VI!$B$4:$B$185,MATCH(N$4,DM_DON_VI!$D$4:$D$185,0)),""))*IFERROR(INDEX('01_PCTN_DATA'!$A$4:$ZZ$1000,0,MATCH($G29,'01_PCTN_DATA'!$A$3:$ZZ$3,0)),0))} -> 0 | O29: {=SUMPRODUCT(('01_PCTN_DATA'!$A$4:$A$1000=IFERROR(INDEX(DM_DON_VI!$B$4:$B$185,MATCH(O$4,DM_DON_VI!$D$4:$D$185,0)),""))*IFERROR(INDEX('01_PCTN_DATA'!$A$4:$ZZ$1000,0,MATCH($G29,'01_PCTN_DATA'!$A$3:$ZZ$3,0)),0))} -> 0 | P29: {=SUMPRODUCT(('01_PCTN_DATA'!$A$4:$A$1000=IFERROR(INDEX(DM_DON_VI!$B$4:$B$185,MATCH(P$4,DM_DON_VI!$D$4:$D$185,0)),""))*IFERROR(INDEX('01_PCTN_DATA'!$A$4:$ZZ$1000,0,MATCH($G29,'01_PCTN_DATA'!$A$3:$ZZ$3,0)),0))} -> 0 | Q29: {=SUMPRODUCT(('01_PCTN_DATA'!$A$4:$A$1000=IFERROR(INDEX(DM_DON_VI!$B$4:$B$185,MATCH(Q$4,DM_DON_VI!$D$4:$D$185,0)),""))*IFERROR(INDEX('01_PCTN_DATA'!$A$4:$ZZ$1000,0,MATCH($G29,'01_PCTN_DATA'!$A$3:$ZZ$3,0)),0))} -> 0 | R29: {=SUMPRODUCT(('01_PCTN_DATA'!$A$4:$A$1000=IFERROR(INDEX(DM_DON_VI!$B$4:$B$185,MATCH(R$4,DM_DON_VI!$D$4:$D$185,0)),""))*IFERROR(INDEX('01_PCTN_DATA'!$A$4:$ZZ$1000,0,MATCH($G29,'01_PCTN_DATA'!$A$3:$ZZ$3,0)),0))} -> 0 | S29: {=SUMPRODUCT(('01_PCTN_DATA'!$A$4:$A$1000=IFERROR(INDEX(DM_DON_VI!$B$4:$B$185,MATCH(S$4,DM_DON_VI!$D$4:$D$185,0)),""))*IFERROR(INDEX('01_PCTN_DATA'!$A$4:$ZZ$1000,0,MATCH($G29,'01_PCTN_DATA'!$A$3:$ZZ$3,0)),0))} -> 0 | ... GK29: {=SUMPRODUCT(('01_PCTN_DATA'!$A$4:$A$1000=IFERROR(INDEX(DM_DON_VI!$B$4:$B$185,MATCH(GK$4,DM_DON_VI!$D$4:$D$185,0)),""))*IFERROR(INDEX('01_PCTN_DATA'!$A$4:$ZZ$1000,0,MATCH($G29,'01_PCTN_DATA'!$A$3:$ZZ$3,0)),0))} -> 0
A30: 18 | B30: 18 | C30: Số cuộc thanh tra, kiểm tra việc thực hiện các quy định về định mức, tiêu chuẩn, chế độ | D30: Cuộc | E30: {=SUMPRODUCT(IFERROR(INDEX('01_PCTN_DATA'!$A$4:$ZZ$1000,0,MATCH($G30,'01_PCTN_DATA'!$A$3:$ZZ$3,0)),0))} -> 0 | G30: P01_18 | H30: ITEM | I30: PHÒNG NGỪA THAM NHŨNG TRONG CƠ QUAN, TỔ CHỨC, ĐƠN VỊ | J30: Xây dựng và thực hiện định mức, tiêu chuẩn, chế độ | K30: 18 | L30: {=SUMPRODUCT(('01_PCTN_DATA'!$A$4:$A$1000=IFERROR(INDEX(DM_DON_VI!$B$4:$B$185,MATCH(L$4,DM_DON_VI!$D$4:$D$185,0)),""))*IFERROR(INDEX('01_PCTN_DATA'!$A$4:$ZZ$1000,0,MATCH($G30,'01_PCTN_DATA'!$A$3:$ZZ$3,0)),0))} -> 0 | M30: {=SUMPRODUCT(('01_PCTN_DATA'!$A$4:$A$1000=IFERROR(INDEX(DM_DON_VI!$B$4:$B$185,MATCH(M$4,DM_DON_VI!$D$4:$D$185,0)),""))*IFERROR(INDEX('01_PCTN_DATA'!$A$4:$ZZ$1000,0,MATCH($G30,'01_PCTN_DATA'!$A$3:$ZZ$3,0)),0))} -> 0 | N30: {=SUMPRODUCT(('01_PCTN_DATA'!$A$4:$A$1000=IFERROR(INDEX(DM_DON_VI!$B$4:$B$185,MATCH(N$4,DM_DON_VI!$D$4:$D$185,0)),""))*IFERROR(INDEX('01_PCTN_DATA'!$A$4:$ZZ$1000,0,MATCH($G30,'01_PCTN_DATA'!$A$3:$ZZ$3,0)),0))} -> 0 | O30: {=SUMPRODUCT(('01_PCTN_DATA'!$A$4:$A$1000=IFERROR(INDEX(DM_DON_VI!$B$4:$B$185,MATCH(O$4,DM_DON_VI!$D$4:$D$185,0)),""))*IFERROR(INDEX('01_PCTN_DATA'!$A$4:$ZZ$1000,0,MATCH($G30,'01_PCTN_DATA'!$A$3:$ZZ$3,0)),0))} -> 0 | P30: {=SUMPRODUCT(('01_PCTN_DATA'!$A$4:$A$1000=IFERROR(INDEX(DM_DON_VI!$B$4:$B$185,MATCH(P$4,DM_DON_VI!$D$4:$D$185,0)),""))*IFERROR(INDEX('01_PCTN_DATA'!$A$4:$ZZ$1000,0,MATCH($G30,'01_PCTN_DATA'!$A$3:$ZZ$3,0)),0))} -> 0 | Q30: {=SUMPRODUCT(('01_PCTN_DATA'!$A$4:$A$1000=IFERROR(INDEX(DM_DON_VI!$B$4:$B$185,MATCH(Q$4,DM_DON_VI!$D$4:$D$185,0)),""))*IFERROR(INDEX('01_PCTN_DATA'!$A$4:$ZZ$1000,0,MATCH($G30,'01_PCTN_DATA'!$A$3:$ZZ$3,0)),0))} -> 0 | R30: {=SUMPRODUCT(('01_PCTN_DATA'!$A$4:$A$1000=IFERROR(INDEX(DM_DON_VI!$B$4:$B$185,MATCH(R$4,DM_DON_VI!$D$4:$D$185,0)),""))*IFERROR(INDEX('01_PCTN_DATA'!$A$4:$ZZ$1000,0,MATCH($G30,'01_PCTN_DATA'!$A$3:$ZZ$3,0)),0))} -> 0 | S30: {=SUMPRODUCT(('01_PCTN_DATA'!$A$4:$A$1000=IFERROR(INDEX(DM_DON_VI!$B$4:$B$185,MATCH(S$4,DM_DON_VI!$D$4:$D$185,0)),""))*IFERROR(INDEX('01_PCTN_DATA'!$A$4:$ZZ$1000,0,MATCH($G30,'01_PCTN_DATA'!$A$3:$ZZ$3,0)),0))} -> 0 | ... GK30: {=SUMPRODUCT(('01_PCTN_DATA'!$A$4:$A$1000=IFERROR(INDEX(DM_DON_VI!$B$4:$B$185,MATCH(GK$4,DM_DON_VI!$D$4:$D$185,0)),""))*IFERROR(INDEX('01_PCTN_DATA'!$A$4:$ZZ$1000,0,MATCH($G30,'01_PCTN_DATA'!$A$3:$ZZ$3,0)),0))} -> 0
A31: 19 | B31: 19 | C31: Số vụ vi phạm các quy định về định mức, tiêu chuẩn, chế độ | D31: Vụ | E31: {=SUMPRODUCT(IFERROR(INDEX('01_PCTN_DATA'!$A$4:$ZZ$1000,0,MATCH($G31,'01_PCTN_DATA'!$A$3:$ZZ$3,0)),0))} -> 0 | G31: P01_19 | H31: ITEM | I31: PHÒNG NGỪA THAM NHŨNG TRONG CƠ QUAN, TỔ CHỨC, ĐƠN VỊ | J31: Xây dựng và thực hiện định mức, tiêu chuẩn, chế độ | K31: 19 | L31: {=SUMPRODUCT(('01_PCTN_DATA'!$A$4:$A$1000=IFERROR(INDEX(DM_DON_VI!$B$4:$B$185,MATCH(L$4,DM_DON_VI!$D$4:$D$185,0)),""))*IFERROR(INDEX('01_PCTN_DATA'!$A$4:$ZZ$1000,0,MATCH($G31,'01_PCTN_DATA'!$A$3:$ZZ$3,0)),0))} -> 0 | M31: {=SUMPRODUCT(('01_PCTN_DATA'!$A$4:$A$1000=IFERROR(INDEX(DM_DON_VI!$B$4:$B$185,MATCH(M$4,DM_DON_VI!$D$4:$D$185,0)),""))*IFERROR(INDEX('01_PCTN_DATA'!$A$4:$ZZ$1000,0,MATCH($G31,'01_PCTN_DATA'!$A$3:$ZZ$3,0)),0))} -> 0 | N31: {=SUMPRODUCT(('01_PCTN_DATA'!$A$4:$A$1000=IFERROR(INDEX(DM_DON_VI!$B$4:$B$185,MATCH(N$4,DM_DON_VI!$D$4:$D$185,0)),""))*IFERROR(INDEX('01_PCTN_DATA'!$A$4:$ZZ$1000,0,MATCH($G31,'01_PCTN_DATA'!$A$3:$ZZ$3,0)),0))} -> 0 | O31: {=SUMPRODUCT(('01_PCTN_DATA'!$A$4:$A$1000=IFERROR(INDEX(DM_DON_VI!$B$4:$B$185,MATCH(O$4,DM_DON_VI!$D$4:$D$185,0)),""))*IFERROR(INDEX('01_PCTN_DATA'!$A$4:$ZZ$1000,0,MATCH($G31,'01_PCTN_DATA'!$A$3:$ZZ$3,0)),0))} -> 0 | P31: {=SUMPRODUCT(('01_PCTN_DATA'!$A$4:$A$1000=IFERROR(INDEX(DM_DON_VI!$B$4:$B$185,MATCH(P$4,DM_DON_VI!$D$4:$D$185,0)),""))*IFERROR(INDEX('01_PCTN_DATA'!$A$4:$ZZ$1000,0,MATCH($G31,'01_PCTN_DATA'!$A$3:$ZZ$3,0)),0))} -> 0 | Q31: {=SUMPRODUCT(('01_PCTN_DATA'!$A$4:$A$1000=IFERROR(INDEX(DM_DON_VI!$B$4:$B$185,MATCH(Q$4,DM_DON_VI!$D$4:$D$185,0)),""))*IFERROR(INDEX('01_PCTN_DATA'!$A$4:$ZZ$1000,0,MATCH($G31,'01_PCTN_DATA'!$A$3:$ZZ$3,0)),0))} -> 0 | R31: {=SUMPRODUCT(('01_PCTN_DATA'!$A$4:$A$1000=IFERROR(INDEX(DM_DON_VI!$B$4:$B$185,MATCH(R$4,DM_DON_VI!$D$4:$D$185,0)),""))*IFERROR(INDEX('01_PCTN_DATA'!$A$4:$ZZ$1000,0,MATCH($G31,'01_PCTN_DATA'!$A$3:$ZZ$3,0)),0))} -> 0 | S31: {=SUMPRODUCT(('01_PCTN_DATA'!$A$4:$A$1000=IFERROR(INDEX(DM_DON_VI!$B$4:$B$185,MATCH(S$4,DM_DON_VI!$D$4:$D$185,0)),""))*IFERROR(INDEX('01_PCTN_DATA'!$A$4:$ZZ$1000,0,MATCH($G31,'01_PCTN_DATA'!$A$3:$ZZ$3,0)),0))} -> 0 | ... GK31: {=SUMPRODUCT(('01_PCTN_DATA'!$A$4:$A$1000=IFERROR(INDEX(DM_DON_VI!$B$4:$B$185,MATCH(GK$4,DM_DON_VI!$D$4:$D$185,0)),""))*IFERROR(INDEX('01_PCTN_DATA'!$A$4:$ZZ$1000,0,MATCH($G31,'01_PCTN_DATA'!$A$3:$ZZ$3,0)),0))} -> 0
A32: 20 | B32: 20 | C32: Số người vi phạm các quy định về định mức, tiêu chuẩn, chế độ | D32: Người | E32: {=SUMPRODUCT(IFERROR(INDEX('01_PCTN_DATA'!$A$4:$ZZ$1000,0,MATCH($G32,'01_PCTN_DATA'!$A$3:$ZZ$3,0)),0))} -> 0 | G32: P01_20 | H32: ITEM | I32: PHÒNG NGỪA THAM NHŨNG TRONG CƠ QUAN, TỔ CHỨC, ĐƠN VỊ | J32: Xây dựng và thực hiện định mức, tiêu chuẩn, chế độ | K32: 20 | L32: {=SUMPRODUCT(('01_PCTN_DATA'!$A$4:$A$1000=IFERROR(INDEX(DM_DON_VI!$B$4:$B$185,MATCH(L$4,DM_DON_VI!$D$4:$D$185,0)),""))*IFERROR(INDEX('01_PCTN_DATA'!$A$4:$ZZ$1000,0,MATCH($G32,'01_PCTN_DATA'!$A$3:$ZZ$3,0)),0))} -> 0 | M32: {=SUMPRODUCT(('01_PCTN_DATA'!$A$4:$A$1000=IFERROR(INDEX(DM_DON_VI!$B$4:$B$185,MATCH(M$4,DM_DON_VI!$D$4:$D$185,0)),""))*IFERROR(INDEX('01_PCTN_DATA'!$A$4:$ZZ$1000,0,MATCH($G32,'01_PCTN_DATA'!$A$3:$ZZ$3,0)),0))} -> 0 | N32: {=SUMPRODUCT(('01_PCTN_DATA'!$A$4:$A$1000=IFERROR(INDEX(DM_DON_VI!$B$4:$B$185,MATCH(N$4,DM_DON_VI!$D$4:$D$185,0)),""))*IFERROR(INDEX('01_PCTN_DATA'!$A$4:$ZZ$1000,0,MATCH($G32,'01_PCTN_DATA'!$A$3:$ZZ$3,0)),0))} -> 0 | O32: {=SUMPRODUCT(('01_PCTN_DATA'!$A$4:$A$1000=IFERROR(INDEX(DM_DON_VI!$B$4:$B$185,MATCH(O$4,DM_DON_VI!$D$4:$D$185,0)),""))*IFERROR(INDEX('01_PCTN_DATA'!$A$4:$ZZ$1000,0,MATCH($G32,'01_PCTN_DATA'!$A$3:$ZZ$3,0)),0))} -> 0 | P32: {=SUMPRODUCT(('01_PCTN_DATA'!$A$4:$A$1000=IFERROR(INDEX(DM_DON_VI!$B$4:$B$185,MATCH(P$4,DM_DON_VI!$D$4:$D$185,0)),""))*IFERROR(INDEX('01_PCTN_DATA'!$A$4:$ZZ$1000,0,MATCH($G32,'01_PCTN_DATA'!$A$3:$ZZ$3,0)),0))} -> 0 | Q32: {=SUMPRODUCT(('01_PCTN_DATA'!$A$4:$A$1000=IFERROR(INDEX(DM_DON_VI!$B$4:$B$185,MATCH(Q$4,DM_DON_VI!$D$4:$D$185,0)),""))*IFERROR(INDEX('01_PCTN_DATA'!$A$4:$ZZ$1000,0,MATCH($G32,'01_PCTN_DATA'!$A$3:$ZZ$3,0)),0))} -> 0 | R32: {=SUMPRODUCT(('01_PCTN_DATA'!$A$4:$A$1000=IFERROR(INDEX(DM_DON_VI!$B$4:$B$185,MATCH(R$4,DM_DON_VI!$D$4:$D$185,0)),""))*IFERROR(INDEX('01_PCTN_DATA'!$A$4:$ZZ$1000,0,MATCH($G32,'01_PCTN_DATA'!$A$3:$ZZ$3,0)),0))} -> 0 | S32: {=SUMPRODUCT(('01_PCTN_DATA'!$A$4:$A$1000=IFERROR(INDEX(DM_DON_VI!$B$4:$B$185,MATCH(S$4,DM_DON_VI!$D$4:$D$185,0)),""))*IFERROR(INDEX('01_PCTN_DATA'!$A$4:$ZZ$1000,0,MATCH($G32,'01_PCTN_DATA'!$A$3:$ZZ$3,0)),0))} -> 0 | ... GK32: {=SUMPRODUCT(('01_PCTN_DATA'!$A$4:$A$1000=IFERROR(INDEX(DM_DON_VI!$B$4:$B$185,MATCH(GK$4,DM_DON_VI!$D$4:$D$185,0)),""))*IFERROR(INDEX('01_PCTN_DATA'!$A$4:$ZZ$1000,0,MATCH($G32,'01_PCTN_DATA'!$A$3:$ZZ$3,0)),0))} -> 0
A33: 21 | B33: 21 | C33: Số người vi phạm các quy định về định mức, tiêu chuẩn, chế độ đã bị xử lý hành chính | D33: Người | E33: {=SUMPRODUCT(IFERROR(INDEX('01_PCTN_DATA'!$A$4:$ZZ$1000,0,MATCH($G33,'01_PCTN_DATA'!$A$3:$ZZ$3,0)),0))} -> 0 | G33: P01_21 | H33: ITEM | I33: PHÒNG NGỪA THAM NHŨNG TRONG CƠ QUAN, TỔ CHỨC, ĐƠN VỊ | J33: Xây dựng và thực hiện định mức, tiêu chuẩn, chế độ | K33: 21 | L33: {=SUMPRODUCT(('01_PCTN_DATA'!$A$4:$A$1000=IFERROR(INDEX(DM_DON_VI!$B$4:$B$185,MATCH(L$4,DM_DON_VI!$D$4:$D$185,0)),""))*IFERROR(INDEX('01_PCTN_DATA'!$A$4:$ZZ$1000,0,MATCH($G33,'01_PCTN_DATA'!$A$3:$ZZ$3,0)),0))} -> 0 | M33: {=SUMPRODUCT(('01_PCTN_DATA'!$A$4:$A$1000=IFERROR(INDEX(DM_DON_VI!$B$4:$B$185,MATCH(M$4,DM_DON_VI!$D$4:$D$185,0)),""))*IFERROR(INDEX('01_PCTN_DATA'!$A$4:$ZZ$1000,0,MATCH($G33,'01_PCTN_DATA'!$A$3:$ZZ$3,0)),0))} -> 0 | N33: {=SUMPRODUCT(('01_PCTN_DATA'!$A$4:$A$1000=IFERROR(INDEX(DM_DON_VI!$B$4:$B$185,MATCH(N$4,DM_DON_VI!$D$4:$D$185,0)),""))*IFERROR(INDEX('01_PCTN_DATA'!$A$4:$ZZ$1000,0,MATCH($G33,'01_PCTN_DATA'!$A$3:$ZZ$3,0)),0))} -> 0 | O33: {=SUMPRODUCT(('01_PCTN_DATA'!$A$4:$A$1000=IFERROR(INDEX(DM_DON_VI!$B$4:$B$185,MATCH(O$4,DM_DON_VI!$D$4:$D$185,0)),""))*IFERROR(INDEX('01_PCTN_DATA'!$A$4:$ZZ$1000,0,MATCH($G33,'01_PCTN_DATA'!$A$3:$ZZ$3,0)),0))} -> 0 | P33: {=SUMPRODUCT(('01_PCTN_DATA'!$A$4:$A$1000=IFERROR(INDEX(DM_DON_VI!$B$4:$B$185,MATCH(P$4,DM_DON_VI!$D$4:$D$185,0)),""))*IFERROR(INDEX('01_PCTN_DATA'!$A$4:$ZZ$1000,0,MATCH($G33,'01_PCTN_DATA'!$A$3:$ZZ$3,0)),0))} -> 0 | Q33: {=SUMPRODUCT(('01_PCTN_DATA'!$A$4:$A$1000=IFERROR(INDEX(DM_DON_VI!$B$4:$B$185,MATCH(Q$4,DM_DON_VI!$D$4:$D$185,0)),""))*IFERROR(INDEX('01_PCTN_DATA'!$A$4:$ZZ$1000,0,MATCH($G33,'01_PCTN_DATA'!$A$3:$ZZ$3,0)),0))} -> 0 | R33: {=SUMPRODUCT(('01_PCTN_DATA'!$A$4:$A$1000=IFERROR(INDEX(DM_DON_VI!$B$4:$B$185,MATCH(R$4,DM_DON_VI!$D$4:$D$185,0)),""))*IFERROR(INDEX('01_PCTN_DATA'!$A$4:$ZZ$1000,0,MATCH($G33,'01_PCTN_DATA'!$A$3:$ZZ$3,0)),0))} -> 0 | S33: {=SUMPRODUCT(('01_PCTN_DATA'!$A$4:$A$1000=IFERROR(INDEX(DM_DON_VI!$B$4:$B$185,MATCH(S$4,DM_DON_VI!$D$4:$D$185,0)),""))*IFERROR(INDEX('01_PCTN_DATA'!$A$4:$ZZ$1000,0,MATCH($G33,'01_PCTN_DATA'!$A$3:$ZZ$3,0)),0))} -> 0 | ... GK33: {=SUMPRODUCT(('01_PCTN_DATA'!$A$4:$A$1000=IFERROR(INDEX(DM_DON_VI!$B$4:$B$185,MATCH(GK$4,DM_DON_VI!$D$4:$D$185,0)),""))*IFERROR(INDEX('01_PCTN_DATA'!$A$4:$ZZ$1000,0,MATCH($G33,'01_PCTN_DATA'!$A$3:$ZZ$3,0)),0))} -> 0
A34: 22 | B34: 22 | C34: Số người vi phạm các quy định về định mức, tiêu chuẩn, chế độ đã bị xử lý hình sự | D34: Người | E34: {=SUMPRODUCT(IFERROR(INDEX('01_PCTN_DATA'!$A$4:$ZZ$1000,0,MATCH($G34,'01_PCTN_DATA'!$A$3:$ZZ$3,0)),0))} -> 0 | G34: P01_22 | H34: ITEM | I34: PHÒNG NGỪA THAM NHŨNG TRONG CƠ QUAN, TỔ CHỨC, ĐƠN VỊ | J34: Xây dựng và thực hiện định mức, tiêu chuẩn, chế độ | K34: 22 | L34: {=SUMPRODUCT(('01_PCTN_DATA'!$A$4:$A$1000=IFERROR(INDEX(DM_DON_VI!$B$4:$B$185,MATCH(L$4,DM_DON_VI!$D$4:$D$185,0)),""))*IFERROR(INDEX('01_PCTN_DATA'!$A$4:$ZZ$1000,0,MATCH($G34,'01_PCTN_DATA'!$A$3:$ZZ$3,0)),0))} -> 0 | M34: {=SUMPRODUCT(('01_PCTN_DATA'!$A$4:$A$1000=IFERROR(INDEX(DM_DON_VI!$B$4:$B$185,MATCH(M$4,DM_DON_VI!$D$4:$D$185,0)),""))*IFERROR(INDEX('01_PCTN_DATA'!$A$4:$ZZ$1000,0,MATCH($G34,'01_PCTN_DATA'!$A$3:$ZZ$3,0)),0))} -> 0 | N34: {=SUMPRODUCT(('01_PCTN_DATA'!$A$4:$A$1000=IFERROR(INDEX(DM_DON_VI!$B$4:$B$185,MATCH(N$4,DM_DON_VI!$D$4:$D$185,0)),""))*IFERROR(INDEX('01_PCTN_DATA'!$A$4:$ZZ$1000,0,MATCH($G34,'01_PCTN_DATA'!$A$3:$ZZ$3,0)),0))} -> 0 | O34: {=SUMPRODUCT(('01_PCTN_DATA'!$A$4:$A$1000=IFERROR(INDEX(DM_DON_VI!$B$4:$B$185,MATCH(O$4,DM_DON_VI!$D$4:$D$185,0)),""))*IFERROR(INDEX('01_PCTN_DATA'!$A$4:$ZZ$1000,0,MATCH($G34,'01_PCTN_DATA'!$A$3:$ZZ$3,0)),0))} -> 0 | P34: {=SUMPRODUCT(('01_PCTN_DATA'!$A$4:$A$1000=IFERROR(INDEX(DM_DON_VI!$B$4:$B$185,MATCH(P$4,DM_DON_VI!$D$4:$D$185,0)),""))*IFERROR(INDEX('01_PCTN_DATA'!$A$4:$ZZ$1000,0,MATCH($G34,'01_PCTN_DATA'!$A$3:$ZZ$3,0)),0))} -> 0 | Q34: {=SUMPRODUCT(('01_PCTN_DATA'!$A$4:$A$1000=IFERROR(INDEX(DM_DON_VI!$B$4:$B$185,MATCH(Q$4,DM_DON_VI!$D$4:$D$185,0)),""))*IFERROR(INDEX('01_PCTN_DATA'!$A$4:$ZZ$1000,0,MATCH($G34,'01_PCTN_DATA'!$A$3:$ZZ$3,0)),0))} -> 0 | R34: {=SUMPRODUCT(('01_PCTN_DATA'!$A$4:$A$1000=IFERROR(INDEX(DM_DON_VI!$B$4:$B$185,MATCH(R$4,DM_DON_VI!$D$4:$D$185,0)),""))*IFERROR(INDEX('01_PCTN_DATA'!$A$4:$ZZ$1000,0,MATCH($G34,'01_PCTN_DATA'!$A$3:$ZZ$3,0)),0))} -> 0 | S34: {=SUMPRODUCT(('01_PCTN_DATA'!$A$4:$A$1000=IFERROR(INDEX(DM_DON_VI!$B$4:$B$185,MATCH(S$4,DM_DON_VI!$D$4:$D$185,0)),""))*IFERROR(INDEX('01_PCTN_DATA'!$A$4:$ZZ$1000,0,MATCH($G34,'01_PCTN_DATA'!$A$3:$ZZ$3,0)),0))} -> 0 | ... GK34: {=SUMPRODUCT(('01_PCTN_DATA'!$A$4:$A$1000=IFERROR(INDEX(DM_DON_VI!$B$4:$B$185,MATCH(GK$4,DM_DON_VI!$D$4:$D$185,0)),""))*IFERROR(INDEX('01_PCTN_DATA'!$A$4:$ZZ$1000,0,MATCH($G34,'01_PCTN_DATA'!$A$3:$ZZ$3,0)),0))} -> 0
A35: 23 | B35: 23 | C35: Tổng giá trị các vi phạm về định mức, tiêu chuẩn, chế độ được kiến nghị thu hồi và bồi thường (tiền Việt Nam + ngoại tệ, tài sản khác được quy đổi ra tiền Việt Nam) | D35: Triệu đồng | E35: {=SUMPRODUCT(IFERROR(INDEX('01_PCTN_DATA'!$A$4:$ZZ$1000,0,MATCH($G35,'01_PCTN_DATA'!$A$3:$ZZ$3,0)),0))} -> 0 | G35: P01_23 | H35: ITEM | I35: PHÒNG NGỪA THAM NHŨNG TRONG CƠ QUAN, TỔ CHỨC, ĐƠN VỊ | J35: Xây dựng và thực hiện định mức, tiêu chuẩn, chế độ | K35: 23 | L35: {=SUMPRODUCT(('01_PCTN_DATA'!$A$4:$A$1000=IFERROR(INDEX(DM_DON_VI!$B$4:$B$185,MATCH(L$4,DM_DON_VI!$D$4:$D$185,0)),""))*IFERROR(INDEX('01_PCTN_DATA'!$A$4:$ZZ$1000,0,MATCH($G35,'01_PCTN_DATA'!$A$3:$ZZ$3,0)),0))} -> 0 | M35: {=SUMPRODUCT(('01_PCTN_DATA'!$A$4:$A$1000=IFERROR(INDEX(DM_DON_VI!$B$4:$B$185,MATCH(M$4,DM_DON_VI!$D$4:$D$185,0)),""))*IFERROR(INDEX('01_PCTN_DATA'!$A$4:$ZZ$1000,0,MATCH($G35,'01_PCTN_DATA'!$A$3:$ZZ$3,0)),0))} -> 0 | N35: {=SUMPRODUCT(('01_PCTN_DATA'!$A$4:$A$1000=IFERROR(INDEX(DM_DON_VI!$B$4:$B$185,MATCH(N$4,DM_DON_VI!$D$4:$D$185,0)),""))*IFERROR(INDEX('01_PCTN_DATA'!$A$4:$ZZ$1000,0,MATCH($G35,'01_PCTN_DATA'!$A$3:$ZZ$3,0)),0))} -> 0 | O35: {=SUMPRODUCT(('01_PCTN_DATA'!$A$4:$A$1000=IFERROR(INDEX(DM_DON_VI!$B$4:$B$185,MATCH(O$4,DM_DON_VI!$D$4:$D$185,0)),""))*IFERROR(INDEX('01_PCTN_DATA'!$A$4:$ZZ$1000,0,MATCH($G35,'01_PCTN_DATA'!$A$3:$ZZ$3,0)),0))} -> 0 | P35: {=SUMPRODUCT(('01_PCTN_DATA'!$A$4:$A$1000=IFERROR(INDEX(DM_DON_VI!$B$4:$B$185,MATCH(P$4,DM_DON_VI!$D$4:$D$185,0)),""))*IFERROR(INDEX('01_PCTN_DATA'!$A$4:$ZZ$1000,0,MATCH($G35,'01_PCTN_DATA'!$A$3:$ZZ$3,0)),0))} -> 0 | Q35: {=SUMPRODUCT(('01_PCTN_DATA'!$A$4:$A$1000=IFERROR(INDEX(DM_DON_VI!$B$4:$B$185,MATCH(Q$4,DM_DON_VI!$D$4:$D$185,0)),""))*IFERROR(INDEX('01_PCTN_DATA'!$A$4:$ZZ$1000,0,MATCH($G35,'01_PCTN_DATA'!$A$3:$ZZ$3,0)),0))} -> 0 | R35: {=SUMPRODUCT(('01_PCTN_DATA'!$A$4:$A$1000=IFERROR(INDEX(DM_DON_VI!$B$4:$B$185,MATCH(R$4,DM_DON_VI!$D$4:$D$185,0)),""))*IFERROR(INDEX('01_PCTN_DATA'!$A$4:$ZZ$1000,0,MATCH($G35,'01_PCTN_DATA'!$A$3:$ZZ$3,0)),0))} -> 0 | S35: {=SUMPRODUCT(('01_PCTN_DATA'!$A$4:$A$1000=IFERROR(INDEX(DM_DON_VI!$B$4:$B$185,MATCH(S$4,DM_DON_VI!$D$4:$D$185,0)),""))*IFERROR(INDEX('01_PCTN_DATA'!$A$4:$ZZ$1000,0,MATCH($G35,'01_PCTN_DATA'!$A$3:$ZZ$3,0)),0))} -> 0 | ... GK35: {=SUMPRODUCT(('01_PCTN_DATA'!$A$4:$A$1000=IFERROR(INDEX(DM_DON_VI!$B$4:$B$185,MATCH(GK$4,DM_DON_VI!$D$4:$D$185,0)),""))*IFERROR(INDEX('01_PCTN_DATA'!$A$4:$ZZ$1000,0,MATCH($G35,'01_PCTN_DATA'!$A$3:$ZZ$3,0)),0))} -> 0
A36: 24 | B36: 24 | C36: Tổng giá trị vi phạm định mức, tiêu chuẩn, chế độ đã được thu hồi và bồi thường | D36: Triệu đồng | E36: {=SUMPRODUCT(IFERROR(INDEX('01_PCTN_DATA'!$A$4:$ZZ$1000,0,MATCH($G36,'01_PCTN_DATA'!$A$3:$ZZ$3,0)),0))} -> 0 | G36: P01_24 | H36: ITEM | I36: PHÒNG NGỪA THAM NHŨNG TRONG CƠ QUAN, TỔ CHỨC, ĐƠN VỊ | J36: Xây dựng và thực hiện định mức, tiêu chuẩn, chế độ | K36: 24 | L36: {=SUMPRODUCT(('01_PCTN_DATA'!$A$4:$A$1000=IFERROR(INDEX(DM_DON_VI!$B$4:$B$185,MATCH(L$4,DM_DON_VI!$D$4:$D$185,0)),""))*IFERROR(INDEX('01_PCTN_DATA'!$A$4:$ZZ$1000,0,MATCH($G36,'01_PCTN_DATA'!$A$3:$ZZ$3,0)),0))} -> 0 | M36: {=SUMPRODUCT(('01_PCTN_DATA'!$A$4:$A$1000=IFERROR(INDEX(DM_DON_VI!$B$4:$B$185,MATCH(M$4,DM_DON_VI!$D$4:$D$185,0)),""))*IFERROR(INDEX('01_PCTN_DATA'!$A$4:$ZZ$1000,0,MATCH($G36,'01_PCTN_DATA'!$A$3:$ZZ$3,0)),0))} -> 0 | N36: {=SUMPRODUCT(('01_PCTN_DATA'!$A$4:$A$1000=IFERROR(INDEX(DM_DON_VI!$B$4:$B$185,MATCH(N$4,DM_DON_VI!$D$4:$D$185,0)),""))*IFERROR(INDEX('01_PCTN_DATA'!$A$4:$ZZ$1000,0,MATCH($G36,'01_PCTN_DATA'!$A$3:$ZZ$3,0)),0))} -> 0 | O36: {=SUMPRODUCT(('01_PCTN_DATA'!$A$4:$A$1000=IFERROR(INDEX(DM_DON_VI!$B$4:$B$185,MATCH(O$4,DM_DON_VI!$D$4:$D$185,0)),""))*IFERROR(INDEX('01_PCTN_DATA'!$A$4:$ZZ$1000,0,MATCH($G36,'01_PCTN_DATA'!$A$3:$ZZ$3,0)),0))} -> 0 | P36: {=SUMPRODUCT(('01_PCTN_DATA'!$A$4:$A$1000=IFERROR(INDEX(DM_DON_VI!$B$4:$B$185,MATCH(P$4,DM_DON_VI!$D$4:$D$185,0)),""))*IFERROR(INDEX('01_PCTN_DATA'!$A$4:$ZZ$1000,0,MATCH($G36,'01_PCTN_DATA'!$A$3:$ZZ$3,0)),0))} -> 0 | Q36: {=SUMPRODUCT(('01_PCTN_DATA'!$A$4:$A$1000=IFERROR(INDEX(DM_DON_VI!$B$4:$B$185,MATCH(Q$4,DM_DON_VI!$D$4:$D$185,0)),""))*IFERROR(INDEX('01_PCTN_DATA'!$A$4:$ZZ$1000,0,MATCH($G36,'01_PCTN_DATA'!$A$3:$ZZ$3,0)),0))} -> 0 | R36: {=SUMPRODUCT(('01_PCTN_DATA'!$A$4:$A$1000=IFERROR(INDEX(DM_DON_VI!$B$4:$B$185,MATCH(R$4,DM_DON_VI!$D$4:$D$185,0)),""))*IFERROR(INDEX('01_PCTN_DATA'!$A$4:$ZZ$1000,0,MATCH($G36,'01_PCTN_DATA'!$A$3:$ZZ$3,0)),0))} -> 0 | S36: {=SUMPRODUCT(('01_PCTN_DATA'!$A$4:$A$1000=IFERROR(INDEX(DM_DON_VI!$B$4:$B$185,MATCH(S$4,DM_DON_VI!$D$4:$D$185,0)),""))*IFERROR(INDEX('01_PCTN_DATA'!$A$4:$ZZ$1000,0,MATCH($G36,'01_PCTN_DATA'!$A$3:$ZZ$3,0)),0))} -> 0 | ... GK36: {=SUMPRODUCT(('01_PCTN_DATA'!$A$4:$A$1000=IFERROR(INDEX(DM_DON_VI!$B$4:$B$185,MATCH(GK$4,DM_DON_VI!$D$4:$D$185,0)),""))*IFERROR(INDEX('01_PCTN_DATA'!$A$4:$ZZ$1000,0,MATCH($G36,'01_PCTN_DATA'!$A$3:$ZZ$3,0)),0))} -> 0
C37: Thực hiện quy tắc ứng xử của người có chức vụ, quyền hạn | H37: SUBSECTION | I37: PHÒNG NGỪA THAM NHŨNG TRONG CƠ QUAN, TỔ CHỨC, ĐƠN VỊ | J37: Thực hiện quy tắc ứng xử của người có chức vụ, quyền hạn
A38: 25 | B38: 25 | C38: Số cơ quan, tổ chức, đơn vị đã được kiểm tra việc thực hiện quy tắc ứng xử của người có chức vụ, quyền hạn | D38: CQ, TC, ĐV | E38: {=SUMPRODUCT(IFERROR(INDEX('01_PCTN_DATA'!$A$4:$ZZ$1000,0,MATCH($G38,'01_PCTN_DATA'!$A$3:$ZZ$3,0)),0))} -> 0 | G38: P01_25 | H38: ITEM | I38: PHÒNG NGỪA THAM NHŨNG TRONG CƠ QUAN, TỔ CHỨC, ĐƠN VỊ | J38: Thực hiện quy tắc ứng xử của người có chức vụ, quyền hạn | K38: 25 | L38: {=SUMPRODUCT(('01_PCTN_DATA'!$A$4:$A$1000=IFERROR(INDEX(DM_DON_VI!$B$4:$B$185,MATCH(L$4,DM_DON_VI!$D$4:$D$185,0)),""))*IFERROR(INDEX('01_PCTN_DATA'!$A$4:$ZZ$1000,0,MATCH($G38,'01_PCTN_DATA'!$A$3:$ZZ$3,0)),0))} -> 0 | M38: {=SUMPRODUCT(('01_PCTN_DATA'!$A$4:$A$1000=IFERROR(INDEX(DM_DON_VI!$B$4:$B$185,MATCH(M$4,DM_DON_VI!$D$4:$D$185,0)),""))*IFERROR(INDEX('01_PCTN_DATA'!$A$4:$ZZ$1000,0,MATCH($G38,'01_PCTN_DATA'!$A$3:$ZZ$3,0)),0))} -> 0 | N38: {=SUMPRODUCT(('01_PCTN_DATA'!$A$4:$A$1000=IFERROR(INDEX(DM_DON_VI!$B$4:$B$185,MATCH(N$4,DM_DON_VI!$D$4:$D$185,0)),""))*IFERROR(INDEX('01_PCTN_DATA'!$A$4:$ZZ$1000,0,MATCH($G38,'01_PCTN_DATA'!$A$3:$ZZ$3,0)),0))} -> 0 | O38: {=SUMPRODUCT(('01_PCTN_DATA'!$A$4:$A$1000=IFERROR(INDEX(DM_DON_VI!$B$4:$B$185,MATCH(O$4,DM_DON_VI!$D$4:$D$185,0)),""))*IFERROR(INDEX('01_PCTN_DATA'!$A$4:$ZZ$1000,0,MATCH($G38,'01_PCTN_DATA'!$A$3:$ZZ$3,0)),0))} -> 0 | P38: {=SUMPRODUCT(('01_PCTN_DATA'!$A$4:$A$1000=IFERROR(INDEX(DM_DON_VI!$B$4:$B$185,MATCH(P$4,DM_DON_VI!$D$4:$D$185,0)),""))*IFERROR(INDEX('01_PCTN_DATA'!$A$4:$ZZ$1000,0,MATCH($G38,'01_PCTN_DATA'!$A$3:$ZZ$3,0)),0))} -> 0 | Q38: {=SUMPRODUCT(('01_PCTN_DATA'!$A$4:$A$1000=IFERROR(INDEX(DM_DON_VI!$B$4:$B$185,MATCH(Q$4,DM_DON_VI!$D$4:$D$185,0)),""))*IFERROR(INDEX('01_PCTN_DATA'!$A$4:$ZZ$1000,0,MATCH($G38,'01_PCTN_DATA'!$A$3:$ZZ$3,0)),0))} -> 0 | R38: {=SUMPRODUCT(('01_PCTN_DATA'!$A$4:$A$1000=IFERROR(INDEX(DM_DON_VI!$B$4:$B$185,MATCH(R$4,DM_DON_VI!$D$4:$D$185,0)),""))*IFERROR(INDEX('01_PCTN_DATA'!$A$4:$ZZ$1000,0,MATCH($G38,'01_PCTN_DATA'!$A$3:$ZZ$3,0)),0))} -> 0 | S38: {=SUMPRODUCT(('01_PCTN_DATA'!$A$4:$A$1000=IFERROR(INDEX(DM_DON_VI!$B$4:$B$185,MATCH(S$4,DM_DON_VI!$D$4:$D$185,0)),""))*IFERROR(INDEX('01_PCTN_DATA'!$A$4:$ZZ$1000,0,MATCH($G38,'01_PCTN_DATA'!$A$3:$ZZ$3,0)),0))} -> 0 | ... GK38: {=SUMPRODUCT(('01_PCTN_DATA'!$A$4:$A$1000=IFERROR(INDEX(DM_DON_VI!$B$4:$B$185,MATCH(GK$4,DM_DON_VI!$D$4:$D$185,0)),""))*IFERROR(INDEX('01_PCTN_DATA'!$A$4:$ZZ$1000,0,MATCH($G38,'01_PCTN_DATA'!$A$3:$ZZ$3,0)),0))} -> 0
A39: 26 | B39: 26 | C39: Số cán bộ, công chức, viên chức vi phạm quy tắc ứng xử, quy tắc đạo đức nghề nghiệp đã bị xử lý | D39: Người | E39: {=SUMPRODUCT(IFERROR(INDEX('01_PCTN_DATA'!$A$4:$ZZ$1000,0,MATCH($G39,'01_PCTN_DATA'!$A$3:$ZZ$3,0)),0))} -> 0 | G39: P01_26 | H39: ITEM | I39: PHÒNG NGỪA THAM NHŨNG TRONG CƠ QUAN, TỔ CHỨC, ĐƠN VỊ | J39: Thực hiện quy tắc ứng xử của người có chức vụ, quyền hạn | K39: 26 | L39: {=SUMPRODUCT(('01_PCTN_DATA'!$A$4:$A$1000=IFERROR(INDEX(DM_DON_VI!$B$4:$B$185,MATCH(L$4,DM_DON_VI!$D$4:$D$185,0)),""))*IFERROR(INDEX('01_PCTN_DATA'!$A$4:$ZZ$1000,0,MATCH($G39,'01_PCTN_DATA'!$A$3:$ZZ$3,0)),0))} -> 0 | M39: {=SUMPRODUCT(('01_PCTN_DATA'!$A$4:$A$1000=IFERROR(INDEX(DM_DON_VI!$B$4:$B$185,MATCH(M$4,DM_DON_VI!$D$4:$D$185,0)),""))*IFERROR(INDEX('01_PCTN_DATA'!$A$4:$ZZ$1000,0,MATCH($G39,'01_PCTN_DATA'!$A$3:$ZZ$3,0)),0))} -> 0 | N39: {=SUMPRODUCT(('01_PCTN_DATA'!$A$4:$A$1000=IFERROR(INDEX(DM_DON_VI!$B$4:$B$185,MATCH(N$4,DM_DON_VI!$D$4:$D$185,0)),""))*IFERROR(INDEX('01_PCTN_DATA'!$A$4:$ZZ$1000,0,MATCH($G39,'01_PCTN_DATA'!$A$3:$ZZ$3,0)),0))} -> 0 | O39: {=SUMPRODUCT(('01_PCTN_DATA'!$A$4:$A$1000=IFERROR(INDEX(DM_DON_VI!$B$4:$B$185,MATCH(O$4,DM_DON_VI!$D$4:$D$185,0)),""))*IFERROR(INDEX('01_PCTN_DATA'!$A$4:$ZZ$1000,0,MATCH($G39,'01_PCTN_DATA'!$A$3:$ZZ$3,0)),0))} -> 0 | P39: {=SUMPRODUCT(('01_PCTN_DATA'!$A$4:$A$1000=IFERROR(INDEX(DM_DON_VI!$B$4:$B$185,MATCH(P$4,DM_DON_VI!$D$4:$D$185,0)),""))*IFERROR(INDEX('01_PCTN_DATA'!$A$4:$ZZ$1000,0,MATCH($G39,'01_PCTN_DATA'!$A$3:$ZZ$3,0)),0))} -> 0 | Q39: {=SUMPRODUCT(('01_PCTN_DATA'!$A$4:$A$1000=IFERROR(INDEX(DM_DON_VI!$B$4:$B$185,MATCH(Q$4,DM_DON_VI!$D$4:$D$185,0)),""))*IFERROR(INDEX('01_PCTN_DATA'!$A$4:$ZZ$1000,0,MATCH($G39,'01_PCTN_DATA'!$A$3:$ZZ$3,0)),0))} -> 0 | R39: {=SUMPRODUCT(('01_PCTN_DATA'!$A$4:$A$1000=IFERROR(INDEX(DM_DON_VI!$B$4:$B$185,MATCH(R$4,DM_DON_VI!$D$4:$D$185,0)),""))*IFERROR(INDEX('01_PCTN_DATA'!$A$4:$ZZ$1000,0,MATCH($G39,'01_PCTN_DATA'!$A$3:$ZZ$3,0)),0))} -> 0 | S39: {=SUMPRODUCT(('01_PCTN_DATA'!$A$4:$A$1000=IFERROR(INDEX(DM_DON_VI!$B$4:$B$185,MATCH(S$4,DM_DON_VI!$D$4:$D$185,0)),""))*IFERROR(INDEX('01_PCTN_DATA'!$A$4:$ZZ$1000,0,MATCH($G39,'01_PCTN_DATA'!$A$3:$ZZ$3,0)),0))} -> 0 | ... GK39: {=SUMPRODUCT(('01_PCTN_DATA'!$A$4:$A$1000=IFERROR(INDEX(DM_DON_VI!$B$4:$B$185,MATCH(GK$4,DM_DON_VI!$D$4:$D$185,0)),""))*IFERROR(INDEX('01_PCTN_DATA'!$A$4:$ZZ$1000,0,MATCH($G39,'01_PCTN_DATA'!$A$3:$ZZ$3,0)),0))} -> 0
A40: 27 | B40: 27 | C40: Số người đã nộp lại quà tặng cho đơn vị | D40: Người | E40: {=SUMPRODUCT(IFERROR(INDEX('01_PCTN_DATA'!$A$4:$ZZ$1000,0,MATCH($G40,'01_PCTN_DATA'!$A$3:$ZZ$3,0)),0))} -> 0 | G40: P01_27 | H40: ITEM | I40: PHÒNG NGỪA THAM NHŨNG TRONG CƠ QUAN, TỔ CHỨC, ĐƠN VỊ | J40: Thực hiện quy tắc ứng xử của người có chức vụ, quyền hạn | K40: 27 | L40: {=SUMPRODUCT(('01_PCTN_DATA'!$A$4:$A$1000=IFERROR(INDEX(DM_DON_VI!$B$4:$B$185,MATCH(L$4,DM_DON_VI!$D$4:$D$185,0)),""))*IFERROR(INDEX('01_PCTN_DATA'!$A$4:$ZZ$1000,0,MATCH($G40,'01_PCTN_DATA'!$A$3:$ZZ$3,0)),0))} -> 0 | M40: {=SUMPRODUCT(('01_PCTN_DATA'!$A$4:$A$1000=IFERROR(INDEX(DM_DON_VI!$B$4:$B$185,MATCH(M$4,DM_DON_VI!$D$4:$D$185,0)),""))*IFERROR(INDEX('01_PCTN_DATA'!$A$4:$ZZ$1000,0,MATCH($G40,'01_PCTN_DATA'!$A$3:$ZZ$3,0)),0))} -> 0 | N40: {=SUMPRODUCT(('01_PCTN_DATA'!$A$4:$A$1000=IFERROR(INDEX(DM_DON_VI!$B$4:$B$185,MATCH(N$4,DM_DON_VI!$D$4:$D$185,0)),""))*IFERROR(INDEX('01_PCTN_DATA'!$A$4:$ZZ$1000,0,MATCH($G40,'01_PCTN_DATA'!$A$3:$ZZ$3,0)),0))} -> 0 | O40: {=SUMPRODUCT(('01_PCTN_DATA'!$A$4:$A$1000=IFERROR(INDEX(DM_DON_VI!$B$4:$B$185,MATCH(O$4,DM_DON_VI!$D$4:$D$185,0)),""))*IFERROR(INDEX('01_PCTN_DATA'!$A$4:$ZZ$1000,0,MATCH($G40,'01_PCTN_DATA'!$A$3:$ZZ$3,0)),0))} -> 0 | P40: {=SUMPRODUCT(('01_PCTN_DATA'!$A$4:$A$1000=IFERROR(INDEX(DM_DON_VI!$B$4:$B$185,MATCH(P$4,DM_DON_VI!$D$4:$D$185,0)),""))*IFERROR(INDEX('01_PCTN_DATA'!$A$4:$ZZ$1000,0,MATCH($G40,'01_PCTN_DATA'!$A$3:$ZZ$3,0)),0))} -> 0 | Q40: {=SUMPRODUCT(('01_PCTN_DATA'!$A$4:$A$1000=IFERROR(INDEX(DM_DON_VI!$B$4:$B$185,MATCH(Q$4,DM_DON_VI!$D$4:$D$185,0)),""))*IFERROR(INDEX('01_PCTN_DATA'!$A$4:$ZZ$1000,0,MATCH($G40,'01_PCTN_DATA'!$A$3:$ZZ$3,0)),0))} -> 0 | R40: {=SUMPRODUCT(('01_PCTN_DATA'!$A$4:$A$1000=IFERROR(INDEX(DM_DON_VI!$B$4:$B$185,MATCH(R$4,DM_DON_VI!$D$4:$D$185,0)),""))*IFERROR(INDEX('01_PCTN_DATA'!$A$4:$ZZ$1000,0,MATCH($G40,'01_PCTN_DATA'!$A$3:$ZZ$3,0)),0))} -> 0 | S40: {=SUMPRODUCT(('01_PCTN_DATA'!$A$4:$A$1000=IFERROR(INDEX(DM_DON_VI!$B$4:$B$185,MATCH(S$4,DM_DON_VI!$D$4:$D$185,0)),""))*IFERROR(INDEX('01_PCTN_DATA'!$A$4:$ZZ$1000,0,MATCH($G40,'01_PCTN_DATA'!$A$3:$ZZ$3,0)),0))} -> 0 | ... GK40: {=SUMPRODUCT(('01_PCTN_DATA'!$A$4:$A$1000=IFERROR(INDEX(DM_DON_VI!$B$4:$B$185,MATCH(GK$4,DM_DON_VI!$D$4:$D$185,0)),""))*IFERROR(INDEX('01_PCTN_DATA'!$A$4:$ZZ$1000,0,MATCH($G40,'01_PCTN_DATA'!$A$3:$ZZ$3,0)),0))} -> 0
A41: 28 | B41: 28 | C41: Giá trị quà tặng đã được nộp lại (tiền Việt Nam + ngoại tệ, tài sản khác được quy đổi ra tiền Việt Nam) | D41: Triệu đồng | E41: {=SUMPRODUCT(IFERROR(INDEX('01_PCTN_DATA'!$A$4:$ZZ$1000,0,MATCH($G41,'01_PCTN_DATA'!$A$3:$ZZ$3,0)),0))} -> 0 | G41: P01_28 | H41: ITEM | I41: PHÒNG NGỪA THAM NHŨNG TRONG CƠ QUAN, TỔ CHỨC, ĐƠN VỊ | J41: Thực hiện quy tắc ứng xử của người có chức vụ, quyền hạn | K41: 28 | L41: {=SUMPRODUCT(('01_PCTN_DATA'!$A$4:$A$1000=IFERROR(INDEX(DM_DON_VI!$B$4:$B$185,MATCH(L$4,DM_DON_VI!$D$4:$D$185,0)),""))*IFERROR(INDEX('01_PCTN_DATA'!$A$4:$ZZ$1000,0,MATCH($G41,'01_PCTN_DATA'!$A$3:$ZZ$3,0)),0))} -> 0 | M41: {=SUMPRODUCT(('01_PCTN_DATA'!$A$4:$A$1000=IFERROR(INDEX(DM_DON_VI!$B$4:$B$185,MATCH(M$4,DM_DON_VI!$D$4:$D$185,0)),""))*IFERROR(INDEX('01_PCTN_DATA'!$A$4:$ZZ$1000,0,MATCH($G41,'01_PCTN_DATA'!$A$3:$ZZ$3,0)),0))} -> 0 | N41: {=SUMPRODUCT(('01_PCTN_DATA'!$A$4:$A$1000=IFERROR(INDEX(DM_DON_VI!$B$4:$B$185,MATCH(N$4,DM_DON_VI!$D$4:$D$185,0)),""))*IFERROR(INDEX('01_PCTN_DATA'!$A$4:$ZZ$1000,0,MATCH($G41,'01_PCTN_DATA'!$A$3:$ZZ$3,0)),0))} -> 0 | O41: {=SUMPRODUCT(('01_PCTN_DATA'!$A$4:$A$1000=IFERROR(INDEX(DM_DON_VI!$B$4:$B$185,MATCH(O$4,DM_DON_VI!$D$4:$D$185,0)),""))*IFERROR(INDEX('01_PCTN_DATA'!$A$4:$ZZ$1000,0,MATCH($G41,'01_PCTN_DATA'!$A$3:$ZZ$3,0)),0))} -> 0 | P41: {=SUMPRODUCT(('01_PCTN_DATA'!$A$4:$A$1000=IFERROR(INDEX(DM_DON_VI!$B$4:$B$185,MATCH(P$4,DM_DON_VI!$D$4:$D$185,0)),""))*IFERROR(INDEX('01_PCTN_DATA'!$A$4:$ZZ$1000,0,MATCH($G41,'01_PCTN_DATA'!$A$3:$ZZ$3,0)),0))} -> 0 | Q41: {=SUMPRODUCT(('01_PCTN_DATA'!$A$4:$A$1000=IFERROR(INDEX(DM_DON_VI!$B$4:$B$185,MATCH(Q$4,DM_DON_VI!$D$4:$D$185,0)),""))*IFERROR(INDEX('01_PCTN_DATA'!$A$4:$ZZ$1000,0,MATCH($G41,'01_PCTN_DATA'!$A$3:$ZZ$3,0)),0))} -> 0 | R41: {=SUMPRODUCT(('01_PCTN_DATA'!$A$4:$A$1000=IFERROR(INDEX(DM_DON_VI!$B$4:$B$185,MATCH(R$4,DM_DON_VI!$D$4:$D$185,0)),""))*IFERROR(INDEX('01_PCTN_DATA'!$A$4:$ZZ$1000,0,MATCH($G41,'01_PCTN_DATA'!$A$3:$ZZ$3,0)),0))} -> 0 | S41: {=SUMPRODUCT(('01_PCTN_DATA'!$A$4:$A$1000=IFERROR(INDEX(DM_DON_VI!$B$4:$B$185,MATCH(S$4,DM_DON_VI!$D$4:$D$185,0)),""))*IFERROR(INDEX('01_PCTN_DATA'!$A$4:$ZZ$1000,0,MATCH($G41,'01_PCTN_DATA'!$A$3:$ZZ$3,0)),0))} -> 0 | ... GK41: {=SUMPRODUCT(('01_PCTN_DATA'!$A$4:$A$1000=IFERROR(INDEX(DM_DON_VI!$B$4:$B$185,MATCH(GK$4,DM_DON_VI!$D$4:$D$185,0)),""))*IFERROR(INDEX('01_PCTN_DATA'!$A$4:$ZZ$1000,0,MATCH($G41,'01_PCTN_DATA'!$A$3:$ZZ$3,0)),0))} -> 0
A42: 29 | B42: 29 | C42: Số người bị xử lý do có vi phạm vì xung đột lợi ích | D42: Người | E42: {=SUMPRODUCT(IFERROR(INDEX('01_PCTN_DATA'!$A$4:$ZZ$1000,0,MATCH($G42,'01_PCTN_DATA'!$A$3:$ZZ$3,0)),0))} -> 0 | G42: P01_29 | H42: ITEM | I42: PHÒNG NGỪA THAM NHŨNG TRONG CƠ QUAN, TỔ CHỨC, ĐƠN VỊ | J42: Thực hiện quy tắc ứng xử của người có chức vụ, quyền hạn | K42: 29 | L42: {=SUMPRODUCT(('01_PCTN_DATA'!$A$4:$A$1000=IFERROR(INDEX(DM_DON_VI!$B$4:$B$185,MATCH(L$4,DM_DON_VI!$D$4:$D$185,0)),""))*IFERROR(INDEX('01_PCTN_DATA'!$A$4:$ZZ$1000,0,MATCH($G42,'01_PCTN_DATA'!$A$3:$ZZ$3,0)),0))} -> 0 | M42: {=SUMPRODUCT(('01_PCTN_DATA'!$A$4:$A$1000=IFERROR(INDEX(DM_DON_VI!$B$4:$B$185,MATCH(M$4,DM_DON_VI!$D$4:$D$185,0)),""))*IFERROR(INDEX('01_PCTN_DATA'!$A$4:$ZZ$1000,0,MATCH($G42,'01_PCTN_DATA'!$A$3:$ZZ$3,0)),0))} -> 0 | N42: {=SUMPRODUCT(('01_PCTN_DATA'!$A$4:$A$1000=IFERROR(INDEX(DM_DON_VI!$B$4:$B$185,MATCH(N$4,DM_DON_VI!$D$4:$D$185,0)),""))*IFERROR(INDEX('01_PCTN_DATA'!$A$4:$ZZ$1000,0,MATCH($G42,'01_PCTN_DATA'!$A$3:$ZZ$3,0)),0))} -> 0 | O42: {=SUMPRODUCT(('01_PCTN_DATA'!$A$4:$A$1000=IFERROR(INDEX(DM_DON_VI!$B$4:$B$185,MATCH(O$4,DM_DON_VI!$D$4:$D$185,0)),""))*IFERROR(INDEX('01_PCTN_DATA'!$A$4:$ZZ$1000,0,MATCH($G42,'01_PCTN_DATA'!$A$3:$ZZ$3,0)),0))} -> 0 | P42: {=SUMPRODUCT(('01_PCTN_DATA'!$A$4:$A$1000=IFERROR(INDEX(DM_DON_VI!$B$4:$B$185,MATCH(P$4,DM_DON_VI!$D$4:$D$185,0)),""))*IFERROR(INDEX('01_PCTN_DATA'!$A$4:$ZZ$1000,0,MATCH($G42,'01_PCTN_DATA'!$A$3:$ZZ$3,0)),0))} -> 0 | Q42: {=SUMPRODUCT(('01_PCTN_DATA'!$A$4:$A$1000=IFERROR(INDEX(DM_DON_VI!$B$4:$B$185,MATCH(Q$4,DM_DON_VI!$D$4:$D$185,0)),""))*IFERROR(INDEX('01_PCTN_DATA'!$A$4:$ZZ$1000,0,MATCH($G42,'01_PCTN_DATA'!$A$3:$ZZ$3,0)),0))} -> 0 | R42: {=SUMPRODUCT(('01_PCTN_DATA'!$A$4:$A$1000=IFERROR(INDEX(DM_DON_VI!$B$4:$B$185,MATCH(R$4,DM_DON_VI!$D$4:$D$185,0)),""))*IFERROR(INDEX('01_PCTN_DATA'!$A$4:$ZZ$1000,0,MATCH($G42,'01_PCTN_DATA'!$A$3:$ZZ$3,0)),0))} -> 0 | S42: {=SUMPRODUCT(('01_PCTN_DATA'!$A$4:$A$1000=IFERROR(INDEX(DM_DON_VI!$B$4:$B$185,MATCH(S$4,DM_DON_VI!$D$4:$D$185,0)),""))*IFERROR(INDEX('01_PCTN_DATA'!$A$4:$ZZ$1000,0,MATCH($G42,'01_PCTN_DATA'!$A$3:$ZZ$3,0)),0))} -> 0 | ... GK42: {=SUMPRODUCT(('01_PCTN_DATA'!$A$4:$A$1000=IFERROR(INDEX(DM_DON_VI!$B$4:$B$185,MATCH(GK$4,DM_DON_VI!$D$4:$D$185,0)),""))*IFERROR(INDEX('01_PCTN_DATA'!$A$4:$ZZ$1000,0,MATCH($G42,'01_PCTN_DATA'!$A$3:$ZZ$3,0)),0))} -> 0
A43: 30 | B43: 30 | C43: Số người bị xử lý do có vi phạm về việc kinh doanh trong thời hạn không được kinh doanh sau khi thôi giữ chức vụ | D43: Người | E43: {=SUMPRODUCT(IFERROR(INDEX('01_PCTN_DATA'!$A$4:$ZZ$1000,0,MATCH($G43,'01_PCTN_DATA'!$A$3:$ZZ$3,0)),0))} -> 0 | G43: P01_30 | H43: ITEM | I43: PHÒNG NGỪA THAM NHŨNG TRONG CƠ QUAN, TỔ CHỨC, ĐƠN VỊ | J43: Thực hiện quy tắc ứng xử của người có chức vụ, quyền hạn | K43: 30 | L43: {=SUMPRODUCT(('01_PCTN_DATA'!$A$4:$A$1000=IFERROR(INDEX(DM_DON_VI!$B$4:$B$185,MATCH(L$4,DM_DON_VI!$D$4:$D$185,0)),""))*IFERROR(INDEX('01_PCTN_DATA'!$A$4:$ZZ$1000,0,MATCH($G43,'01_PCTN_DATA'!$A$3:$ZZ$3,0)),0))} -> 0 | M43: {=SUMPRODUCT(('01_PCTN_DATA'!$A$4:$A$1000=IFERROR(INDEX(DM_DON_VI!$B$4:$B$185,MATCH(M$4,DM_DON_VI!$D$4:$D$185,0)),""))*IFERROR(INDEX('01_PCTN_DATA'!$A$4:$ZZ$1000,0,MATCH($G43,'01_PCTN_DATA'!$A$3:$ZZ$3,0)),0))} -> 0 | N43: {=SUMPRODUCT(('01_PCTN_DATA'!$A$4:$A$1000=IFERROR(INDEX(DM_DON_VI!$B$4:$B$185,MATCH(N$4,DM_DON_VI!$D$4:$D$185,0)),""))*IFERROR(INDEX('01_PCTN_DATA'!$A$4:$ZZ$1000,0,MATCH($G43,'01_PCTN_DATA'!$A$3:$ZZ$3,0)),0))} -> 0 | O43: {=SUMPRODUCT(('01_PCTN_DATA'!$A$4:$A$1000=IFERROR(INDEX(DM_DON_VI!$B$4:$B$185,MATCH(O$4,DM_DON_VI!$D$4:$D$185,0)),""))*IFERROR(INDEX('01_PCTN_DATA'!$A$4:$ZZ$1000,0,MATCH($G43,'01_PCTN_DATA'!$A$3:$ZZ$3,0)),0))} -> 0 | P43: {=SUMPRODUCT(('01_PCTN_DATA'!$A$4:$A$1000=IFERROR(INDEX(DM_DON_VI!$B$4:$B$185,MATCH(P$4,DM_DON_VI!$D$4:$D$185,0)),""))*IFERROR(INDEX('01_PCTN_DATA'!$A$4:$ZZ$1000,0,MATCH($G43,'01_PCTN_DATA'!$A$3:$ZZ$3,0)),0))} -> 0 | Q43: {=SUMPRODUCT(('01_PCTN_DATA'!$A$4:$A$1000=IFERROR(INDEX(DM_DON_VI!$B$4:$B$185,MATCH(Q$4,DM_DON_VI!$D$4:$D$185,0)),""))*IFERROR(INDEX('01_PCTN_DATA'!$A$4:$ZZ$1000,0,MATCH($G43,'01_PCTN_DATA'!$A$3:$ZZ$3,0)),0))} -> 0 | R43: {=SUMPRODUCT(('01_PCTN_DATA'!$A$4:$A$1000=IFERROR(INDEX(DM_DON_VI!$B$4:$B$185,MATCH(R$4,DM_DON_VI!$D$4:$D$185,0)),""))*IFERROR(INDEX('01_PCTN_DATA'!$A$4:$ZZ$1000,0,MATCH($G43,'01_PCTN_DATA'!$A$3:$ZZ$3,0)),0))} -> 0 | S43: {=SUMPRODUCT(('01_PCTN_DATA'!$A$4:$A$1000=IFERROR(INDEX(DM_DON_VI!$B$4:$B$185,MATCH(S$4,DM_DON_VI!$D$4:$D$185,0)),""))*IFERROR(INDEX('01_PCTN_DATA'!$A$4:$ZZ$1000,0,MATCH($G43,'01_PCTN_DATA'!$A$3:$ZZ$3,0)),0))} -> 0 | ... GK43: {=SUMPRODUCT(('01_PCTN_DATA'!$A$4:$A$1000=IFERROR(INDEX(DM_DON_VI!$B$4:$B$185,MATCH(GK$4,DM_DON_VI!$D$4:$D$185,0)),""))*IFERROR(INDEX('01_PCTN_DATA'!$A$4:$ZZ$1000,0,MATCH($G43,'01_PCTN_DATA'!$A$3:$ZZ$3,0)),0))} -> 0
C44: Chuyển đổi vị trí công tác của người có chức vụ, quyền hạn | H44: SUBSECTION | I44: PHÒNG NGỪA THAM NHŨNG TRONG CƠ QUAN, TỔ CHỨC, ĐƠN VỊ | J44: Chuyển đổi vị trí công tác của người có chức vụ, quyền hạn
A45: 31 | B45: 31 | C45: Số cán bộ, công chức, viên chức phải thực hiện chuyển đổi vị trí công tác nhằm phòng ngừa tham nhũng | D45: Người | E45: {=SUMPRODUCT(IFERROR(INDEX('01_PCTN_DATA'!$A$4:$ZZ$1000,0,MATCH($G45,'01_PCTN_DATA'!$A$3:$ZZ$3,0)),0))} -> 0 | G45: P01_31 | H45: ITEM | I45: PHÒNG NGỪA THAM NHŨNG TRONG CƠ QUAN, TỔ CHỨC, ĐƠN VỊ | J45: Chuyển đổi vị trí công tác của người có chức vụ, quyền hạn | K45: 31 | L45: {=SUMPRODUCT(('01_PCTN_DATA'!$A$4:$A$1000=IFERROR(INDEX(DM_DON_VI!$B$4:$B$185,MATCH(L$4,DM_DON_VI!$D$4:$D$185,0)),""))*IFERROR(INDEX('01_PCTN_DATA'!$A$4:$ZZ$1000,0,MATCH($G45,'01_PCTN_DATA'!$A$3:$ZZ$3,0)),0))} -> 0 | M45: {=SUMPRODUCT(('01_PCTN_DATA'!$A$4:$A$1000=IFERROR(INDEX(DM_DON_VI!$B$4:$B$185,MATCH(M$4,DM_DON_VI!$D$4:$D$185,0)),""))*IFERROR(INDEX('01_PCTN_DATA'!$A$4:$ZZ$1000,0,MATCH($G45,'01_PCTN_DATA'!$A$3:$ZZ$3,0)),0))} -> 0 | N45: {=SUMPRODUCT(('01_PCTN_DATA'!$A$4:$A$1000=IFERROR(INDEX(DM_DON_VI!$B$4:$B$185,MATCH(N$4,DM_DON_VI!$D$4:$D$185,0)),""))*IFERROR(INDEX('01_PCTN_DATA'!$A$4:$ZZ$1000,0,MATCH($G45,'01_PCTN_DATA'!$A$3:$ZZ$3,0)),0))} -> 0 | O45: {=SUMPRODUCT(('01_PCTN_DATA'!$A$4:$A$1000=IFERROR(INDEX(DM_DON_VI!$B$4:$B$185,MATCH(O$4,DM_DON_VI!$D$4:$D$185,0)),""))*IFERROR(INDEX('01_PCTN_DATA'!$A$4:$ZZ$1000,0,MATCH($G45,'01_PCTN_DATA'!$A$3:$ZZ$3,0)),0))} -> 0 | P45: {=SUMPRODUCT(('01_PCTN_DATA'!$A$4:$A$1000=IFERROR(INDEX(DM_DON_VI!$B$4:$B$185,MATCH(P$4,DM_DON_VI!$D$4:$D$185,0)),""))*IFERROR(INDEX('01_PCTN_DATA'!$A$4:$ZZ$1000,0,MATCH($G45,'01_PCTN_DATA'!$A$3:$ZZ$3,0)),0))} -> 0 | Q45: {=SUMPRODUCT(('01_PCTN_DATA'!$A$4:$A$1000=IFERROR(INDEX(DM_DON_VI!$B$4:$B$185,MATCH(Q$4,DM_DON_VI!$D$4:$D$185,0)),""))*IFERROR(INDEX('01_PCTN_DATA'!$A$4:$ZZ$1000,0,MATCH($G45,'01_PCTN_DATA'!$A$3:$ZZ$3,0)),0))} -> 0 | R45: {=SUMPRODUCT(('01_PCTN_DATA'!$A$4:$A$1000=IFERROR(INDEX(DM_DON_VI!$B$4:$B$185,MATCH(R$4,DM_DON_VI!$D$4:$D$185,0)),""))*IFERROR(INDEX('01_PCTN_DATA'!$A$4:$ZZ$1000,0,MATCH($G45,'01_PCTN_DATA'!$A$3:$ZZ$3,0)),0))} -> 0 | S45: {=SUMPRODUCT(('01_PCTN_DATA'!$A$4:$A$1000=IFERROR(INDEX(DM_DON_VI!$B$4:$B$185,MATCH(S$4,DM_DON_VI!$D$4:$D$185,0)),""))*IFERROR(INDEX('01_PCTN_DATA'!$A$4:$ZZ$1000,0,MATCH($G45,'01_PCTN_DATA'!$A$3:$ZZ$3,0)),0))} -> 0 | ... GK45: {=SUMPRODUCT(('01_PCTN_DATA'!$A$4:$A$1000=IFERROR(INDEX(DM_DON_VI!$B$4:$B$185,MATCH(GK$4,DM_DON_VI!$D$4:$D$185,0)),""))*IFERROR(INDEX('01_PCTN_DATA'!$A$4:$ZZ$1000,0,MATCH($G45,'01_PCTN_DATA'!$A$3:$ZZ$3,0)),0))} -> 0
A46: 32 | B46: 32 | C46: Số cán bộ, công chức, viên chức được chuyển đổi vị trí công tác nhằm phòng ngừa tham nhũng | D46: Người | E46: {=SUMPRODUCT(IFERROR(INDEX('01_PCTN_DATA'!$A$4:$ZZ$1000,0,MATCH($G46,'01_PCTN_DATA'!$A$3:$ZZ$3,0)),0))} -> 0 | G46: P01_32 | H46: ITEM | I46: PHÒNG NGỪA THAM NHŨNG TRONG CƠ QUAN, TỔ CHỨC, ĐƠN VỊ | J46: Chuyển đổi vị trí công tác của người có chức vụ, quyền hạn | K46: 32 | L46: {=SUMPRODUCT(('01_PCTN_DATA'!$A$4:$A$1000=IFERROR(INDEX(DM_DON_VI!$B$4:$B$185,MATCH(L$4,DM_DON_VI!$D$4:$D$185,0)),""))*IFERROR(INDEX('01_PCTN_DATA'!$A$4:$ZZ$1000,0,MATCH($G46,'01_PCTN_DATA'!$A$3:$ZZ$3,0)),0))} -> 0 | M46: {=SUMPRODUCT(('01_PCTN_DATA'!$A$4:$A$1000=IFERROR(INDEX(DM_DON_VI!$B$4:$B$185,MATCH(M$4,DM_DON_VI!$D$4:$D$185,0)),""))*IFERROR(INDEX('01_PCTN_DATA'!$A$4:$ZZ$1000,0,MATCH($G46,'01_PCTN_DATA'!$A$3:$ZZ$3,0)),0))} -> 0 | N46: {=SUMPRODUCT(('01_PCTN_DATA'!$A$4:$A$1000=IFERROR(INDEX(DM_DON_VI!$B$4:$B$185,MATCH(N$4,DM_DON_VI!$D$4:$D$185,0)),""))*IFERROR(INDEX('01_PCTN_DATA'!$A$4:$ZZ$1000,0,MATCH($G46,'01_PCTN_DATA'!$A$3:$ZZ$3,0)),0))} -> 0 | O46: {=SUMPRODUCT(('01_PCTN_DATA'!$A$4:$A$1000=IFERROR(INDEX(DM_DON_VI!$B$4:$B$185,MATCH(O$4,DM_DON_VI!$D$4:$D$185,0)),""))*IFERROR(INDEX('01_PCTN_DATA'!$A$4:$ZZ$1000,0,MATCH($G46,'01_PCTN_DATA'!$A$3:$ZZ$3,0)),0))} -> 0 | P46: {=SUMPRODUCT(('01_PCTN_DATA'!$A$4:$A$1000=IFERROR(INDEX(DM_DON_VI!$B$4:$B$185,MATCH(P$4,DM_DON_VI!$D$4:$D$185,0)),""))*IFERROR(INDEX('01_PCTN_DATA'!$A$4:$ZZ$1000,0,MATCH($G46,'01_PCTN_DATA'!$A$3:$ZZ$3,0)),0))} -> 0 | Q46: {=SUMPRODUCT(('01_PCTN_DATA'!$A$4:$A$1000=IFERROR(INDEX(DM_DON_VI!$B$4:$B$185,MATCH(Q$4,DM_DON_VI!$D$4:$D$185,0)),""))*IFERROR(INDEX('01_PCTN_DATA'!$A$4:$ZZ$1000,0,MATCH($G46,'01_PCTN_DATA'!$A$3:$ZZ$3,0)),0))} -> 0 | R46: {=SUMPRODUCT(('01_PCTN_DATA'!$A$4:$A$1000=IFERROR(INDEX(DM_DON_VI!$B$4:$B$185,MATCH(R$4,DM_DON_VI!$D$4:$D$185,0)),""))*IFERROR(INDEX('01_PCTN_DATA'!$A$4:$ZZ$1000,0,MATCH($G46,'01_PCTN_DATA'!$A$3:$ZZ$3,0)),0))} -> 0 | S46: {=SUMPRODUCT(('01_PCTN_DATA'!$A$4:$A$1000=IFERROR(INDEX(DM_DON_VI!$B$4:$B$185,MATCH(S$4,DM_DON_VI!$D$4:$D$185,0)),""))*IFERROR(INDEX('01_PCTN_DATA'!$A$4:$ZZ$1000,0,MATCH($G46,'01_PCTN_DATA'!$A$3:$ZZ$3,0)),0))} -> 0 | ... GK46: {=SUMPRODUCT(('01_PCTN_DATA'!$A$4:$A$1000=IFERROR(INDEX(DM_DON_VI!$B$4:$B$185,MATCH(GK$4,DM_DON_VI!$D$4:$D$185,0)),""))*IFERROR(INDEX('01_PCTN_DATA'!$A$4:$ZZ$1000,0,MATCH($G46,'01_PCTN_DATA'!$A$3:$ZZ$3,0)),0))} -> 0
C47: Cải cách hành chính, ứng dụng khoa học công nghệ trong quản lý và thanh toán không dùng tiền mặt | H47: SUBSECTION | I47: PHÒNG NGỪA THAM NHŨNG TRONG CƠ QUAN, TỔ CHỨC, ĐƠN VỊ | J47: Cải cách hành chính, ứng dụng khoa học công nghệ trong quản lý và thanh toán không dùng tiền mặt
A48: 33 | B48: 33 | C48: Số dịch vụ công trực tuyến | D48: Thủ tục | E48: {=SUMPRODUCT(IFERROR(INDEX('01_PCTN_DATA'!$A$4:$ZZ$1000,0,MATCH($G48,'01_PCTN_DATA'!$A$3:$ZZ$3,0)),0))} -> 0 | G48: P01_33 | H48: ITEM | I48: PHÒNG NGỪA THAM NHŨNG TRONG CƠ QUAN, TỔ CHỨC, ĐƠN VỊ | J48: Cải cách hành chính, ứng dụng khoa học công nghệ trong quản lý và thanh toán không dùng tiền mặt | K48: 33 | L48: {=SUMPRODUCT(('01_PCTN_DATA'!$A$4:$A$1000=IFERROR(INDEX(DM_DON_VI!$B$4:$B$185,MATCH(L$4,DM_DON_VI!$D$4:$D$185,0)),""))*IFERROR(INDEX('01_PCTN_DATA'!$A$4:$ZZ$1000,0,MATCH($G48,'01_PCTN_DATA'!$A$3:$ZZ$3,0)),0))} -> 0 | M48: {=SUMPRODUCT(('01_PCTN_DATA'!$A$4:$A$1000=IFERROR(INDEX(DM_DON_VI!$B$4:$B$185,MATCH(M$4,DM_DON_VI!$D$4:$D$185,0)),""))*IFERROR(INDEX('01_PCTN_DATA'!$A$4:$ZZ$1000,0,MATCH($G48,'01_PCTN_DATA'!$A$3:$ZZ$3,0)),0))} -> 0 | N48: {=SUMPRODUCT(('01_PCTN_DATA'!$A$4:$A$1000=IFERROR(INDEX(DM_DON_VI!$B$4:$B$185,MATCH(N$4,DM_DON_VI!$D$4:$D$185,0)),""))*IFERROR(INDEX('01_PCTN_DATA'!$A$4:$ZZ$1000,0,MATCH($G48,'01_PCTN_DATA'!$A$3:$ZZ$3,0)),0))} -> 0 | O48: {=SUMPRODUCT(('01_PCTN_DATA'!$A$4:$A$1000=IFERROR(INDEX(DM_DON_VI!$B$4:$B$185,MATCH(O$4,DM_DON_VI!$D$4:$D$185,0)),""))*IFERROR(INDEX('01_PCTN_DATA'!$A$4:$ZZ$1000,0,MATCH($G48,'01_PCTN_DATA'!$A$3:$ZZ$3,0)),0))} -> 0 | P48: {=SUMPRODUCT(('01_PCTN_DATA'!$A$4:$A$1000=IFERROR(INDEX(DM_DON_VI!$B$4:$B$185,MATCH(P$4,DM_DON_VI!$D$4:$D$185,0)),""))*IFERROR(INDEX('01_PCTN_DATA'!$A$4:$ZZ$1000,0,MATCH($G48,'01_PCTN_DATA'!$A$3:$ZZ$3,0)),0))} -> 0 | Q48: {=SUMPRODUCT(('01_PCTN_DATA'!$A$4:$A$1000=IFERROR(INDEX(DM_DON_VI!$B$4:$B$185,MATCH(Q$4,DM_DON_VI!$D$4:$D$185,0)),""))*IFERROR(INDEX('01_PCTN_DATA'!$A$4:$ZZ$1000,0,MATCH($G48,'01_PCTN_DATA'!$A$3:$ZZ$3,0)),0))} -> 0 | R48: {=SUMPRODUCT(('01_PCTN_DATA'!$A$4:$A$1000=IFERROR(INDEX(DM_DON_VI!$B$4:$B$185,MATCH(R$4,DM_DON_VI!$D$4:$D$185,0)),""))*IFERROR(INDEX('01_PCTN_DATA'!$A$4:$ZZ$1000,0,MATCH($G48,'01_PCTN_DATA'!$A$3:$ZZ$3,0)),0))} -> 0 | S48: {=SUMPRODUCT(('01_PCTN_DATA'!$A$4:$A$1000=IFERROR(INDEX(DM_DON_VI!$B$4:$B$185,MATCH(S$4,DM_DON_VI!$D$4:$D$185,0)),""))*IFERROR(INDEX('01_PCTN_DATA'!$A$4:$ZZ$1000,0,MATCH($G48,'01_PCTN_DATA'!$A$3:$ZZ$3,0)),0))} -> 0 | ... GK48: {=SUMPRODUCT(('01_PCTN_DATA'!$A$4:$A$1000=IFERROR(INDEX(DM_DON_VI!$B$4:$B$185,MATCH(GK$4,DM_DON_VI!$D$4:$D$185,0)),""))*IFERROR(INDEX('01_PCTN_DATA'!$A$4:$ZZ$1000,0,MATCH($G48,'01_PCTN_DATA'!$A$3:$ZZ$3,0)),0))} -> 0
A49: 34 | B49: 34 | C49: Số dịch vụ công trực tuyến toàn trình | D49: Thủ tục | E49: {=SUMPRODUCT(IFERROR(INDEX('01_PCTN_DATA'!$A$4:$ZZ$1000,0,MATCH($G49,'01_PCTN_DATA'!$A$3:$ZZ$3,0)),0))} -> 0 | G49: P01_34 | H49: ITEM | I49: PHÒNG NGỪA THAM NHŨNG TRONG CƠ QUAN, TỔ CHỨC, ĐƠN VỊ | J49: Cải cách hành chính, ứng dụng khoa học công nghệ trong quản lý và thanh toán không dùng tiền mặt | K49: 34 | L49: {=SUMPRODUCT(('01_PCTN_DATA'!$A$4:$A$1000=IFERROR(INDEX(DM_DON_VI!$B$4:$B$185,MATCH(L$4,DM_DON_VI!$D$4:$D$185,0)),""))*IFERROR(INDEX('01_PCTN_DATA'!$A$4:$ZZ$1000,0,MATCH($G49,'01_PCTN_DATA'!$A$3:$ZZ$3,0)),0))} -> 0 | M49: {=SUMPRODUCT(('01_PCTN_DATA'!$A$4:$A$1000=IFERROR(INDEX(DM_DON_VI!$B$4:$B$185,MATCH(M$4,DM_DON_VI!$D$4:$D$185,0)),""))*IFERROR(INDEX('01_PCTN_DATA'!$A$4:$ZZ$1000,0,MATCH($G49,'01_PCTN_DATA'!$A$3:$ZZ$3,0)),0))} -> 0 | N49: {=SUMPRODUCT(('01_PCTN_DATA'!$A$4:$A$1000=IFERROR(INDEX(DM_DON_VI!$B$4:$B$185,MATCH(N$4,DM_DON_VI!$D$4:$D$185,0)),""))*IFERROR(INDEX('01_PCTN_DATA'!$A$4:$ZZ$1000,0,MATCH($G49,'01_PCTN_DATA'!$A$3:$ZZ$3,0)),0))} -> 0 | O49: {=SUMPRODUCT(('01_PCTN_DATA'!$A$4:$A$1000=IFERROR(INDEX(DM_DON_VI!$B$4:$B$185,MATCH(O$4,DM_DON_VI!$D$4:$D$185,0)),""))*IFERROR(INDEX('01_PCTN_DATA'!$A$4:$ZZ$1000,0,MATCH($G49,'01_PCTN_DATA'!$A$3:$ZZ$3,0)),0))} -> 0 | P49: {=SUMPRODUCT(('01_PCTN_DATA'!$A$4:$A$1000=IFERROR(INDEX(DM_DON_VI!$B$4:$B$185,MATCH(P$4,DM_DON_VI!$D$4:$D$185,0)),""))*IFERROR(INDEX('01_PCTN_DATA'!$A$4:$ZZ$1000,0,MATCH($G49,'01_PCTN_DATA'!$A$3:$ZZ$3,0)),0))} -> 0 | Q49: {=SUMPRODUCT(('01_PCTN_DATA'!$A$4:$A$1000=IFERROR(INDEX(DM_DON_VI!$B$4:$B$185,MATCH(Q$4,DM_DON_VI!$D$4:$D$185,0)),""))*IFERROR(INDEX('01_PCTN_DATA'!$A$4:$ZZ$1000,0,MATCH($G49,'01_PCTN_DATA'!$A$3:$ZZ$3,0)),0))} -> 0 | R49: {=SUMPRODUCT(('01_PCTN_DATA'!$A$4:$A$1000=IFERROR(INDEX(DM_DON_VI!$B$4:$B$185,MATCH(R$4,DM_DON_VI!$D$4:$D$185,0)),""))*IFERROR(INDEX('01_PCTN_DATA'!$A$4:$ZZ$1000,0,MATCH($G49,'01_PCTN_DATA'!$A$3:$ZZ$3,0)),0))} -> 0 | S49: {=SUMPRODUCT(('01_PCTN_DATA'!$A$4:$A$1000=IFERROR(INDEX(DM_DON_VI!$B$4:$B$185,MATCH(S$4,DM_DON_VI!$D$4:$D$185,0)),""))*IFERROR(INDEX('01_PCTN_DATA'!$A$4:$ZZ$1000,0,MATCH($G49,'01_PCTN_DATA'!$A$3:$ZZ$3,0)),0))} -> 0 | ... GK49: {=SUMPRODUCT(('01_PCTN_DATA'!$A$4:$A$1000=IFERROR(INDEX(DM_DON_VI!$B$4:$B$185,MATCH(GK$4,DM_DON_VI!$D$4:$D$185,0)),""))*IFERROR(INDEX('01_PCTN_DATA'!$A$4:$ZZ$1000,0,MATCH($G49,'01_PCTN_DATA'!$A$3:$ZZ$3,0)),0))} -> 0
A50: 35 | B50: 35 | C50: Số dịch vụ công trực tuyến một phần | D50: Thủ tục | E50: {=SUMPRODUCT(IFERROR(INDEX('01_PCTN_DATA'!$A$4:$ZZ$1000,0,MATCH($G50,'01_PCTN_DATA'!$A$3:$ZZ$3,0)),0))} -> 0 | G50: P01_35 | H50: ITEM | I50: PHÒNG NGỪA THAM NHŨNG TRONG CƠ QUAN, TỔ CHỨC, ĐƠN VỊ | J50: Cải cách hành chính, ứng dụng khoa học công nghệ trong quản lý và thanh toán không dùng tiền mặt | K50: 35 | L50: {=SUMPRODUCT(('01_PCTN_DATA'!$A$4:$A$1000=IFERROR(INDEX(DM_DON_VI!$B$4:$B$185,MATCH(L$4,DM_DON_VI!$D$4:$D$185,0)),""))*IFERROR(INDEX('01_PCTN_DATA'!$A$4:$ZZ$1000,0,MATCH($G50,'01_PCTN_DATA'!$A$3:$ZZ$3,0)),0))} -> 0 | M50: {=SUMPRODUCT(('01_PCTN_DATA'!$A$4:$A$1000=IFERROR(INDEX(DM_DON_VI!$B$4:$B$185,MATCH(M$4,DM_DON_VI!$D$4:$D$185,0)),""))*IFERROR(INDEX('01_PCTN_DATA'!$A$4:$ZZ$1000,0,MATCH($G50,'01_PCTN_DATA'!$A$3:$ZZ$3,0)),0))} -> 0 | N50: {=SUMPRODUCT(('01_PCTN_DATA'!$A$4:$A$1000=IFERROR(INDEX(DM_DON_VI!$B$4:$B$185,MATCH(N$4,DM_DON_VI!$D$4:$D$185,0)),""))*IFERROR(INDEX('01_PCTN_DATA'!$A$4:$ZZ$1000,0,MATCH($G50,'01_PCTN_DATA'!$A$3:$ZZ$3,0)),0))} -> 0 | O50: {=SUMPRODUCT(('01_PCTN_DATA'!$A$4:$A$1000=IFERROR(INDEX(DM_DON_VI!$B$4:$B$185,MATCH(O$4,DM_DON_VI!$D$4:$D$185,0)),""))*IFERROR(INDEX('01_PCTN_DATA'!$A$4:$ZZ$1000,0,MATCH($G50,'01_PCTN_DATA'!$A$3:$ZZ$3,0)),0))} -> 0 | P50: {=SUMPRODUCT(('01_PCTN_DATA'!$A$4:$A$1000=IFERROR(INDEX(DM_DON_VI!$B$4:$B$185,MATCH(P$4,DM_DON_VI!$D$4:$D$185,0)),""))*IFERROR(INDEX('01_PCTN_DATA'!$A$4:$ZZ$1000,0,MATCH($G50,'01_PCTN_DATA'!$A$3:$ZZ$3,0)),0))} -> 0 | Q50: {=SUMPRODUCT(('01_PCTN_DATA'!$A$4:$A$1000=IFERROR(INDEX(DM_DON_VI!$B$4:$B$185,MATCH(Q$4,DM_DON_VI!$D$4:$D$185,0)),""))*IFERROR(INDEX('01_PCTN_DATA'!$A$4:$ZZ$1000,0,MATCH($G50,'01_PCTN_DATA'!$A$3:$ZZ$3,0)),0))} -> 0 | R50: {=SUMPRODUCT(('01_PCTN_DATA'!$A$4:$A$1000=IFERROR(INDEX(DM_DON_VI!$B$4:$B$185,MATCH(R$4,DM_DON_VI!$D$4:$D$185,0)),""))*IFERROR(INDEX('01_PCTN_DATA'!$A$4:$ZZ$1000,0,MATCH($G50,'01_PCTN_DATA'!$A$3:$ZZ$3,0)),0))} -> 0 | S50: {=SUMPRODUCT(('01_PCTN_DATA'!$A$4:$A$1000=IFERROR(INDEX(DM_DON_VI!$B$4:$B$185,MATCH(S$4,DM_DON_VI!$D$4:$D$185,0)),""))*IFERROR(INDEX('01_PCTN_DATA'!$A$4:$ZZ$1000,0,MATCH($G50,'01_PCTN_DATA'!$A$3:$ZZ$3,0)),0))} -> 0 | ... GK50: {=SUMPRODUCT(('01_PCTN_DATA'!$A$4:$A$1000=IFERROR(INDEX(DM_DON_VI!$B$4:$B$185,MATCH(GK$4,DM_DON_VI!$D$4:$D$185,0)),""))*IFERROR(INDEX('01_PCTN_DATA'!$A$4:$ZZ$1000,0,MATCH($G50,'01_PCTN_DATA'!$A$3:$ZZ$3,0)),0))} -> 0
A51: 36 | B51: 36 | C51: Số cuộc kiểm tra, thanh tra việc thực hiện thanh toán không dùng tiền mặt | D51: Cuộc | E51: {=SUMPRODUCT(IFERROR(INDEX('01_PCTN_DATA'!$A$4:$ZZ$1000,0,MATCH($G51,'01_PCTN_DATA'!$A$3:$ZZ$3,0)),0))} -> 0 | G51: P01_36 | H51: ITEM | I51: PHÒNG NGỪA THAM NHŨNG TRONG CƠ QUAN, TỔ CHỨC, ĐƠN VỊ | J51: Cải cách hành chính, ứng dụng khoa học công nghệ trong quản lý và thanh toán không dùng tiền mặt | K51: 36 | L51: {=SUMPRODUCT(('01_PCTN_DATA'!$A$4:$A$1000=IFERROR(INDEX(DM_DON_VI!$B$4:$B$185,MATCH(L$4,DM_DON_VI!$D$4:$D$185,0)),""))*IFERROR(INDEX('01_PCTN_DATA'!$A$4:$ZZ$1000,0,MATCH($G51,'01_PCTN_DATA'!$A$3:$ZZ$3,0)),0))} -> 0 | M51: {=SUMPRODUCT(('01_PCTN_DATA'!$A$4:$A$1000=IFERROR(INDEX(DM_DON_VI!$B$4:$B$185,MATCH(M$4,DM_DON_VI!$D$4:$D$185,0)),""))*IFERROR(INDEX('01_PCTN_DATA'!$A$4:$ZZ$1000,0,MATCH($G51,'01_PCTN_DATA'!$A$3:$ZZ$3,0)),0))} -> 0 | N51: {=SUMPRODUCT(('01_PCTN_DATA'!$A$4:$A$1000=IFERROR(INDEX(DM_DON_VI!$B$4:$B$185,MATCH(N$4,DM_DON_VI!$D$4:$D$185,0)),""))*IFERROR(INDEX('01_PCTN_DATA'!$A$4:$ZZ$1000,0,MATCH($G51,'01_PCTN_DATA'!$A$3:$ZZ$3,0)),0))} -> 0 | O51: {=SUMPRODUCT(('01_PCTN_DATA'!$A$4:$A$1000=IFERROR(INDEX(DM_DON_VI!$B$4:$B$185,MATCH(O$4,DM_DON_VI!$D$4:$D$185,0)),""))*IFERROR(INDEX('01_PCTN_DATA'!$A$4:$ZZ$1000,0,MATCH($G51,'01_PCTN_DATA'!$A$3:$ZZ$3,0)),0))} -> 0 | P51: {=SUMPRODUCT(('01_PCTN_DATA'!$A$4:$A$1000=IFERROR(INDEX(DM_DON_VI!$B$4:$B$185,MATCH(P$4,DM_DON_VI!$D$4:$D$185,0)),""))*IFERROR(INDEX('01_PCTN_DATA'!$A$4:$ZZ$1000,0,MATCH($G51,'01_PCTN_DATA'!$A$3:$ZZ$3,0)),0))} -> 0 | Q51: {=SUMPRODUCT(('01_PCTN_DATA'!$A$4:$A$1000=IFERROR(INDEX(DM_DON_VI!$B$4:$B$185,MATCH(Q$4,DM_DON_VI!$D$4:$D$185,0)),""))*IFERROR(INDEX('01_PCTN_DATA'!$A$4:$ZZ$1000,0,MATCH($G51,'01_PCTN_DATA'!$A$3:$ZZ$3,0)),0))} -> 0 | R51: {=SUMPRODUCT(('01_PCTN_DATA'!$A$4:$A$1000=IFERROR(INDEX(DM_DON_VI!$B$4:$B$185,MATCH(R$4,DM_DON_VI!$D$4:$D$185,0)),""))*IFERROR(INDEX('01_PCTN_DATA'!$A$4:$ZZ$1000,0,MATCH($G51,'01_PCTN_DATA'!$A$3:$ZZ$3,0)),0))} -> 0 | S51: {=SUMPRODUCT(('01_PCTN_DATA'!$A$4:$A$1000=IFERROR(INDEX(DM_DON_VI!$B$4:$B$185,MATCH(S$4,DM_DON_VI!$D$4:$D$185,0)),""))*IFERROR(INDEX('01_PCTN_DATA'!$A$4:$ZZ$1000,0,MATCH($G51,'01_PCTN_DATA'!$A$3:$ZZ$3,0)),0))} -> 0 | ... GK51: {=SUMPRODUCT(('01_PCTN_DATA'!$A$4:$A$1000=IFERROR(INDEX(DM_DON_VI!$B$4:$B$185,MATCH(GK$4,DM_DON_VI!$D$4:$D$185,0)),""))*IFERROR(INDEX('01_PCTN_DATA'!$A$4:$ZZ$1000,0,MATCH($G51,'01_PCTN_DATA'!$A$3:$ZZ$3,0)),0))} -> 0
A52: 37 | B52: 37 | C52: Số vụ phát hiện vi phạm trong việc thực hiện thanh toán không dùng tiền mặt | D52: Vụ | E52: {=SUMPRODUCT(IFERROR(INDEX('01_PCTN_DATA'!$A$4:$ZZ$1000,0,MATCH($G52,'01_PCTN_DATA'!$A$3:$ZZ$3,0)),0))} -> 0 | G52: P01_37 | H52: ITEM | I52: PHÒNG NGỪA THAM NHŨNG TRONG CƠ QUAN, TỔ CHỨC, ĐƠN VỊ | J52: Cải cách hành chính, ứng dụng khoa học công nghệ trong quản lý và thanh toán không dùng tiền mặt | K52: 37 | L52: {=SUMPRODUCT(('01_PCTN_DATA'!$A$4:$A$1000=IFERROR(INDEX(DM_DON_VI!$B$4:$B$185,MATCH(L$4,DM_DON_VI!$D$4:$D$185,0)),""))*IFERROR(INDEX('01_PCTN_DATA'!$A$4:$ZZ$1000,0,MATCH($G52,'01_PCTN_DATA'!$A$3:$ZZ$3,0)),0))} -> 0 | M52: {=SUMPRODUCT(('01_PCTN_DATA'!$A$4:$A$1000=IFERROR(INDEX(DM_DON_VI!$B$4:$B$185,MATCH(M$4,DM_DON_VI!$D$4:$D$185,0)),""))*IFERROR(INDEX('01_PCTN_DATA'!$A$4:$ZZ$1000,0,MATCH($G52,'01_PCTN_DATA'!$A$3:$ZZ$3,0)),0))} -> 0 | N52: {=SUMPRODUCT(('01_PCTN_DATA'!$A$4:$A$1000=IFERROR(INDEX(DM_DON_VI!$B$4:$B$185,MATCH(N$4,DM_DON_VI!$D$4:$D$185,0)),""))*IFERROR(INDEX('01_PCTN_DATA'!$A$4:$ZZ$1000,0,MATCH($G52,'01_PCTN_DATA'!$A$3:$ZZ$3,0)),0))} -> 0 | O52: {=SUMPRODUCT(('01_PCTN_DATA'!$A$4:$A$1000=IFERROR(INDEX(DM_DON_VI!$B$4:$B$185,MATCH(O$4,DM_DON_VI!$D$4:$D$185,0)),""))*IFERROR(INDEX('01_PCTN_DATA'!$A$4:$ZZ$1000,0,MATCH($G52,'01_PCTN_DATA'!$A$3:$ZZ$3,0)),0))} -> 0 | P52: {=SUMPRODUCT(('01_PCTN_DATA'!$A$4:$A$1000=IFERROR(INDEX(DM_DON_VI!$B$4:$B$185,MATCH(P$4,DM_DON_VI!$D$4:$D$185,0)),""))*IFERROR(INDEX('01_PCTN_DATA'!$A$4:$ZZ$1000,0,MATCH($G52,'01_PCTN_DATA'!$A$3:$ZZ$3,0)),0))} -> 0 | Q52: {=SUMPRODUCT(('01_PCTN_DATA'!$A$4:$A$1000=IFERROR(INDEX(DM_DON_VI!$B$4:$B$185,MATCH(Q$4,DM_DON_VI!$D$4:$D$185,0)),""))*IFERROR(INDEX('01_PCTN_DATA'!$A$4:$ZZ$1000,0,MATCH($G52,'01_PCTN_DATA'!$A$3:$ZZ$3,0)),0))} -> 0 | R52: {=SUMPRODUCT(('01_PCTN_DATA'!$A$4:$A$1000=IFERROR(INDEX(DM_DON_VI!$B$4:$B$185,MATCH(R$4,DM_DON_VI!$D$4:$D$185,0)),""))*IFERROR(INDEX('01_PCTN_DATA'!$A$4:$ZZ$1000,0,MATCH($G52,'01_PCTN_DATA'!$A$3:$ZZ$3,0)),0))} -> 0 | S52: {=SUMPRODUCT(('01_PCTN_DATA'!$A$4:$A$1000=IFERROR(INDEX(DM_DON_VI!$B$4:$B$185,MATCH(S$4,DM_DON_VI!$D$4:$D$185,0)),""))*IFERROR(INDEX('01_PCTN_DATA'!$A$4:$ZZ$1000,0,MATCH($G52,'01_PCTN_DATA'!$A$3:$ZZ$3,0)),0))} -> 0 | ... GK52: {=SUMPRODUCT(('01_PCTN_DATA'!$A$4:$A$1000=IFERROR(INDEX(DM_DON_VI!$B$4:$B$185,MATCH(GK$4,DM_DON_VI!$D$4:$D$185,0)),""))*IFERROR(INDEX('01_PCTN_DATA'!$A$4:$ZZ$1000,0,MATCH($G52,'01_PCTN_DATA'!$A$3:$ZZ$3,0)),0))} -> 0
A53: 38 | B53: 38 | C53: Tổng giá trị giao dịch qua Hệ thống thanh toán điện tử liên ngân hàng (1) | D53: Triệu đồng | E53: {=SUMPRODUCT(IFERROR(INDEX('01_PCTN_DATA'!$A$4:$ZZ$1000,0,MATCH($G53,'01_PCTN_DATA'!$A$3:$ZZ$3,0)),0))} -> 0 | F53: Theo ghi chú biểu mẫu: số liệu Ngân hàng Nhà nước báo cáo. | G53: P01_38 | H53: ITEM | I53: PHÒNG NGỪA THAM NHŨNG TRONG CƠ QUAN, TỔ CHỨC, ĐƠN VỊ | J53: Cải cách hành chính, ứng dụng khoa học công nghệ trong quản lý và thanh toán không dùng tiền mặt | K53: 38 | L53: {=SUMPRODUCT(('01_PCTN_DATA'!$A$4:$A$1000=IFERROR(INDEX(DM_DON_VI!$B$4:$B$185,MATCH(L$4,DM_DON_VI!$D$4:$D$185,0)),""))*IFERROR(INDEX('01_PCTN_DATA'!$A$4:$ZZ$1000,0,MATCH($G53,'01_PCTN_DATA'!$A$3:$ZZ$3,0)),0))} -> 0 | M53: {=SUMPRODUCT(('01_PCTN_DATA'!$A$4:$A$1000=IFERROR(INDEX(DM_DON_VI!$B$4:$B$185,MATCH(M$4,DM_DON_VI!$D$4:$D$185,0)),""))*IFERROR(INDEX('01_PCTN_DATA'!$A$4:$ZZ$1000,0,MATCH($G53,'01_PCTN_DATA'!$A$3:$ZZ$3,0)),0))} -> 0 | N53: {=SUMPRODUCT(('01_PCTN_DATA'!$A$4:$A$1000=IFERROR(INDEX(DM_DON_VI!$B$4:$B$185,MATCH(N$4,DM_DON_VI!$D$4:$D$185,0)),""))*IFERROR(INDEX('01_PCTN_DATA'!$A$4:$ZZ$1000,0,MATCH($G53,'01_PCTN_DATA'!$A$3:$ZZ$3,0)),0))} -> 0 | O53: {=SUMPRODUCT(('01_PCTN_DATA'!$A$4:$A$1000=IFERROR(INDEX(DM_DON_VI!$B$4:$B$185,MATCH(O$4,DM_DON_VI!$D$4:$D$185,0)),""))*IFERROR(INDEX('01_PCTN_DATA'!$A$4:$ZZ$1000,0,MATCH($G53,'01_PCTN_DATA'!$A$3:$ZZ$3,0)),0))} -> 0 | P53: {=SUMPRODUCT(('01_PCTN_DATA'!$A$4:$A$1000=IFERROR(INDEX(DM_DON_VI!$B$4:$B$185,MATCH(P$4,DM_DON_VI!$D$4:$D$185,0)),""))*IFERROR(INDEX('01_PCTN_DATA'!$A$4:$ZZ$1000,0,MATCH($G53,'01_PCTN_DATA'!$A$3:$ZZ$3,0)),0))} -> 0 | Q53: {=SUMPRODUCT(('01_PCTN_DATA'!$A$4:$A$1000=IFERROR(INDEX(DM_DON_VI!$B$4:$B$185,MATCH(Q$4,DM_DON_VI!$D$4:$D$185,0)),""))*IFERROR(INDEX('01_PCTN_DATA'!$A$4:$ZZ$1000,0,MATCH($G53,'01_PCTN_DATA'!$A$3:$ZZ$3,0)),0))} -> 0 | R53: {=SUMPRODUCT(('01_PCTN_DATA'!$A$4:$A$1000=IFERROR(INDEX(DM_DON_VI!$B$4:$B$185,MATCH(R$4,DM_DON_VI!$D$4:$D$185,0)),""))*IFERROR(INDEX('01_PCTN_DATA'!$A$4:$ZZ$1000,0,MATCH($G53,'01_PCTN_DATA'!$A$3:$ZZ$3,0)),0))} -> 0 | S53: {=SUMPRODUCT(('01_PCTN_DATA'!$A$4:$A$1000=IFERROR(INDEX(DM_DON_VI!$B$4:$B$185,MATCH(S$4,DM_DON_VI!$D$4:$D$185,0)),""))*IFERROR(INDEX('01_PCTN_DATA'!$A$4:$ZZ$1000,0,MATCH($G53,'01_PCTN_DATA'!$A$3:$ZZ$3,0)),0))} -> 0 | ... GK53: {=SUMPRODUCT(('01_PCTN_DATA'!$A$4:$A$1000=IFERROR(INDEX(DM_DON_VI!$B$4:$B$185,MATCH(GK$4,DM_DON_VI!$D$4:$D$185,0)),""))*IFERROR(INDEX('01_PCTN_DATA'!$A$4:$ZZ$1000,0,MATCH($G53,'01_PCTN_DATA'!$A$3:$ZZ$3,0)),0))} -> 0
A54: 39 | B54: 39 | C54: Tỷ trọng tiền mặt trên tổng phương tiện thanh toán (2) | D54: % | E54: {=SUMPRODUCT(IFERROR(INDEX('01_PCTN_DATA'!$A$4:$ZZ$1000,0,MATCH($G54,'01_PCTN_DATA'!$A$3:$ZZ$3,0)),0))} -> 0 | F54: Theo ghi chú biểu mẫu: số liệu Ngân hàng Nhà nước báo cáo. | G54: P01_39 | H54: ITEM | I54: PHÒNG NGỪA THAM NHŨNG TRONG CƠ QUAN, TỔ CHỨC, ĐƠN VỊ | J54: Cải cách hành chính, ứng dụng khoa học công nghệ trong quản lý và thanh toán không dùng tiền mặt | K54: 39 | L54: {=SUMPRODUCT(('01_PCTN_DATA'!$A$4:$A$1000=IFERROR(INDEX(DM_DON_VI!$B$4:$B$185,MATCH(L$4,DM_DON_VI!$D$4:$D$185,0)),""))*IFERROR(INDEX('01_PCTN_DATA'!$A$4:$ZZ$1000,0,MATCH($G54,'01_PCTN_DATA'!$A$3:$ZZ$3,0)),0))} -> 0 | M54: {=SUMPRODUCT(('01_PCTN_DATA'!$A$4:$A$1000=IFERROR(INDEX(DM_DON_VI!$B$4:$B$185,MATCH(M$4,DM_DON_VI!$D$4:$D$185,0)),""))*IFERROR(INDEX('01_PCTN_DATA'!$A$4:$ZZ$1000,0,MATCH($G54,'01_PCTN_DATA'!$A$3:$ZZ$3,0)),0))} -> 0 | N54: {=SUMPRODUCT(('01_PCTN_DATA'!$A$4:$A$1000=IFERROR(INDEX(DM_DON_VI!$B$4:$B$185,MATCH(N$4,DM_DON_VI!$D$4:$D$185,0)),""))*IFERROR(INDEX('01_PCTN_DATA'!$A$4:$ZZ$1000,0,MATCH($G54,'01_PCTN_DATA'!$A$3:$ZZ$3,0)),0))} -> 0 | O54: {=SUMPRODUCT(('01_PCTN_DATA'!$A$4:$A$1000=IFERROR(INDEX(DM_DON_VI!$B$4:$B$185,MATCH(O$4,DM_DON_VI!$D$4:$D$185,0)),""))*IFERROR(INDEX('01_PCTN_DATA'!$A$4:$ZZ$1000,0,MATCH($G54,'01_PCTN_DATA'!$A$3:$ZZ$3,0)),0))} -> 0 | P54: {=SUMPRODUCT(('01_PCTN_DATA'!$A$4:$A$1000=IFERROR(INDEX(DM_DON_VI!$B$4:$B$185,MATCH(P$4,DM_DON_VI!$D$4:$D$185,0)),""))*IFERROR(INDEX('01_PCTN_DATA'!$A$4:$ZZ$1000,0,MATCH($G54,'01_PCTN_DATA'!$A$3:$ZZ$3,0)),0))} -> 0 | Q54: {=SUMPRODUCT(('01_PCTN_DATA'!$A$4:$A$1000=IFERROR(INDEX(DM_DON_VI!$B$4:$B$185,MATCH(Q$4,DM_DON_VI!$D$4:$D$185,0)),""))*IFERROR(INDEX('01_PCTN_DATA'!$A$4:$ZZ$1000,0,MATCH($G54,'01_PCTN_DATA'!$A$3:$ZZ$3,0)),0))} -> 0 | R54: {=SUMPRODUCT(('01_PCTN_DATA'!$A$4:$A$1000=IFERROR(INDEX(DM_DON_VI!$B$4:$B$185,MATCH(R$4,DM_DON_VI!$D$4:$D$185,0)),""))*IFERROR(INDEX('01_PCTN_DATA'!$A$4:$ZZ$1000,0,MATCH($G54,'01_PCTN_DATA'!$A$3:$ZZ$3,0)),0))} -> 0 | S54: {=SUMPRODUCT(('01_PCTN_DATA'!$A$4:$A$1000=IFERROR(INDEX(DM_DON_VI!$B$4:$B$185,MATCH(S$4,DM_DON_VI!$D$4:$D$185,0)),""))*IFERROR(INDEX('01_PCTN_DATA'!$A$4:$ZZ$1000,0,MATCH($G54,'01_PCTN_DATA'!$A$3:$ZZ$3,0)),0))} -> 0 | ... GK54: {=SUMPRODUCT(('01_PCTN_DATA'!$A$4:$A$1000=IFERROR(INDEX(DM_DON_VI!$B$4:$B$185,MATCH(GK$4,DM_DON_VI!$D$4:$D$185,0)),""))*IFERROR(INDEX('01_PCTN_DATA'!$A$4:$ZZ$1000,0,MATCH($G54,'01_PCTN_DATA'!$A$3:$ZZ$3,0)),0))} -> 0
C55: Thực hiện các quy định về kiểm soát tài sản, thu nhập của người có chức vụ, quyền hạn | H55: SUBSECTION | I55: PHÒNG NGỪA THAM NHŨNG TRONG CƠ QUAN, TỔ CHỨC, ĐƠN VỊ | J55: Thực hiện các quy định về kiểm soát tài sản, thu nhập của người có chức vụ, quyền hạn
A56: 40 | B56: 40 | C56: Số người đã thực hiện kê khai và công khai tài sản, thu nhập trong kỳ | D56: Người | E56: {=SUMPRODUCT(IFERROR(INDEX('01_PCTN_DATA'!$A$4:$ZZ$1000,0,MATCH($G56,'01_PCTN_DATA'!$A$3:$ZZ$3,0)),0))} -> 0 | G56: P01_40 | H56: ITEM | I56: PHÒNG NGỪA THAM NHŨNG TRONG CƠ QUAN, TỔ CHỨC, ĐƠN VỊ | J56: Thực hiện các quy định về kiểm soát tài sản, thu nhập của người có chức vụ, quyền hạn | K56: 40 | L56: {=SUMPRODUCT(('01_PCTN_DATA'!$A$4:$A$1000=IFERROR(INDEX(DM_DON_VI!$B$4:$B$185,MATCH(L$4,DM_DON_VI!$D$4:$D$185,0)),""))*IFERROR(INDEX('01_PCTN_DATA'!$A$4:$ZZ$1000,0,MATCH($G56,'01_PCTN_DATA'!$A$3:$ZZ$3,0)),0))} -> 0 | M56: {=SUMPRODUCT(('01_PCTN_DATA'!$A$4:$A$1000=IFERROR(INDEX(DM_DON_VI!$B$4:$B$185,MATCH(M$4,DM_DON_VI!$D$4:$D$185,0)),""))*IFERROR(INDEX('01_PCTN_DATA'!$A$4:$ZZ$1000,0,MATCH($G56,'01_PCTN_DATA'!$A$3:$ZZ$3,0)),0))} -> 0 | N56: {=SUMPRODUCT(('01_PCTN_DATA'!$A$4:$A$1000=IFERROR(INDEX(DM_DON_VI!$B$4:$B$185,MATCH(N$4,DM_DON_VI!$D$4:$D$185,0)),""))*IFERROR(INDEX('01_PCTN_DATA'!$A$4:$ZZ$1000,0,MATCH($G56,'01_PCTN_DATA'!$A$3:$ZZ$3,0)),0))} -> 0 | O56: {=SUMPRODUCT(('01_PCTN_DATA'!$A$4:$A$1000=IFERROR(INDEX(DM_DON_VI!$B$4:$B$185,MATCH(O$4,DM_DON_VI!$D$4:$D$185,0)),""))*IFERROR(INDEX('01_PCTN_DATA'!$A$4:$ZZ$1000,0,MATCH($G56,'01_PCTN_DATA'!$A$3:$ZZ$3,0)),0))} -> 0 | P56: {=SUMPRODUCT(('01_PCTN_DATA'!$A$4:$A$1000=IFERROR(INDEX(DM_DON_VI!$B$4:$B$185,MATCH(P$4,DM_DON_VI!$D$4:$D$185,0)),""))*IFERROR(INDEX('01_PCTN_DATA'!$A$4:$ZZ$1000,0,MATCH($G56,'01_PCTN_DATA'!$A$3:$ZZ$3,0)),0))} -> 0 | Q56: {=SUMPRODUCT(('01_PCTN_DATA'!$A$4:$A$1000=IFERROR(INDEX(DM_DON_VI!$B$4:$B$185,MATCH(Q$4,DM_DON_VI!$D$4:$D$185,0)),""))*IFERROR(INDEX('01_PCTN_DATA'!$A$4:$ZZ$1000,0,MATCH($G56,'01_PCTN_DATA'!$A$3:$ZZ$3,0)),0))} -> 0 | R56: {=SUMPRODUCT(('01_PCTN_DATA'!$A$4:$A$1000=IFERROR(INDEX(DM_DON_VI!$B$4:$B$185,MATCH(R$4,DM_DON_VI!$D$4:$D$185,0)),""))*IFERROR(INDEX('01_PCTN_DATA'!$A$4:$ZZ$1000,0,MATCH($G56,'01_PCTN_DATA'!$A$3:$ZZ$3,0)),0))} -> 0 | S56: {=SUMPRODUCT(('01_PCTN_DATA'!$A$4:$A$1000=IFERROR(INDEX(DM_DON_VI!$B$4:$B$185,MATCH(S$4,DM_DON_VI!$D$4:$D$185,0)),""))*IFERROR(INDEX('01_PCTN_DATA'!$A$4:$ZZ$1000,0,MATCH($G56,'01_PCTN_DATA'!$A$3:$ZZ$3,0)),0))} -> 0 | ... GK56: {=SUMPRODUCT(('01_PCTN_DATA'!$A$4:$A$1000=IFERROR(INDEX(DM_DON_VI!$B$4:$B$185,MATCH(GK$4,DM_DON_VI!$D$4:$D$185,0)),""))*IFERROR(INDEX('01_PCTN_DATA'!$A$4:$ZZ$1000,0,MATCH($G56,'01_PCTN_DATA'!$A$3:$ZZ$3,0)),0))} -> 0
A57: 41 | B57: 41 | C57: Số người được xác minh việc kê khai tài sản, thu nhập | D57: Người | E57: {=SUMPRODUCT(IFERROR(INDEX('01_PCTN_DATA'!$A$4:$ZZ$1000,0,MATCH($G57,'01_PCTN_DATA'!$A$3:$ZZ$3,0)),0))} -> 0 | G57: P01_41 | H57: ITEM | I57: PHÒNG NGỪA THAM NHŨNG TRONG CƠ QUAN, TỔ CHỨC, ĐƠN VỊ | J57: Thực hiện các quy định về kiểm soát tài sản, thu nhập của người có chức vụ, quyền hạn | K57: 41 | L57: {=SUMPRODUCT(('01_PCTN_DATA'!$A$4:$A$1000=IFERROR(INDEX(DM_DON_VI!$B$4:$B$185,MATCH(L$4,DM_DON_VI!$D$4:$D$185,0)),""))*IFERROR(INDEX('01_PCTN_DATA'!$A$4:$ZZ$1000,0,MATCH($G57,'01_PCTN_DATA'!$A$3:$ZZ$3,0)),0))} -> 0 | M57: {=SUMPRODUCT(('01_PCTN_DATA'!$A$4:$A$1000=IFERROR(INDEX(DM_DON_VI!$B$4:$B$185,MATCH(M$4,DM_DON_VI!$D$4:$D$185,0)),""))*IFERROR(INDEX('01_PCTN_DATA'!$A$4:$ZZ$1000,0,MATCH($G57,'01_PCTN_DATA'!$A$3:$ZZ$3,0)),0))} -> 0 | N57: {=SUMPRODUCT(('01_PCTN_DATA'!$A$4:$A$1000=IFERROR(INDEX(DM_DON_VI!$B$4:$B$185,MATCH(N$4,DM_DON_VI!$D$4:$D$185,0)),""))*IFERROR(INDEX('01_PCTN_DATA'!$A$4:$ZZ$1000,0,MATCH($G57,'01_PCTN_DATA'!$A$3:$ZZ$3,0)),0))} -> 0 | O57: {=SUMPRODUCT(('01_PCTN_DATA'!$A$4:$A$1000=IFERROR(INDEX(DM_DON_VI!$B$4:$B$185,MATCH(O$4,DM_DON_VI!$D$4:$D$185,0)),""))*IFERROR(INDEX('01_PCTN_DATA'!$A$4:$ZZ$1000,0,MATCH($G57,'01_PCTN_DATA'!$A$3:$ZZ$3,0)),0))} -> 0 | P57: {=SUMPRODUCT(('01_PCTN_DATA'!$A$4:$A$1000=IFERROR(INDEX(DM_DON_VI!$B$4:$B$185,MATCH(P$4,DM_DON_VI!$D$4:$D$185,0)),""))*IFERROR(INDEX('01_PCTN_DATA'!$A$4:$ZZ$1000,0,MATCH($G57,'01_PCTN_DATA'!$A$3:$ZZ$3,0)),0))} -> 0 | Q57: {=SUMPRODUCT(('01_PCTN_DATA'!$A$4:$A$1000=IFERROR(INDEX(DM_DON_VI!$B$4:$B$185,MATCH(Q$4,DM_DON_VI!$D$4:$D$185,0)),""))*IFERROR(INDEX('01_PCTN_DATA'!$A$4:$ZZ$1000,0,MATCH($G57,'01_PCTN_DATA'!$A$3:$ZZ$3,0)),0))} -> 0 | R57: {=SUMPRODUCT(('01_PCTN_DATA'!$A$4:$A$1000=IFERROR(INDEX(DM_DON_VI!$B$4:$B$185,MATCH(R$4,DM_DON_VI!$D$4:$D$185,0)),""))*IFERROR(INDEX('01_PCTN_DATA'!$A$4:$ZZ$1000,0,MATCH($G57,'01_PCTN_DATA'!$A$3:$ZZ$3,0)),0))} -> 0 | S57: {=SUMPRODUCT(('01_PCTN_DATA'!$A$4:$A$1000=IFERROR(INDEX(DM_DON_VI!$B$4:$B$185,MATCH(S$4,DM_DON_VI!$D$4:$D$185,0)),""))*IFERROR(INDEX('01_PCTN_DATA'!$A$4:$ZZ$1000,0,MATCH($G57,'01_PCTN_DATA'!$A$3:$ZZ$3,0)),0))} -> 0 | ... GK57: {=SUMPRODUCT(('01_PCTN_DATA'!$A$4:$A$1000=IFERROR(INDEX(DM_DON_VI!$B$4:$B$185,MATCH(GK$4,DM_DON_VI!$D$4:$D$185,0)),""))*IFERROR(INDEX('01_PCTN_DATA'!$A$4:$ZZ$1000,0,MATCH($G57,'01_PCTN_DATA'!$A$3:$ZZ$3,0)),0))} -> 0
A58: 42 | B58: 42 | C58: Số cơ quan, tổ chức, đơn vị đã được kiểm tra việc thực hiện các quy định về kê khai, công khai bản kê khai tài sản, thu nhập | D58: CQ, TC, ĐV | E58: {=SUMPRODUCT(IFERROR(INDEX('01_PCTN_DATA'!$A$4:$ZZ$1000,0,MATCH($G58,'01_PCTN_DATA'!$A$3:$ZZ$3,0)),0))} -> 0 | G58: P01_42 | H58: ITEM | I58: PHÒNG NGỪA THAM NHŨNG TRONG CƠ QUAN, TỔ CHỨC, ĐƠN VỊ | J58: Thực hiện các quy định về kiểm soát tài sản, thu nhập của người có chức vụ, quyền hạn | K58: 42 | L58: {=SUMPRODUCT(('01_PCTN_DATA'!$A$4:$A$1000=IFERROR(INDEX(DM_DON_VI!$B$4:$B$185,MATCH(L$4,DM_DON_VI!$D$4:$D$185,0)),""))*IFERROR(INDEX('01_PCTN_DATA'!$A$4:$ZZ$1000,0,MATCH($G58,'01_PCTN_DATA'!$A$3:$ZZ$3,0)),0))} -> 0 | M58: {=SUMPRODUCT(('01_PCTN_DATA'!$A$4:$A$1000=IFERROR(INDEX(DM_DON_VI!$B$4:$B$185,MATCH(M$4,DM_DON_VI!$D$4:$D$185,0)),""))*IFERROR(INDEX('01_PCTN_DATA'!$A$4:$ZZ$1000,0,MATCH($G58,'01_PCTN_DATA'!$A$3:$ZZ$3,0)),0))} -> 0 | N58: {=SUMPRODUCT(('01_PCTN_DATA'!$A$4:$A$1000=IFERROR(INDEX(DM_DON_VI!$B$4:$B$185,MATCH(N$4,DM_DON_VI!$D$4:$D$185,0)),""))*IFERROR(INDEX('01_PCTN_DATA'!$A$4:$ZZ$1000,0,MATCH($G58,'01_PCTN_DATA'!$A$3:$ZZ$3,0)),0))} -> 0 | O58: {=SUMPRODUCT(('01_PCTN_DATA'!$A$4:$A$1000=IFERROR(INDEX(DM_DON_VI!$B$4:$B$185,MATCH(O$4,DM_DON_VI!$D$4:$D$185,0)),""))*IFERROR(INDEX('01_PCTN_DATA'!$A$4:$ZZ$1000,0,MATCH($G58,'01_PCTN_DATA'!$A$3:$ZZ$3,0)),0))} -> 0 | P58: {=SUMPRODUCT(('01_PCTN_DATA'!$A$4:$A$1000=IFERROR(INDEX(DM_DON_VI!$B$4:$B$185,MATCH(P$4,DM_DON_VI!$D$4:$D$185,0)),""))*IFERROR(INDEX('01_PCTN_DATA'!$A$4:$ZZ$1000,0,MATCH($G58,'01_PCTN_DATA'!$A$3:$ZZ$3,0)),0))} -> 0 | Q58: {=SUMPRODUCT(('01_PCTN_DATA'!$A$4:$A$1000=IFERROR(INDEX(DM_DON_VI!$B$4:$B$185,MATCH(Q$4,DM_DON_VI!$D$4:$D$185,0)),""))*IFERROR(INDEX('01_PCTN_DATA'!$A$4:$ZZ$1000,0,MATCH($G58,'01_PCTN_DATA'!$A$3:$ZZ$3,0)),0))} -> 0 | R58: {=SUMPRODUCT(('01_PCTN_DATA'!$A$4:$A$1000=IFERROR(INDEX(DM_DON_VI!$B$4:$B$185,MATCH(R$4,DM_DON_VI!$D$4:$D$185,0)),""))*IFERROR(INDEX('01_PCTN_DATA'!$A$4:$ZZ$1000,0,MATCH($G58,'01_PCTN_DATA'!$A$3:$ZZ$3,0)),0))} -> 0 | S58: {=SUMPRODUCT(('01_PCTN_DATA'!$A$4:$A$1000=IFERROR(INDEX(DM_DON_VI!$B$4:$B$185,MATCH(S$4,DM_DON_VI!$D$4:$D$185,0)),""))*IFERROR(INDEX('01_PCTN_DATA'!$A$4:$ZZ$1000,0,MATCH($G58,'01_PCTN_DATA'!$A$3:$ZZ$3,0)),0))} -> 0 | ... GK58: {=SUMPRODUCT(('01_PCTN_DATA'!$A$4:$A$1000=IFERROR(INDEX(DM_DON_VI!$B$4:$B$185,MATCH(GK$4,DM_DON_VI!$D$4:$D$185,0)),""))*IFERROR(INDEX('01_PCTN_DATA'!$A$4:$ZZ$1000,0,MATCH($G58,'01_PCTN_DATA'!$A$3:$ZZ$3,0)),0))} -> 0
A59: 43 | B59: 43 | C59: Số người bị kỷ luật do vi phạm quy định về kiểm soát tài sản, thu nhập | D59: Người | E59: {=SUMPRODUCT(IFERROR(INDEX('01_PCTN_DATA'!$A$4:$ZZ$1000,0,MATCH($G59,'01_PCTN_DATA'!$A$3:$ZZ$3,0)),0))} -> 0 | G59: P01_43 | H59: ITEM | I59: PHÒNG NGỪA THAM NHŨNG TRONG CƠ QUAN, TỔ CHỨC, ĐƠN VỊ | J59: Thực hiện các quy định về kiểm soát tài sản, thu nhập của người có chức vụ, quyền hạn | K59: 43 | L59: {=SUMPRODUCT(('01_PCTN_DATA'!$A$4:$A$1000=IFERROR(INDEX(DM_DON_VI!$B$4:$B$185,MATCH(L$4,DM_DON_VI!$D$4:$D$185,0)),""))*IFERROR(INDEX('01_PCTN_DATA'!$A$4:$ZZ$1000,0,MATCH($G59,'01_PCTN_DATA'!$A$3:$ZZ$3,0)),0))} -> 0 | M59: {=SUMPRODUCT(('01_PCTN_DATA'!$A$4:$A$1000=IFERROR(INDEX(DM_DON_VI!$B$4:$B$185,MATCH(M$4,DM_DON_VI!$D$4:$D$185,0)),""))*IFERROR(INDEX('01_PCTN_DATA'!$A$4:$ZZ$1000,0,MATCH($G59,'01_PCTN_DATA'!$A$3:$ZZ$3,0)),0))} -> 0 | N59: {=SUMPRODUCT(('01_PCTN_DATA'!$A$4:$A$1000=IFERROR(INDEX(DM_DON_VI!$B$4:$B$185,MATCH(N$4,DM_DON_VI!$D$4:$D$185,0)),""))*IFERROR(INDEX('01_PCTN_DATA'!$A$4:$ZZ$1000,0,MATCH($G59,'01_PCTN_DATA'!$A$3:$ZZ$3,0)),0))} -> 0 | O59: {=SUMPRODUCT(('01_PCTN_DATA'!$A$4:$A$1000=IFERROR(INDEX(DM_DON_VI!$B$4:$B$185,MATCH(O$4,DM_DON_VI!$D$4:$D$185,0)),""))*IFERROR(INDEX('01_PCTN_DATA'!$A$4:$ZZ$1000,0,MATCH($G59,'01_PCTN_DATA'!$A$3:$ZZ$3,0)),0))} -> 0 | P59: {=SUMPRODUCT(('01_PCTN_DATA'!$A$4:$A$1000=IFERROR(INDEX(DM_DON_VI!$B$4:$B$185,MATCH(P$4,DM_DON_VI!$D$4:$D$185,0)),""))*IFERROR(INDEX('01_PCTN_DATA'!$A$4:$ZZ$1000,0,MATCH($G59,'01_PCTN_DATA'!$A$3:$ZZ$3,0)),0))} -> 0 | Q59: {=SUMPRODUCT(('01_PCTN_DATA'!$A$4:$A$1000=IFERROR(INDEX(DM_DON_VI!$B$4:$B$185,MATCH(Q$4,DM_DON_VI!$D$4:$D$185,0)),""))*IFERROR(INDEX('01_PCTN_DATA'!$A$4:$ZZ$1000,0,MATCH($G59,'01_PCTN_DATA'!$A$3:$ZZ$3,0)),0))} -> 0 | R59: {=SUMPRODUCT(('01_PCTN_DATA'!$A$4:$A$1000=IFERROR(INDEX(DM_DON_VI!$B$4:$B$185,MATCH(R$4,DM_DON_VI!$D$4:$D$185,0)),""))*IFERROR(INDEX('01_PCTN_DATA'!$A$4:$ZZ$1000,0,MATCH($G59,'01_PCTN_DATA'!$A$3:$ZZ$3,0)),0))} -> 0 | S59: {=SUMPRODUCT(('01_PCTN_DATA'!$A$4:$A$1000=IFERROR(INDEX(DM_DON_VI!$B$4:$B$185,MATCH(S$4,DM_DON_VI!$D$4:$D$185,0)),""))*IFERROR(INDEX('01_PCTN_DATA'!$A$4:$ZZ$1000,0,MATCH($G59,'01_PCTN_DATA'!$A$3:$ZZ$3,0)),0))} -> 0 | ... GK59: {=SUMPRODUCT(('01_PCTN_DATA'!$A$4:$A$1000=IFERROR(INDEX(DM_DON_VI!$B$4:$B$185,MATCH(GK$4,DM_DON_VI!$D$4:$D$185,0)),""))*IFERROR(INDEX('01_PCTN_DATA'!$A$4:$ZZ$1000,0,MATCH($G59,'01_PCTN_DATA'!$A$3:$ZZ$3,0)),0))} -> 0
A60: 44 | B60: 43.1 | C60: Số người bị kỷ luật do kê khai tài sản, thu nhập không trung thực | D60: Người | E60: {=SUMPRODUCT(IFERROR(INDEX('01_PCTN_DATA'!$A$4:$ZZ$1000,0,MATCH($G60,'01_PCTN_DATA'!$A$3:$ZZ$3,0)),0))} -> 0 | G60: P01_43.1 | H60: ITEM | I60: PHÒNG NGỪA THAM NHŨNG TRONG CƠ QUAN, TỔ CHỨC, ĐƠN VỊ | J60: Thực hiện các quy định về kiểm soát tài sản, thu nhập của người có chức vụ, quyền hạn | K60: 43.1 | L60: {=SUMPRODUCT(('01_PCTN_DATA'!$A$4:$A$1000=IFERROR(INDEX(DM_DON_VI!$B$4:$B$185,MATCH(L$4,DM_DON_VI!$D$4:$D$185,0)),""))*IFERROR(INDEX('01_PCTN_DATA'!$A$4:$ZZ$1000,0,MATCH($G60,'01_PCTN_DATA'!$A$3:$ZZ$3,0)),0))} -> 0 | M60: {=SUMPRODUCT(('01_PCTN_DATA'!$A$4:$A$1000=IFERROR(INDEX(DM_DON_VI!$B$4:$B$185,MATCH(M$4,DM_DON_VI!$D$4:$D$185,0)),""))*IFERROR(INDEX('01_PCTN_DATA'!$A$4:$ZZ$1000,0,MATCH($G60,'01_PCTN_DATA'!$A$3:$ZZ$3,0)),0))} -> 0 | N60: {=SUMPRODUCT(('01_PCTN_DATA'!$A$4:$A$1000=IFERROR(INDEX(DM_DON_VI!$B$4:$B$185,MATCH(N$4,DM_DON_VI!$D$4:$D$185,0)),""))*IFERROR(INDEX('01_PCTN_DATA'!$A$4:$ZZ$1000,0,MATCH($G60,'01_PCTN_DATA'!$A$3:$ZZ$3,0)),0))} -> 0 | O60: {=SUMPRODUCT(('01_PCTN_DATA'!$A$4:$A$1000=IFERROR(INDEX(DM_DON_VI!$B$4:$B$185,MATCH(O$4,DM_DON_VI!$D$4:$D$185,0)),""))*IFERROR(INDEX('01_PCTN_DATA'!$A$4:$ZZ$1000,0,MATCH($G60,'01_PCTN_DATA'!$A$3:$ZZ$3,0)),0))} -> 0 | P60: {=SUMPRODUCT(('01_PCTN_DATA'!$A$4:$A$1000=IFERROR(INDEX(DM_DON_VI!$B$4:$B$185,MATCH(P$4,DM_DON_VI!$D$4:$D$185,0)),""))*IFERROR(INDEX('01_PCTN_DATA'!$A$4:$ZZ$1000,0,MATCH($G60,'01_PCTN_DATA'!$A$3:$ZZ$3,0)),0))} -> 0 | Q60: {=SUMPRODUCT(('01_PCTN_DATA'!$A$4:$A$1000=IFERROR(INDEX(DM_DON_VI!$B$4:$B$185,MATCH(Q$4,DM_DON_VI!$D$4:$D$185,0)),""))*IFERROR(INDEX('01_PCTN_DATA'!$A$4:$ZZ$1000,0,MATCH($G60,'01_PCTN_DATA'!$A$3:$ZZ$3,0)),0))} -> 0 | R60: {=SUMPRODUCT(('01_PCTN_DATA'!$A$4:$A$1000=IFERROR(INDEX(DM_DON_VI!$B$4:$B$185,MATCH(R$4,DM_DON_VI!$D$4:$D$185,0)),""))*IFERROR(INDEX('01_PCTN_DATA'!$A$4:$ZZ$1000,0,MATCH($G60,'01_PCTN_DATA'!$A$3:$ZZ$3,0)),0))} -> 0 | S60: {=SUMPRODUCT(('01_PCTN_DATA'!$A$4:$A$1000=IFERROR(INDEX(DM_DON_VI!$B$4:$B$185,MATCH(S$4,DM_DON_VI!$D$4:$D$185,0)),""))*IFERROR(INDEX('01_PCTN_DATA'!$A$4:$ZZ$1000,0,MATCH($G60,'01_PCTN_DATA'!$A$3:$ZZ$3,0)),0))} -> 0 | ... GK60: {=SUMPRODUCT(('01_PCTN_DATA'!$A$4:$A$1000=IFERROR(INDEX(DM_DON_VI!$B$4:$B$185,MATCH(GK$4,DM_DON_VI!$D$4:$D$185,0)),""))*IFERROR(INDEX('01_PCTN_DATA'!$A$4:$ZZ$1000,0,MATCH($G60,'01_PCTN_DATA'!$A$3:$ZZ$3,0)),0))} -> 0
A61: 45 | B61: 43.2 | C61: Số người bị kỷ luật do có vi phạm khác về kiểm soát tài sản, thu nhập | D61: Người | E61: {=SUMPRODUCT(IFERROR(INDEX('01_PCTN_DATA'!$A$4:$ZZ$1000,0,MATCH($G61,'01_PCTN_DATA'!$A$3:$ZZ$3,0)),0))} -> 0 | G61: P01_43.2 | H61: ITEM | I61: PHÒNG NGỪA THAM NHŨNG TRONG CƠ QUAN, TỔ CHỨC, ĐƠN VỊ | J61: Thực hiện các quy định về kiểm soát tài sản, thu nhập của người có chức vụ, quyền hạn | K61: 43.2 | L61: {=SUMPRODUCT(('01_PCTN_DATA'!$A$4:$A$1000=IFERROR(INDEX(DM_DON_VI!$B$4:$B$185,MATCH(L$4,DM_DON_VI!$D$4:$D$185,0)),""))*IFERROR(INDEX('01_PCTN_DATA'!$A$4:$ZZ$1000,0,MATCH($G61,'01_PCTN_DATA'!$A$3:$ZZ$3,0)),0))} -> 0 | M61: {=SUMPRODUCT(('01_PCTN_DATA'!$A$4:$A$1000=IFERROR(INDEX(DM_DON_VI!$B$4:$B$185,MATCH(M$4,DM_DON_VI!$D$4:$D$185,0)),""))*IFERROR(INDEX('01_PCTN_DATA'!$A$4:$ZZ$1000,0,MATCH($G61,'01_PCTN_DATA'!$A$3:$ZZ$3,0)),0))} -> 0 | N61: {=SUMPRODUCT(('01_PCTN_DATA'!$A$4:$A$1000=IFERROR(INDEX(DM_DON_VI!$B$4:$B$185,MATCH(N$4,DM_DON_VI!$D$4:$D$185,0)),""))*IFERROR(INDEX('01_PCTN_DATA'!$A$4:$ZZ$1000,0,MATCH($G61,'01_PCTN_DATA'!$A$3:$ZZ$3,0)),0))} -> 0 | O61: {=SUMPRODUCT(('01_PCTN_DATA'!$A$4:$A$1000=IFERROR(INDEX(DM_DON_VI!$B$4:$B$185,MATCH(O$4,DM_DON_VI!$D$4:$D$185,0)),""))*IFERROR(INDEX('01_PCTN_DATA'!$A$4:$ZZ$1000,0,MATCH($G61,'01_PCTN_DATA'!$A$3:$ZZ$3,0)),0))} -> 0 | P61: {=SUMPRODUCT(('01_PCTN_DATA'!$A$4:$A$1000=IFERROR(INDEX(DM_DON_VI!$B$4:$B$185,MATCH(P$4,DM_DON_VI!$D$4:$D$185,0)),""))*IFERROR(INDEX('01_PCTN_DATA'!$A$4:$ZZ$1000,0,MATCH($G61,'01_PCTN_DATA'!$A$3:$ZZ$3,0)),0))} -> 0 | Q61: {=SUMPRODUCT(('01_PCTN_DATA'!$A$4:$A$1000=IFERROR(INDEX(DM_DON_VI!$B$4:$B$185,MATCH(Q$4,DM_DON_VI!$D$4:$D$185,0)),""))*IFERROR(INDEX('01_PCTN_DATA'!$A$4:$ZZ$1000,0,MATCH($G61,'01_PCTN_DATA'!$A$3:$ZZ$3,0)),0))} -> 0 | R61: {=SUMPRODUCT(('01_PCTN_DATA'!$A$4:$A$1000=IFERROR(INDEX(DM_DON_VI!$B$4:$B$185,MATCH(R$4,DM_DON_VI!$D$4:$D$185,0)),""))*IFERROR(INDEX('01_PCTN_DATA'!$A$4:$ZZ$1000,0,MATCH($G61,'01_PCTN_DATA'!$A$3:$ZZ$3,0)),0))} -> 0 | S61: {=SUMPRODUCT(('01_PCTN_DATA'!$A$4:$A$1000=IFERROR(INDEX(DM_DON_VI!$B$4:$B$185,MATCH(S$4,DM_DON_VI!$D$4:$D$185,0)),""))*IFERROR(INDEX('01_PCTN_DATA'!$A$4:$ZZ$1000,0,MATCH($G61,'01_PCTN_DATA'!$A$3:$ZZ$3,0)),0))} -> 0 | ... GK61: {=SUMPRODUCT(('01_PCTN_DATA'!$A$4:$A$1000=IFERROR(INDEX(DM_DON_VI!$B$4:$B$185,MATCH(GK$4,DM_DON_VI!$D$4:$D$185,0)),""))*IFERROR(INDEX('01_PCTN_DATA'!$A$4:$ZZ$1000,0,MATCH($G61,'01_PCTN_DATA'!$A$3:$ZZ$3,0)),0))} -> 0
A62: PHÁT HIỆN CÁC VỤ VIỆC THAM NHŨNG, LÃNG PHÍ, TIÊU CỰC TRONG CƠ QUAN, TỔ CHỨC, ĐƠN VỊ | H62: SECTION | I62: PHÁT HIỆN CÁC VỤ VIỆC THAM NHŨNG, LÃNG PHÍ, TIÊU CỰC TRONG CƠ QUAN, TỔ CHỨC, ĐƠN VỊ
A63: 46 | B63: 44 | C63: Tổng số vụ việc tham nhũng, tiêu cực được phát hiện trong kỳ báo cáo | D63: Vụ | E63: {=SUMPRODUCT(IFERROR(INDEX('01_PCTN_DATA'!$A$4:$ZZ$1000,0,MATCH($G63,'01_PCTN_DATA'!$A$3:$ZZ$3,0)),0))} -> 0 | G63: P01_44 | H63: ITEM | I63: PHÁT HIỆN CÁC VỤ VIỆC THAM NHŨNG, LÃNG PHÍ, TIÊU CỰC TRONG CƠ QUAN, TỔ CHỨC, ĐƠN VỊ | K63: 44 | L63: {=SUMPRODUCT(('01_PCTN_DATA'!$A$4:$A$1000=IFERROR(INDEX(DM_DON_VI!$B$4:$B$185,MATCH(L$4,DM_DON_VI!$D$4:$D$185,0)),""))*IFERROR(INDEX('01_PCTN_DATA'!$A$4:$ZZ$1000,0,MATCH($G63,'01_PCTN_DATA'!$A$3:$ZZ$3,0)),0))} -> 0 | M63: {=SUMPRODUCT(('01_PCTN_DATA'!$A$4:$A$1000=IFERROR(INDEX(DM_DON_VI!$B$4:$B$185,MATCH(M$4,DM_DON_VI!$D$4:$D$185,0)),""))*IFERROR(INDEX('01_PCTN_DATA'!$A$4:$ZZ$1000,0,MATCH($G63,'01_PCTN_DATA'!$A$3:$ZZ$3,0)),0))} -> 0 | N63: {=SUMPRODUCT(('01_PCTN_DATA'!$A$4:$A$1000=IFERROR(INDEX(DM_DON_VI!$B$4:$B$185,MATCH(N$4,DM_DON_VI!$D$4:$D$185,0)),""))*IFERROR(INDEX('01_PCTN_DATA'!$A$4:$ZZ$1000,0,MATCH($G63,'01_PCTN_DATA'!$A$3:$ZZ$3,0)),0))} -> 0 | O63: {=SUMPRODUCT(('01_PCTN_DATA'!$A$4:$A$1000=IFERROR(INDEX(DM_DON_VI!$B$4:$B$185,MATCH(O$4,DM_DON_VI!$D$4:$D$185,0)),""))*IFERROR(INDEX('01_PCTN_DATA'!$A$4:$ZZ$1000,0,MATCH($G63,'01_PCTN_DATA'!$A$3:$ZZ$3,0)),0))} -> 0 | P63: {=SUMPRODUCT(('01_PCTN_DATA'!$A$4:$A$1000=IFERROR(INDEX(DM_DON_VI!$B$4:$B$185,MATCH(P$4,DM_DON_VI!$D$4:$D$185,0)),""))*IFERROR(INDEX('01_PCTN_DATA'!$A$4:$ZZ$1000,0,MATCH($G63,'01_PCTN_DATA'!$A$3:$ZZ$3,0)),0))} -> 0 | Q63: {=SUMPRODUCT(('01_PCTN_DATA'!$A$4:$A$1000=IFERROR(INDEX(DM_DON_VI!$B$4:$B$185,MATCH(Q$4,DM_DON_VI!$D$4:$D$185,0)),""))*IFERROR(INDEX('01_PCTN_DATA'!$A$4:$ZZ$1000,0,MATCH($G63,'01_PCTN_DATA'!$A$3:$ZZ$3,0)),0))} -> 0 | R63: {=SUMPRODUCT(('01_PCTN_DATA'!$A$4:$A$1000=IFERROR(INDEX(DM_DON_VI!$B$4:$B$185,MATCH(R$4,DM_DON_VI!$D$4:$D$185,0)),""))*IFERROR(INDEX('01_PCTN_DATA'!$A$4:$ZZ$1000,0,MATCH($G63,'01_PCTN_DATA'!$A$3:$ZZ$3,0)),0))} -> 0 | S63: {=SUMPRODUCT(('01_PCTN_DATA'!$A$4:$A$1000=IFERROR(INDEX(DM_DON_VI!$B$4:$B$185,MATCH(S$4,DM_DON_VI!$D$4:$D$185,0)),""))*IFERROR(INDEX('01_PCTN_DATA'!$A$4:$ZZ$1000,0,MATCH($G63,'01_PCTN_DATA'!$A$3:$ZZ$3,0)),0))} -> 0 | ... GK63: {=SUMPRODUCT(('01_PCTN_DATA'!$A$4:$A$1000=IFERROR(INDEX(DM_DON_VI!$B$4:$B$185,MATCH(GK$4,DM_DON_VI!$D$4:$D$185,0)),""))*IFERROR(INDEX('01_PCTN_DATA'!$A$4:$ZZ$1000,0,MATCH($G63,'01_PCTN_DATA'!$A$3:$ZZ$3,0)),0))} -> 0
A64: 47 | B64: 45 | C64: Tổng số đối tượng có hành vi tham nhũng, tiêu cực được phát hiện trong kỳ báo cáo | D64: Người | E64: {=SUMPRODUCT(IFERROR(INDEX('01_PCTN_DATA'!$A$4:$ZZ$1000,0,MATCH($G64,'01_PCTN_DATA'!$A$3:$ZZ$3,0)),0))} -> 0 | G64: P01_45 | H64: ITEM | I64: PHÁT HIỆN CÁC VỤ VIỆC THAM NHŨNG, LÃNG PHÍ, TIÊU CỰC TRONG CƠ QUAN, TỔ CHỨC, ĐƠN VỊ | K64: 45 | L64: {=SUMPRODUCT(('01_PCTN_DATA'!$A$4:$A$1000=IFERROR(INDEX(DM_DON_VI!$B$4:$B$185,MATCH(L$4,DM_DON_VI!$D$4:$D$185,0)),""))*IFERROR(INDEX('01_PCTN_DATA'!$A$4:$ZZ$1000,0,MATCH($G64,'01_PCTN_DATA'!$A$3:$ZZ$3,0)),0))} -> 0 | M64: {=SUMPRODUCT(('01_PCTN_DATA'!$A$4:$A$1000=IFERROR(INDEX(DM_DON_VI!$B$4:$B$185,MATCH(M$4,DM_DON_VI!$D$4:$D$185,0)),""))*IFERROR(INDEX('01_PCTN_DATA'!$A$4:$ZZ$1000,0,MATCH($G64,'01_PCTN_DATA'!$A$3:$ZZ$3,0)),0))} -> 0 | N64: {=SUMPRODUCT(('01_PCTN_DATA'!$A$4:$A$1000=IFERROR(INDEX(DM_DON_VI!$B$4:$B$185,MATCH(N$4,DM_DON_VI!$D$4:$D$185,0)),""))*IFERROR(INDEX('01_PCTN_DATA'!$A$4:$ZZ$1000,0,MATCH($G64,'01_PCTN_DATA'!$A$3:$ZZ$3,0)),0))} -> 0 | O64: {=SUMPRODUCT(('01_PCTN_DATA'!$A$4:$A$1000=IFERROR(INDEX(DM_DON_VI!$B$4:$B$185,MATCH(O$4,DM_DON_VI!$D$4:$D$185,0)),""))*IFERROR(INDEX('01_PCTN_DATA'!$A$4:$ZZ$1000,0,MATCH($G64,'01_PCTN_DATA'!$A$3:$ZZ$3,0)),0))} -> 0 | P64: {=SUMPRODUCT(('01_PCTN_DATA'!$A$4:$A$1000=IFERROR(INDEX(DM_DON_VI!$B$4:$B$185,MATCH(P$4,DM_DON_VI!$D$4:$D$185,0)),""))*IFERROR(INDEX('01_PCTN_DATA'!$A$4:$ZZ$1000,0,MATCH($G64,'01_PCTN_DATA'!$A$3:$ZZ$3,0)),0))} -> 0 | Q64: {=SUMPRODUCT(('01_PCTN_DATA'!$A$4:$A$1000=IFERROR(INDEX(DM_DON_VI!$B$4:$B$185,MATCH(Q$4,DM_DON_VI!$D$4:$D$185,0)),""))*IFERROR(INDEX('01_PCTN_DATA'!$A$4:$ZZ$1000,0,MATCH($G64,'01_PCTN_DATA'!$A$3:$ZZ$3,0)),0))} -> 0 | R64: {=SUMPRODUCT(('01_PCTN_DATA'!$A$4:$A$1000=IFERROR(INDEX(DM_DON_VI!$B$4:$B$185,MATCH(R$4,DM_DON_VI!$D$4:$D$185,0)),""))*IFERROR(INDEX('01_PCTN_DATA'!$A$4:$ZZ$1000,0,MATCH($G64,'01_PCTN_DATA'!$A$3:$ZZ$3,0)),0))} -> 0 | S64: {=SUMPRODUCT(('01_PCTN_DATA'!$A$4:$A$1000=IFERROR(INDEX(DM_DON_VI!$B$4:$B$185,MATCH(S$4,DM_DON_VI!$D$4:$D$185,0)),""))*IFERROR(INDEX('01_PCTN_DATA'!$A$4:$ZZ$1000,0,MATCH($G64,'01_PCTN_DATA'!$A$3:$ZZ$3,0)),0))} -> 0 | ... GK64: {=SUMPRODUCT(('01_PCTN_DATA'!$A$4:$A$1000=IFERROR(INDEX(DM_DON_VI!$B$4:$B$185,MATCH(GK$4,DM_DON_VI!$D$4:$D$185,0)),""))*IFERROR(INDEX('01_PCTN_DATA'!$A$4:$ZZ$1000,0,MATCH($G64,'01_PCTN_DATA'!$A$3:$ZZ$3,0)),0))} -> 0
A65: 48 | B65: 46 | C65: Tổng số vụ việc gây lãng phí được phát hiện trong kỳ báo cáo | D65: Vụ | E65: {=SUMPRODUCT(IFERROR(INDEX('01_PCTN_DATA'!$A$4:$ZZ$1000,0,MATCH($G65,'01_PCTN_DATA'!$A$3:$ZZ$3,0)),0))} -> 0 | G65: P01_46 | H65: ITEM | I65: PHÁT HIỆN CÁC VỤ VIỆC THAM NHŨNG, LÃNG PHÍ, TIÊU CỰC TRONG CƠ QUAN, TỔ CHỨC, ĐƠN VỊ | K65: 46 | L65: {=SUMPRODUCT(('01_PCTN_DATA'!$A$4:$A$1000=IFERROR(INDEX(DM_DON_VI!$B$4:$B$185,MATCH(L$4,DM_DON_VI!$D$4:$D$185,0)),""))*IFERROR(INDEX('01_PCTN_DATA'!$A$4:$ZZ$1000,0,MATCH($G65,'01_PCTN_DATA'!$A$3:$ZZ$3,0)),0))} -> 0 | M65: {=SUMPRODUCT(('01_PCTN_DATA'!$A$4:$A$1000=IFERROR(INDEX(DM_DON_VI!$B$4:$B$185,MATCH(M$4,DM_DON_VI!$D$4:$D$185,0)),""))*IFERROR(INDEX('01_PCTN_DATA'!$A$4:$ZZ$1000,0,MATCH($G65,'01_PCTN_DATA'!$A$3:$ZZ$3,0)),0))} -> 0 | N65: {=SUMPRODUCT(('01_PCTN_DATA'!$A$4:$A$1000=IFERROR(INDEX(DM_DON_VI!$B$4:$B$185,MATCH(N$4,DM_DON_VI!$D$4:$D$185,0)),""))*IFERROR(INDEX('01_PCTN_DATA'!$A$4:$ZZ$1000,0,MATCH($G65,'01_PCTN_DATA'!$A$3:$ZZ$3,0)),0))} -> 0 | O65: {=SUMPRODUCT(('01_PCTN_DATA'!$A$4:$A$1000=IFERROR(INDEX(DM_DON_VI!$B$4:$B$185,MATCH(O$4,DM_DON_VI!$D$4:$D$185,0)),""))*IFERROR(INDEX('01_PCTN_DATA'!$A$4:$ZZ$1000,0,MATCH($G65,'01_PCTN_DATA'!$A$3:$ZZ$3,0)),0))} -> 0 | P65: {=SUMPRODUCT(('01_PCTN_DATA'!$A$4:$A$1000=IFERROR(INDEX(DM_DON_VI!$B$4:$B$185,MATCH(P$4,DM_DON_VI!$D$4:$D$185,0)),""))*IFERROR(INDEX('01_PCTN_DATA'!$A$4:$ZZ$1000,0,MATCH($G65,'01_PCTN_DATA'!$A$3:$ZZ$3,0)),0))} -> 0 | Q65: {=SUMPRODUCT(('01_PCTN_DATA'!$A$4:$A$1000=IFERROR(INDEX(DM_DON_VI!$B$4:$B$185,MATCH(Q$4,DM_DON_VI!$D$4:$D$185,0)),""))*IFERROR(INDEX('01_PCTN_DATA'!$A$4:$ZZ$1000,0,MATCH($G65,'01_PCTN_DATA'!$A$3:$ZZ$3,0)),0))} -> 0 | R65: {=SUMPRODUCT(('01_PCTN_DATA'!$A$4:$A$1000=IFERROR(INDEX(DM_DON_VI!$B$4:$B$185,MATCH(R$4,DM_DON_VI!$D$4:$D$185,0)),""))*IFERROR(INDEX('01_PCTN_DATA'!$A$4:$ZZ$1000,0,MATCH($G65,'01_PCTN_DATA'!$A$3:$ZZ$3,0)),0))} -> 0 | S65: {=SUMPRODUCT(('01_PCTN_DATA'!$A$4:$A$1000=IFERROR(INDEX(DM_DON_VI!$B$4:$B$185,MATCH(S$4,DM_DON_VI!$D$4:$D$185,0)),""))*IFERROR(INDEX('01_PCTN_DATA'!$A$4:$ZZ$1000,0,MATCH($G65,'01_PCTN_DATA'!$A$3:$ZZ$3,0)),0))} -> 0 | ... GK65: {=SUMPRODUCT(('01_PCTN_DATA'!$A$4:$A$1000=IFERROR(INDEX(DM_DON_VI!$B$4:$B$185,MATCH(GK$4,DM_DON_VI!$D$4:$D$185,0)),""))*IFERROR(INDEX('01_PCTN_DATA'!$A$4:$ZZ$1000,0,MATCH($G65,'01_PCTN_DATA'!$A$3:$ZZ$3,0)),0))} -> 0
A66: 49 | B66: 47 | C66: Tổng số đối tượng có hành vi gây lãng phí được phát hiện trong kỳ báo cáo | D66: Người | E66: {=SUMPRODUCT(IFERROR(INDEX('01_PCTN_DATA'!$A$4:$ZZ$1000,0,MATCH($G66,'01_PCTN_DATA'!$A$3:$ZZ$3,0)),0))} -> 0 | G66: P01_47 | H66: ITEM | I66: PHÁT HIỆN CÁC VỤ VIỆC THAM NHŨNG, LÃNG PHÍ, TIÊU CỰC TRONG CƠ QUAN, TỔ CHỨC, ĐƠN VỊ | K66: 47 | L66: {=SUMPRODUCT(('01_PCTN_DATA'!$A$4:$A$1000=IFERROR(INDEX(DM_DON_VI!$B$4:$B$185,MATCH(L$4,DM_DON_VI!$D$4:$D$185,0)),""))*IFERROR(INDEX('01_PCTN_DATA'!$A$4:$ZZ$1000,0,MATCH($G66,'01_PCTN_DATA'!$A$3:$ZZ$3,0)),0))} -> 0 | M66: {=SUMPRODUCT(('01_PCTN_DATA'!$A$4:$A$1000=IFERROR(INDEX(DM_DON_VI!$B$4:$B$185,MATCH(M$4,DM_DON_VI!$D$4:$D$185,0)),""))*IFERROR(INDEX('01_PCTN_DATA'!$A$4:$ZZ$1000,0,MATCH($G66,'01_PCTN_DATA'!$A$3:$ZZ$3,0)),0))} -> 0 | N66: {=SUMPRODUCT(('01_PCTN_DATA'!$A$4:$A$1000=IFERROR(INDEX(DM_DON_VI!$B$4:$B$185,MATCH(N$4,DM_DON_VI!$D$4:$D$185,0)),""))*IFERROR(INDEX('01_PCTN_DATA'!$A$4:$ZZ$1000,0,MATCH($G66,'01_PCTN_DATA'!$A$3:$ZZ$3,0)),0))} -> 0 | O66: {=SUMPRODUCT(('01_PCTN_DATA'!$A$4:$A$1000=IFERROR(INDEX(DM_DON_VI!$B$4:$B$185,MATCH(O$4,DM_DON_VI!$D$4:$D$185,0)),""))*IFERROR(INDEX('01_PCTN_DATA'!$A$4:$ZZ$1000,0,MATCH($G66,'01_PCTN_DATA'!$A$3:$ZZ$3,0)),0))} -> 0 | P66: {=SUMPRODUCT(('01_PCTN_DATA'!$A$4:$A$1000=IFERROR(INDEX(DM_DON_VI!$B$4:$B$185,MATCH(P$4,DM_DON_VI!$D$4:$D$185,0)),""))*IFERROR(INDEX('01_PCTN_DATA'!$A$4:$ZZ$1000,0,MATCH($G66,'01_PCTN_DATA'!$A$3:$ZZ$3,0)),0))} -> 0 | Q66: {=SUMPRODUCT(('01_PCTN_DATA'!$A$4:$A$1000=IFERROR(INDEX(DM_DON_VI!$B$4:$B$185,MATCH(Q$4,DM_DON_VI!$D$4:$D$185,0)),""))*IFERROR(INDEX('01_PCTN_DATA'!$A$4:$ZZ$1000,0,MATCH($G66,'01_PCTN_DATA'!$A$3:$ZZ$3,0)),0))} -> 0 | R66: {=SUMPRODUCT(('01_PCTN_DATA'!$A$4:$A$1000=IFERROR(INDEX(DM_DON_VI!$B$4:$B$185,MATCH(R$4,DM_DON_VI!$D$4:$D$185,0)),""))*IFERROR(INDEX('01_PCTN_DATA'!$A$4:$ZZ$1000,0,MATCH($G66,'01_PCTN_DATA'!$A$3:$ZZ$3,0)),0))} -> 0 | S66: {=SUMPRODUCT(('01_PCTN_DATA'!$A$4:$A$1000=IFERROR(INDEX(DM_DON_VI!$B$4:$B$185,MATCH(S$4,DM_DON_VI!$D$4:$D$185,0)),""))*IFERROR(INDEX('01_PCTN_DATA'!$A$4:$ZZ$1000,0,MATCH($G66,'01_PCTN_DATA'!$A$3:$ZZ$3,0)),0))} -> 0 | ... GK66: {=SUMPRODUCT(('01_PCTN_DATA'!$A$4:$A$1000=IFERROR(INDEX(DM_DON_VI!$B$4:$B$185,MATCH(GK$4,DM_DON_VI!$D$4:$D$185,0)),""))*IFERROR(INDEX('01_PCTN_DATA'!$A$4:$ZZ$1000,0,MATCH($G66,'01_PCTN_DATA'!$A$3:$ZZ$3,0)),0))} -> 0
C67: Qua công tác kiểm tra và tự kiểm tra của cơ quan, tổ chức, đơn vị | H67: SUBSECTION | I67: PHÁT HIỆN CÁC VỤ VIỆC THAM NHŨNG, LÃNG PHÍ, TIÊU CỰC TRONG CƠ QUAN, TỔ CHỨC, ĐƠN VỊ | J67: Qua công tác kiểm tra và tự kiểm tra của cơ quan, tổ chức, đơn vị
A68: 50 | B68: 48 | C68: Số vụ TNLPTC đã được phát hiện qua công tác kiểm tra của cơ quan quản lý nhà nước | D68: Vụ | E68: {=SUMPRODUCT(IFERROR(INDEX('01_PCTN_DATA'!$A$4:$ZZ$1000,0,MATCH($G68,'01_PCTN_DATA'!$A$3:$ZZ$3,0)),0))} -> 0 | G68: P01_48 | H68: ITEM | I68: PHÁT HIỆN CÁC VỤ VIỆC THAM NHŨNG, LÃNG PHÍ, TIÊU CỰC TRONG CƠ QUAN, TỔ CHỨC, ĐƠN VỊ | J68: Qua công tác kiểm tra và tự kiểm tra của cơ quan, tổ chức, đơn vị | K68: 48 | L68: {=SUMPRODUCT(('01_PCTN_DATA'!$A$4:$A$1000=IFERROR(INDEX(DM_DON_VI!$B$4:$B$185,MATCH(L$4,DM_DON_VI!$D$4:$D$185,0)),""))*IFERROR(INDEX('01_PCTN_DATA'!$A$4:$ZZ$1000,0,MATCH($G68,'01_PCTN_DATA'!$A$3:$ZZ$3,0)),0))} -> 0 | M68: {=SUMPRODUCT(('01_PCTN_DATA'!$A$4:$A$1000=IFERROR(INDEX(DM_DON_VI!$B$4:$B$185,MATCH(M$4,DM_DON_VI!$D$4:$D$185,0)),""))*IFERROR(INDEX('01_PCTN_DATA'!$A$4:$ZZ$1000,0,MATCH($G68,'01_PCTN_DATA'!$A$3:$ZZ$3,0)),0))} -> 0 | N68: {=SUMPRODUCT(('01_PCTN_DATA'!$A$4:$A$1000=IFERROR(INDEX(DM_DON_VI!$B$4:$B$185,MATCH(N$4,DM_DON_VI!$D$4:$D$185,0)),""))*IFERROR(INDEX('01_PCTN_DATA'!$A$4:$ZZ$1000,0,MATCH($G68,'01_PCTN_DATA'!$A$3:$ZZ$3,0)),0))} -> 0 | O68: {=SUMPRODUCT(('01_PCTN_DATA'!$A$4:$A$1000=IFERROR(INDEX(DM_DON_VI!$B$4:$B$185,MATCH(O$4,DM_DON_VI!$D$4:$D$185,0)),""))*IFERROR(INDEX('01_PCTN_DATA'!$A$4:$ZZ$1000,0,MATCH($G68,'01_PCTN_DATA'!$A$3:$ZZ$3,0)),0))} -> 0 | P68: {=SUMPRODUCT(('01_PCTN_DATA'!$A$4:$A$1000=IFERROR(INDEX(DM_DON_VI!$B$4:$B$185,MATCH(P$4,DM_DON_VI!$D$4:$D$185,0)),""))*IFERROR(INDEX('01_PCTN_DATA'!$A$4:$ZZ$1000,0,MATCH($G68,'01_PCTN_DATA'!$A$3:$ZZ$3,0)),0))} -> 0 | Q68: {=SUMPRODUCT(('01_PCTN_DATA'!$A$4:$A$1000=IFERROR(INDEX(DM_DON_VI!$B$4:$B$185,MATCH(Q$4,DM_DON_VI!$D$4:$D$185,0)),""))*IFERROR(INDEX('01_PCTN_DATA'!$A$4:$ZZ$1000,0,MATCH($G68,'01_PCTN_DATA'!$A$3:$ZZ$3,0)),0))} -> 0 | R68: {=SUMPRODUCT(('01_PCTN_DATA'!$A$4:$A$1000=IFERROR(INDEX(DM_DON_VI!$B$4:$B$185,MATCH(R$4,DM_DON_VI!$D$4:$D$185,0)),""))*IFERROR(INDEX('01_PCTN_DATA'!$A$4:$ZZ$1000,0,MATCH($G68,'01_PCTN_DATA'!$A$3:$ZZ$3,0)),0))} -> 0 | S68: {=SUMPRODUCT(('01_PCTN_DATA'!$A$4:$A$1000=IFERROR(INDEX(DM_DON_VI!$B$4:$B$185,MATCH(S$4,DM_DON_VI!$D$4:$D$185,0)),""))*IFERROR(INDEX('01_PCTN_DATA'!$A$4:$ZZ$1000,0,MATCH($G68,'01_PCTN_DATA'!$A$3:$ZZ$3,0)),0))} -> 0 | ... GK68: {=SUMPRODUCT(('01_PCTN_DATA'!$A$4:$A$1000=IFERROR(INDEX(DM_DON_VI!$B$4:$B$185,MATCH(GK$4,DM_DON_VI!$D$4:$D$185,0)),""))*IFERROR(INDEX('01_PCTN_DATA'!$A$4:$ZZ$1000,0,MATCH($G68,'01_PCTN_DATA'!$A$3:$ZZ$3,0)),0))} -> 0
A69: 51 | B69: 49 | C69: Số đối tượng có hành vi TNLPTC được phát hiện qua công tác kiểm tra của cơ quan quản lý nhà nước | D69: Người | E69: {=SUMPRODUCT(IFERROR(INDEX('01_PCTN_DATA'!$A$4:$ZZ$1000,0,MATCH($G69,'01_PCTN_DATA'!$A$3:$ZZ$3,0)),0))} -> 0 | G69: P01_49 | H69: ITEM | I69: PHÁT HIỆN CÁC VỤ VIỆC THAM NHŨNG, LÃNG PHÍ, TIÊU CỰC TRONG CƠ QUAN, TỔ CHỨC, ĐƠN VỊ | J69: Qua công tác kiểm tra và tự kiểm tra của cơ quan, tổ chức, đơn vị | K69: 49 | L69: {=SUMPRODUCT(('01_PCTN_DATA'!$A$4:$A$1000=IFERROR(INDEX(DM_DON_VI!$B$4:$B$185,MATCH(L$4,DM_DON_VI!$D$4:$D$185,0)),""))*IFERROR(INDEX('01_PCTN_DATA'!$A$4:$ZZ$1000,0,MATCH($G69,'01_PCTN_DATA'!$A$3:$ZZ$3,0)),0))} -> 0 | M69: {=SUMPRODUCT(('01_PCTN_DATA'!$A$4:$A$1000=IFERROR(INDEX(DM_DON_VI!$B$4:$B$185,MATCH(M$4,DM_DON_VI!$D$4:$D$185,0)),""))*IFERROR(INDEX('01_PCTN_DATA'!$A$4:$ZZ$1000,0,MATCH($G69,'01_PCTN_DATA'!$A$3:$ZZ$3,0)),0))} -> 0 | N69: {=SUMPRODUCT(('01_PCTN_DATA'!$A$4:$A$1000=IFERROR(INDEX(DM_DON_VI!$B$4:$B$185,MATCH(N$4,DM_DON_VI!$D$4:$D$185,0)),""))*IFERROR(INDEX('01_PCTN_DATA'!$A$4:$ZZ$1000,0,MATCH($G69,'01_PCTN_DATA'!$A$3:$ZZ$3,0)),0))} -> 0 | O69: {=SUMPRODUCT(('01_PCTN_DATA'!$A$4:$A$1000=IFERROR(INDEX(DM_DON_VI!$B$4:$B$185,MATCH(O$4,DM_DON_VI!$D$4:$D$185,0)),""))*IFERROR(INDEX('01_PCTN_DATA'!$A$4:$ZZ$1000,0,MATCH($G69,'01_PCTN_DATA'!$A$3:$ZZ$3,0)),0))} -> 0 | P69: {=SUMPRODUCT(('01_PCTN_DATA'!$A$4:$A$1000=IFERROR(INDEX(DM_DON_VI!$B$4:$B$185,MATCH(P$4,DM_DON_VI!$D$4:$D$185,0)),""))*IFERROR(INDEX('01_PCTN_DATA'!$A$4:$ZZ$1000,0,MATCH($G69,'01_PCTN_DATA'!$A$3:$ZZ$3,0)),0))} -> 0 | Q69: {=SUMPRODUCT(('01_PCTN_DATA'!$A$4:$A$1000=IFERROR(INDEX(DM_DON_VI!$B$4:$B$185,MATCH(Q$4,DM_DON_VI!$D$4:$D$185,0)),""))*IFERROR(INDEX('01_PCTN_DATA'!$A$4:$ZZ$1000,0,MATCH($G69,'01_PCTN_DATA'!$A$3:$ZZ$3,0)),0))} -> 0 | R69: {=SUMPRODUCT(('01_PCTN_DATA'!$A$4:$A$1000=IFERROR(INDEX(DM_DON_VI!$B$4:$B$185,MATCH(R$4,DM_DON_VI!$D$4:$D$185,0)),""))*IFERROR(INDEX('01_PCTN_DATA'!$A$4:$ZZ$1000,0,MATCH($G69,'01_PCTN_DATA'!$A$3:$ZZ$3,0)),0))} -> 0 | S69: {=SUMPRODUCT(('01_PCTN_DATA'!$A$4:$A$1000=IFERROR(INDEX(DM_DON_VI!$B$4:$B$185,MATCH(S$4,DM_DON_VI!$D$4:$D$185,0)),""))*IFERROR(INDEX('01_PCTN_DATA'!$A$4:$ZZ$1000,0,MATCH($G69,'01_PCTN_DATA'!$A$3:$ZZ$3,0)),0))} -> 0 | ... GK69: {=SUMPRODUCT(('01_PCTN_DATA'!$A$4:$A$1000=IFERROR(INDEX(DM_DON_VI!$B$4:$B$185,MATCH(GK$4,DM_DON_VI!$D$4:$D$185,0)),""))*IFERROR(INDEX('01_PCTN_DATA'!$A$4:$ZZ$1000,0,MATCH($G69,'01_PCTN_DATA'!$A$3:$ZZ$3,0)),0))} -> 0
A70: 52 | B70: 50 | C70: Số vụ TNLPTC được phát hiện qua công tác tự kiểm tra | D70: Vụ | E70: {=SUMPRODUCT(IFERROR(INDEX('01_PCTN_DATA'!$A$4:$ZZ$1000,0,MATCH($G70,'01_PCTN_DATA'!$A$3:$ZZ$3,0)),0))} -> 0 | G70: P01_50 | H70: ITEM | I70: PHÁT HIỆN CÁC VỤ VIỆC THAM NHŨNG, LÃNG PHÍ, TIÊU CỰC TRONG CƠ QUAN, TỔ CHỨC, ĐƠN VỊ | J70: Qua công tác kiểm tra và tự kiểm tra của cơ quan, tổ chức, đơn vị | K70: 50 | L70: {=SUMPRODUCT(('01_PCTN_DATA'!$A$4:$A$1000=IFERROR(INDEX(DM_DON_VI!$B$4:$B$185,MATCH(L$4,DM_DON_VI!$D$4:$D$185,0)),""))*IFERROR(INDEX('01_PCTN_DATA'!$A$4:$ZZ$1000,0,MATCH($G70,'01_PCTN_DATA'!$A$3:$ZZ$3,0)),0))} -> 0 | M70: {=SUMPRODUCT(('01_PCTN_DATA'!$A$4:$A$1000=IFERROR(INDEX(DM_DON_VI!$B$4:$B$185,MATCH(M$4,DM_DON_VI!$D$4:$D$185,0)),""))*IFERROR(INDEX('01_PCTN_DATA'!$A$4:$ZZ$1000,0,MATCH($G70,'01_PCTN_DATA'!$A$3:$ZZ$3,0)),0))} -> 0 | N70: {=SUMPRODUCT(('01_PCTN_DATA'!$A$4:$A$1000=IFERROR(INDEX(DM_DON_VI!$B$4:$B$185,MATCH(N$4,DM_DON_VI!$D$4:$D$185,0)),""))*IFERROR(INDEX('01_PCTN_DATA'!$A$4:$ZZ$1000,0,MATCH($G70,'01_PCTN_DATA'!$A$3:$ZZ$3,0)),0))} -> 0 | O70: {=SUMPRODUCT(('01_PCTN_DATA'!$A$4:$A$1000=IFERROR(INDEX(DM_DON_VI!$B$4:$B$185,MATCH(O$4,DM_DON_VI!$D$4:$D$185,0)),""))*IFERROR(INDEX('01_PCTN_DATA'!$A$4:$ZZ$1000,0,MATCH($G70,'01_PCTN_DATA'!$A$3:$ZZ$3,0)),0))} -> 0 | P70: {=SUMPRODUCT(('01_PCTN_DATA'!$A$4:$A$1000=IFERROR(INDEX(DM_DON_VI!$B$4:$B$185,MATCH(P$4,DM_DON_VI!$D$4:$D$185,0)),""))*IFERROR(INDEX('01_PCTN_DATA'!$A$4:$ZZ$1000,0,MATCH($G70,'01_PCTN_DATA'!$A$3:$ZZ$3,0)),0))} -> 0 | Q70: {=SUMPRODUCT(('01_PCTN_DATA'!$A$4:$A$1000=IFERROR(INDEX(DM_DON_VI!$B$4:$B$185,MATCH(Q$4,DM_DON_VI!$D$4:$D$185,0)),""))*IFERROR(INDEX('01_PCTN_DATA'!$A$4:$ZZ$1000,0,MATCH($G70,'01_PCTN_DATA'!$A$3:$ZZ$3,0)),0))} -> 0 | R70: {=SUMPRODUCT(('01_PCTN_DATA'!$A$4:$A$1000=IFERROR(INDEX(DM_DON_VI!$B$4:$B$185,MATCH(R$4,DM_DON_VI!$D$4:$D$185,0)),""))*IFERROR(INDEX('01_PCTN_DATA'!$A$4:$ZZ$1000,0,MATCH($G70,'01_PCTN_DATA'!$A$3:$ZZ$3,0)),0))} -> 0 | S70: {=SUMPRODUCT(('01_PCTN_DATA'!$A$4:$A$1000=IFERROR(INDEX(DM_DON_VI!$B$4:$B$185,MATCH(S$4,DM_DON_VI!$D$4:$D$185,0)),""))*IFERROR(INDEX('01_PCTN_DATA'!$A$4:$ZZ$1000,0,MATCH($G70,'01_PCTN_DATA'!$A$3:$ZZ$3,0)),0))} -> 0 | ... GK70: {=SUMPRODUCT(('01_PCTN_DATA'!$A$4:$A$1000=IFERROR(INDEX(DM_DON_VI!$B$4:$B$185,MATCH(GK$4,DM_DON_VI!$D$4:$D$185,0)),""))*IFERROR(INDEX('01_PCTN_DATA'!$A$4:$ZZ$1000,0,MATCH($G70,'01_PCTN_DATA'!$A$3:$ZZ$3,0)),0))} -> 0
A71: 53 | B71: 51 | C71: Số đối tượng có hành vi TNLPTC được phát hiện qua công tác tự kiểm tra | D71: Người | E71: {=SUMPRODUCT(IFERROR(INDEX('01_PCTN_DATA'!$A$4:$ZZ$1000,0,MATCH($G71,'01_PCTN_DATA'!$A$3:$ZZ$3,0)),0))} -> 0 | G71: P01_51 | H71: ITEM | I71: PHÁT HIỆN CÁC VỤ VIỆC THAM NHŨNG, LÃNG PHÍ, TIÊU CỰC TRONG CƠ QUAN, TỔ CHỨC, ĐƠN VỊ | J71: Qua công tác kiểm tra và tự kiểm tra của cơ quan, tổ chức, đơn vị | K71: 51 | L71: {=SUMPRODUCT(('01_PCTN_DATA'!$A$4:$A$1000=IFERROR(INDEX(DM_DON_VI!$B$4:$B$185,MATCH(L$4,DM_DON_VI!$D$4:$D$185,0)),""))*IFERROR(INDEX('01_PCTN_DATA'!$A$4:$ZZ$1000,0,MATCH($G71,'01_PCTN_DATA'!$A$3:$ZZ$3,0)),0))} -> 0 | M71: {=SUMPRODUCT(('01_PCTN_DATA'!$A$4:$A$1000=IFERROR(INDEX(DM_DON_VI!$B$4:$B$185,MATCH(M$4,DM_DON_VI!$D$4:$D$185,0)),""))*IFERROR(INDEX('01_PCTN_DATA'!$A$4:$ZZ$1000,0,MATCH($G71,'01_PCTN_DATA'!$A$3:$ZZ$3,0)),0))} -> 0 | N71: {=SUMPRODUCT(('01_PCTN_DATA'!$A$4:$A$1000=IFERROR(INDEX(DM_DON_VI!$B$4:$B$185,MATCH(N$4,DM_DON_VI!$D$4:$D$185,0)),""))*IFERROR(INDEX('01_PCTN_DATA'!$A$4:$ZZ$1000,0,MATCH($G71,'01_PCTN_DATA'!$A$3:$ZZ$3,0)),0))} -> 0 | O71: {=SUMPRODUCT(('01_PCTN_DATA'!$A$4:$A$1000=IFERROR(INDEX(DM_DON_VI!$B$4:$B$185,MATCH(O$4,DM_DON_VI!$D$4:$D$185,0)),""))*IFERROR(INDEX('01_PCTN_DATA'!$A$4:$ZZ$1000,0,MATCH($G71,'01_PCTN_DATA'!$A$3:$ZZ$3,0)),0))} -> 0 | P71: {=SUMPRODUCT(('01_PCTN_DATA'!$A$4:$A$1000=IFERROR(INDEX(DM_DON_VI!$B$4:$B$185,MATCH(P$4,DM_DON_VI!$D$4:$D$185,0)),""))*IFERROR(INDEX('01_PCTN_DATA'!$A$4:$ZZ$1000,0,MATCH($G71,'01_PCTN_DATA'!$A$3:$ZZ$3,0)),0))} -> 0 | Q71: {=SUMPRODUCT(('01_PCTN_DATA'!$A$4:$A$1000=IFERROR(INDEX(DM_DON_VI!$B$4:$B$185,MATCH(Q$4,DM_DON_VI!$D$4:$D$185,0)),""))*IFERROR(INDEX('01_PCTN_DATA'!$A$4:$ZZ$1000,0,MATCH($G71,'01_PCTN_DATA'!$A$3:$ZZ$3,0)),0))} -> 0 | R71: {=SUMPRODUCT(('01_PCTN_DATA'!$A$4:$A$1000=IFERROR(INDEX(DM_DON_VI!$B$4:$B$185,MATCH(R$4,DM_DON_VI!$D$4:$D$185,0)),""))*IFERROR(INDEX('01_PCTN_DATA'!$A$4:$ZZ$1000,0,MATCH($G71,'01_PCTN_DATA'!$A$3:$ZZ$3,0)),0))} -> 0 | S71: {=SUMPRODUCT(('01_PCTN_DATA'!$A$4:$A$1000=IFERROR(INDEX(DM_DON_VI!$B$4:$B$185,MATCH(S$4,DM_DON_VI!$D$4:$D$185,0)),""))*IFERROR(INDEX('01_PCTN_DATA'!$A$4:$ZZ$1000,0,MATCH($G71,'01_PCTN_DATA'!$A$3:$ZZ$3,0)),0))} -> 0 | ... GK71: {=SUMPRODUCT(('01_PCTN_DATA'!$A$4:$A$1000=IFERROR(INDEX(DM_DON_VI!$B$4:$B$185,MATCH(GK$4,DM_DON_VI!$D$4:$D$185,0)),""))*IFERROR(INDEX('01_PCTN_DATA'!$A$4:$ZZ$1000,0,MATCH($G71,'01_PCTN_DATA'!$A$3:$ZZ$3,0)),0))} -> 0
A72: 54 | B72: 52 | C72: Số vụ TNLPTC được phát hiện qua kiểm tra hoạt động chống TNLPTC trong cơ quan có chức năng phòng, chống TNLPTC | D72: Vụ | E72: {=SUMPRODUCT(IFERROR(INDEX('01_PCTN_DATA'!$A$4:$ZZ$1000,0,MATCH($G72,'01_PCTN_DATA'!$A$3:$ZZ$3,0)),0))} -> 0 | G72: P01_52 | H72: ITEM | I72: PHÁT HIỆN CÁC VỤ VIỆC THAM NHŨNG, LÃNG PHÍ, TIÊU CỰC TRONG CƠ QUAN, TỔ CHỨC, ĐƠN VỊ | J72: Qua công tác kiểm tra và tự kiểm tra của cơ quan, tổ chức, đơn vị | K72: 52 | L72: {=SUMPRODUCT(('01_PCTN_DATA'!$A$4:$A$1000=IFERROR(INDEX(DM_DON_VI!$B$4:$B$185,MATCH(L$4,DM_DON_VI!$D$4:$D$185,0)),""))*IFERROR(INDEX('01_PCTN_DATA'!$A$4:$ZZ$1000,0,MATCH($G72,'01_PCTN_DATA'!$A$3:$ZZ$3,0)),0))} -> 0 | M72: {=SUMPRODUCT(('01_PCTN_DATA'!$A$4:$A$1000=IFERROR(INDEX(DM_DON_VI!$B$4:$B$185,MATCH(M$4,DM_DON_VI!$D$4:$D$185,0)),""))*IFERROR(INDEX('01_PCTN_DATA'!$A$4:$ZZ$1000,0,MATCH($G72,'01_PCTN_DATA'!$A$3:$ZZ$3,0)),0))} -> 0 | N72: {=SUMPRODUCT(('01_PCTN_DATA'!$A$4:$A$1000=IFERROR(INDEX(DM_DON_VI!$B$4:$B$185,MATCH(N$4,DM_DON_VI!$D$4:$D$185,0)),""))*IFERROR(INDEX('01_PCTN_DATA'!$A$4:$ZZ$1000,0,MATCH($G72,'01_PCTN_DATA'!$A$3:$ZZ$3,0)),0))} -> 0 | O72: {=SUMPRODUCT(('01_PCTN_DATA'!$A$4:$A$1000=IFERROR(INDEX(DM_DON_VI!$B$4:$B$185,MATCH(O$4,DM_DON_VI!$D$4:$D$185,0)),""))*IFERROR(INDEX('01_PCTN_DATA'!$A$4:$ZZ$1000,0,MATCH($G72,'01_PCTN_DATA'!$A$3:$ZZ$3,0)),0))} -> 0 | P72: {=SUMPRODUCT(('01_PCTN_DATA'!$A$4:$A$1000=IFERROR(INDEX(DM_DON_VI!$B$4:$B$185,MATCH(P$4,DM_DON_VI!$D$4:$D$185,0)),""))*IFERROR(INDEX('01_PCTN_DATA'!$A$4:$ZZ$1000,0,MATCH($G72,'01_PCTN_DATA'!$A$3:$ZZ$3,0)),0))} -> 0 | Q72: {=SUMPRODUCT(('01_PCTN_DATA'!$A$4:$A$1000=IFERROR(INDEX(DM_DON_VI!$B$4:$B$185,MATCH(Q$4,DM_DON_VI!$D$4:$D$185,0)),""))*IFERROR(INDEX('01_PCTN_DATA'!$A$4:$ZZ$1000,0,MATCH($G72,'01_PCTN_DATA'!$A$3:$ZZ$3,0)),0))} -> 0 | R72: {=SUMPRODUCT(('01_PCTN_DATA'!$A$4:$A$1000=IFERROR(INDEX(DM_DON_VI!$B$4:$B$185,MATCH(R$4,DM_DON_VI!$D$4:$D$185,0)),""))*IFERROR(INDEX('01_PCTN_DATA'!$A$4:$ZZ$1000,0,MATCH($G72,'01_PCTN_DATA'!$A$3:$ZZ$3,0)),0))} -> 0 | S72: {=SUMPRODUCT(('01_PCTN_DATA'!$A$4:$A$1000=IFERROR(INDEX(DM_DON_VI!$B$4:$B$185,MATCH(S$4,DM_DON_VI!$D$4:$D$185,0)),""))*IFERROR(INDEX('01_PCTN_DATA'!$A$4:$ZZ$1000,0,MATCH($G72,'01_PCTN_DATA'!$A$3:$ZZ$3,0)),0))} -> 0 | ... GK72: {=SUMPRODUCT(('01_PCTN_DATA'!$A$4:$A$1000=IFERROR(INDEX(DM_DON_VI!$B$4:$B$185,MATCH(GK$4,DM_DON_VI!$D$4:$D$185,0)),""))*IFERROR(INDEX('01_PCTN_DATA'!$A$4:$ZZ$1000,0,MATCH($G72,'01_PCTN_DATA'!$A$3:$ZZ$3,0)),0))} -> 0
A73: 55 | C73: - Trong đó số vụ tham nhũng được phát hiện qua kiểm tra hoạt động chống TNLPTC trong cơ quan thanh tra | D73: Vụ | E73: {=SUMPRODUCT(IFERROR(INDEX('01_PCTN_DATA'!$A$4:$ZZ$1000,0,MATCH($G73,'01_PCTN_DATA'!$A$3:$ZZ$3,0)),0))} -> 0 | G73: P01_52a | H73: ITEM | I73: PHÁT HIỆN CÁC VỤ VIỆC THAM NHŨNG, LÃNG PHÍ, TIÊU CỰC TRONG CƠ QUAN, TỔ CHỨC, ĐƠN VỊ | J73: Qua công tác kiểm tra và tự kiểm tra của cơ quan, tổ chức, đơn vị | L73: {=SUMPRODUCT(('01_PCTN_DATA'!$A$4:$A$1000=IFERROR(INDEX(DM_DON_VI!$B$4:$B$185,MATCH(L$4,DM_DON_VI!$D$4:$D$185,0)),""))*IFERROR(INDEX('01_PCTN_DATA'!$A$4:$ZZ$1000,0,MATCH($G73,'01_PCTN_DATA'!$A$3:$ZZ$3,0)),0))} -> 0 | M73: {=SUMPRODUCT(('01_PCTN_DATA'!$A$4:$A$1000=IFERROR(INDEX(DM_DON_VI!$B$4:$B$185,MATCH(M$4,DM_DON_VI!$D$4:$D$185,0)),""))*IFERROR(INDEX('01_PCTN_DATA'!$A$4:$ZZ$1000,0,MATCH($G73,'01_PCTN_DATA'!$A$3:$ZZ$3,0)),0))} -> 0 | N73: {=SUMPRODUCT(('01_PCTN_DATA'!$A$4:$A$1000=IFERROR(INDEX(DM_DON_VI!$B$4:$B$185,MATCH(N$4,DM_DON_VI!$D$4:$D$185,0)),""))*IFERROR(INDEX('01_PCTN_DATA'!$A$4:$ZZ$1000,0,MATCH($G73,'01_PCTN_DATA'!$A$3:$ZZ$3,0)),0))} -> 0 | O73: {=SUMPRODUCT(('01_PCTN_DATA'!$A$4:$A$1000=IFERROR(INDEX(DM_DON_VI!$B$4:$B$185,MATCH(O$4,DM_DON_VI!$D$4:$D$185,0)),""))*IFERROR(INDEX('01_PCTN_DATA'!$A$4:$ZZ$1000,0,MATCH($G73,'01_PCTN_DATA'!$A$3:$ZZ$3,0)),0))} -> 0 | P73: {=SUMPRODUCT(('01_PCTN_DATA'!$A$4:$A$1000=IFERROR(INDEX(DM_DON_VI!$B$4:$B$185,MATCH(P$4,DM_DON_VI!$D$4:$D$185,0)),""))*IFERROR(INDEX('01_PCTN_DATA'!$A$4:$ZZ$1000,0,MATCH($G73,'01_PCTN_DATA'!$A$3:$ZZ$3,0)),0))} -> 0 | Q73: {=SUMPRODUCT(('01_PCTN_DATA'!$A$4:$A$1000=IFERROR(INDEX(DM_DON_VI!$B$4:$B$185,MATCH(Q$4,DM_DON_VI!$D$4:$D$185,0)),""))*IFERROR(INDEX('01_PCTN_DATA'!$A$4:$ZZ$1000,0,MATCH($G73,'01_PCTN_DATA'!$A$3:$ZZ$3,0)),0))} -> 0 | R73: {=SUMPRODUCT(('01_PCTN_DATA'!$A$4:$A$1000=IFERROR(INDEX(DM_DON_VI!$B$4:$B$185,MATCH(R$4,DM_DON_VI!$D$4:$D$185,0)),""))*IFERROR(INDEX('01_PCTN_DATA'!$A$4:$ZZ$1000,0,MATCH($G73,'01_PCTN_DATA'!$A$3:$ZZ$3,0)),0))} -> 0 | S73: {=SUMPRODUCT(('01_PCTN_DATA'!$A$4:$A$1000=IFERROR(INDEX(DM_DON_VI!$B$4:$B$185,MATCH(S$4,DM_DON_VI!$D$4:$D$185,0)),""))*IFERROR(INDEX('01_PCTN_DATA'!$A$4:$ZZ$1000,0,MATCH($G73,'01_PCTN_DATA'!$A$3:$ZZ$3,0)),0))} -> 0 | ... GK73: {=SUMPRODUCT(('01_PCTN_DATA'!$A$4:$A$1000=IFERROR(INDEX(DM_DON_VI!$B$4:$B$185,MATCH(GK$4,DM_DON_VI!$D$4:$D$185,0)),""))*IFERROR(INDEX('01_PCTN_DATA'!$A$4:$ZZ$1000,0,MATCH($G73,'01_PCTN_DATA'!$A$3:$ZZ$3,0)),0))} -> 0
A74: 56 | B74: 53 | C74: Số đối tượng có hành vi TNLPTC được phát hiện qua kiểm tra trong cơ quan có chức năng phòng, chống TNLPTC | D74: Người | E74: {=SUMPRODUCT(IFERROR(INDEX('01_PCTN_DATA'!$A$4:$ZZ$1000,0,MATCH($G74,'01_PCTN_DATA'!$A$3:$ZZ$3,0)),0))} -> 0 | G74: P01_53 | H74: ITEM | I74: PHÁT HIỆN CÁC VỤ VIỆC THAM NHŨNG, LÃNG PHÍ, TIÊU CỰC TRONG CƠ QUAN, TỔ CHỨC, ĐƠN VỊ | J74: Qua công tác kiểm tra và tự kiểm tra của cơ quan, tổ chức, đơn vị | K74: 53 | L74: {=SUMPRODUCT(('01_PCTN_DATA'!$A$4:$A$1000=IFERROR(INDEX(DM_DON_VI!$B$4:$B$185,MATCH(L$4,DM_DON_VI!$D$4:$D$185,0)),""))*IFERROR(INDEX('01_PCTN_DATA'!$A$4:$ZZ$1000,0,MATCH($G74,'01_PCTN_DATA'!$A$3:$ZZ$3,0)),0))} -> 0 | M74: {=SUMPRODUCT(('01_PCTN_DATA'!$A$4:$A$1000=IFERROR(INDEX(DM_DON_VI!$B$4:$B$185,MATCH(M$4,DM_DON_VI!$D$4:$D$185,0)),""))*IFERROR(INDEX('01_PCTN_DATA'!$A$4:$ZZ$1000,0,MATCH($G74,'01_PCTN_DATA'!$A$3:$ZZ$3,0)),0))} -> 0 | N74: {=SUMPRODUCT(('01_PCTN_DATA'!$A$4:$A$1000=IFERROR(INDEX(DM_DON_VI!$B$4:$B$185,MATCH(N$4,DM_DON_VI!$D$4:$D$185,0)),""))*IFERROR(INDEX('01_PCTN_DATA'!$A$4:$ZZ$1000,0,MATCH($G74,'01_PCTN_DATA'!$A$3:$ZZ$3,0)),0))} -> 0 | O74: {=SUMPRODUCT(('01_PCTN_DATA'!$A$4:$A$1000=IFERROR(INDEX(DM_DON_VI!$B$4:$B$185,MATCH(O$4,DM_DON_VI!$D$4:$D$185,0)),""))*IFERROR(INDEX('01_PCTN_DATA'!$A$4:$ZZ$1000,0,MATCH($G74,'01_PCTN_DATA'!$A$3:$ZZ$3,0)),0))} -> 0 | P74: {=SUMPRODUCT(('01_PCTN_DATA'!$A$4:$A$1000=IFERROR(INDEX(DM_DON_VI!$B$4:$B$185,MATCH(P$4,DM_DON_VI!$D$4:$D$185,0)),""))*IFERROR(INDEX('01_PCTN_DATA'!$A$4:$ZZ$1000,0,MATCH($G74,'01_PCTN_DATA'!$A$3:$ZZ$3,0)),0))} -> 0 | Q74: {=SUMPRODUCT(('01_PCTN_DATA'!$A$4:$A$1000=IFERROR(INDEX(DM_DON_VI!$B$4:$B$185,MATCH(Q$4,DM_DON_VI!$D$4:$D$185,0)),""))*IFERROR(INDEX('01_PCTN_DATA'!$A$4:$ZZ$1000,0,MATCH($G74,'01_PCTN_DATA'!$A$3:$ZZ$3,0)),0))} -> 0 | R74: {=SUMPRODUCT(('01_PCTN_DATA'!$A$4:$A$1000=IFERROR(INDEX(DM_DON_VI!$B$4:$B$185,MATCH(R$4,DM_DON_VI!$D$4:$D$185,0)),""))*IFERROR(INDEX('01_PCTN_DATA'!$A$4:$ZZ$1000,0,MATCH($G74,'01_PCTN_DATA'!$A$3:$ZZ$3,0)),0))} -> 0 | S74: {=SUMPRODUCT(('01_PCTN_DATA'!$A$4:$A$1000=IFERROR(INDEX(DM_DON_VI!$B$4:$B$185,MATCH(S$4,DM_DON_VI!$D$4:$D$185,0)),""))*IFERROR(INDEX('01_PCTN_DATA'!$A$4:$ZZ$1000,0,MATCH($G74,'01_PCTN_DATA'!$A$3:$ZZ$3,0)),0))} -> 0 | ... GK74: {=SUMPRODUCT(('01_PCTN_DATA'!$A$4:$A$1000=IFERROR(INDEX(DM_DON_VI!$B$4:$B$185,MATCH(GK$4,DM_DON_VI!$D$4:$D$185,0)),""))*IFERROR(INDEX('01_PCTN_DATA'!$A$4:$ZZ$1000,0,MATCH($G74,'01_PCTN_DATA'!$A$3:$ZZ$3,0)),0))} -> 0
A75: 57 | C75: - Trong đó số đối tượng có hành vi TNLPTC được phát hiện qua kiểm tra hoạt động chống TNLPTC trong cơ quan thanh tra | D75: Người | E75: {=SUMPRODUCT(IFERROR(INDEX('01_PCTN_DATA'!$A$4:$ZZ$1000,0,MATCH($G75,'01_PCTN_DATA'!$A$3:$ZZ$3,0)),0))} -> 0 | G75: P01_53a | H75: ITEM | I75: PHÁT HIỆN CÁC VỤ VIỆC THAM NHŨNG, LÃNG PHÍ, TIÊU CỰC TRONG CƠ QUAN, TỔ CHỨC, ĐƠN VỊ | J75: Qua công tác kiểm tra và tự kiểm tra của cơ quan, tổ chức, đơn vị | L75: {=SUMPRODUCT(('01_PCTN_DATA'!$A$4:$A$1000=IFERROR(INDEX(DM_DON_VI!$B$4:$B$185,MATCH(L$4,DM_DON_VI!$D$4:$D$185,0)),""))*IFERROR(INDEX('01_PCTN_DATA'!$A$4:$ZZ$1000,0,MATCH($G75,'01_PCTN_DATA'!$A$3:$ZZ$3,0)),0))} -> 0 | M75: {=SUMPRODUCT(('01_PCTN_DATA'!$A$4:$A$1000=IFERROR(INDEX(DM_DON_VI!$B$4:$B$185,MATCH(M$4,DM_DON_VI!$D$4:$D$185,0)),""))*IFERROR(INDEX('01_PCTN_DATA'!$A$4:$ZZ$1000,0,MATCH($G75,'01_PCTN_DATA'!$A$3:$ZZ$3,0)),0))} -> 0 | N75: {=SUMPRODUCT(('01_PCTN_DATA'!$A$4:$A$1000=IFERROR(INDEX(DM_DON_VI!$B$4:$B$185,MATCH(N$4,DM_DON_VI!$D$4:$D$185,0)),""))*IFERROR(INDEX('01_PCTN_DATA'!$A$4:$ZZ$1000,0,MATCH($G75,'01_PCTN_DATA'!$A$3:$ZZ$3,0)),0))} -> 0 | O75: {=SUMPRODUCT(('01_PCTN_DATA'!$A$4:$A$1000=IFERROR(INDEX(DM_DON_VI!$B$4:$B$185,MATCH(O$4,DM_DON_VI!$D$4:$D$185,0)),""))*IFERROR(INDEX('01_PCTN_DATA'!$A$4:$ZZ$1000,0,MATCH($G75,'01_PCTN_DATA'!$A$3:$ZZ$3,0)),0))} -> 0 | P75: {=SUMPRODUCT(('01_PCTN_DATA'!$A$4:$A$1000=IFERROR(INDEX(DM_DON_VI!$B$4:$B$185,MATCH(P$4,DM_DON_VI!$D$4:$D$185,0)),""))*IFERROR(INDEX('01_PCTN_DATA'!$A$4:$ZZ$1000,0,MATCH($G75,'01_PCTN_DATA'!$A$3:$ZZ$3,0)),0))} -> 0 | Q75: {=SUMPRODUCT(('01_PCTN_DATA'!$A$4:$A$1000=IFERROR(INDEX(DM_DON_VI!$B$4:$B$185,MATCH(Q$4,DM_DON_VI!$D$4:$D$185,0)),""))*IFERROR(INDEX('01_PCTN_DATA'!$A$4:$ZZ$1000,0,MATCH($G75,'01_PCTN_DATA'!$A$3:$ZZ$3,0)),0))} -> 0 | R75: {=SUMPRODUCT(('01_PCTN_DATA'!$A$4:$A$1000=IFERROR(INDEX(DM_DON_VI!$B$4:$B$185,MATCH(R$4,DM_DON_VI!$D$4:$D$185,0)),""))*IFERROR(INDEX('01_PCTN_DATA'!$A$4:$ZZ$1000,0,MATCH($G75,'01_PCTN_DATA'!$A$3:$ZZ$3,0)),0))} -> 0 | S75: {=SUMPRODUCT(('01_PCTN_DATA'!$A$4:$A$1000=IFERROR(INDEX(DM_DON_VI!$B$4:$B$185,MATCH(S$4,DM_DON_VI!$D$4:$D$185,0)),""))*IFERROR(INDEX('01_PCTN_DATA'!$A$4:$ZZ$1000,0,MATCH($G75,'01_PCTN_DATA'!$A$3:$ZZ$3,0)),0))} -> 0 | ... GK75: {=SUMPRODUCT(('01_PCTN_DATA'!$A$4:$A$1000=IFERROR(INDEX(DM_DON_VI!$B$4:$B$185,MATCH(GK$4,DM_DON_VI!$D$4:$D$185,0)),""))*IFERROR(INDEX('01_PCTN_DATA'!$A$4:$ZZ$1000,0,MATCH($G75,'01_PCTN_DATA'!$A$3:$ZZ$3,0)),0))} -> 0
C76: Qua hoạt động giám sát, thanh tra, kiểm toán | H76: SUBSECTION | I76: PHÁT HIỆN CÁC VỤ VIỆC THAM NHŨNG, LÃNG PHÍ, TIÊU CỰC TRONG CƠ QUAN, TỔ CHỨC, ĐƠN VỊ | J76: Qua hoạt động giám sát, thanh tra, kiểm toán
A77: 58 | B77: 54 | C77: Số vụ tham nhũng, tiêu cực được phát hiện thông qua hoạt động giám sát của cơ quan dân cử, đại biểu dân cử và xử lý đề nghị của cơ quan dân cử, đại biểu dân cử | D77: Vụ | E77: {=SUMPRODUCT(IFERROR(INDEX('01_PCTN_DATA'!$A$4:$ZZ$1000,0,MATCH($G77,'01_PCTN_DATA'!$A$3:$ZZ$3,0)),0))} -> 0 | G77: P01_54 | H77: ITEM | I77: PHÁT HIỆN CÁC VỤ VIỆC THAM NHŨNG, LÃNG PHÍ, TIÊU CỰC TRONG CƠ QUAN, TỔ CHỨC, ĐƠN VỊ | J77: Qua hoạt động giám sát, thanh tra, kiểm toán | K77: 54 | L77: {=SUMPRODUCT(('01_PCTN_DATA'!$A$4:$A$1000=IFERROR(INDEX(DM_DON_VI!$B$4:$B$185,MATCH(L$4,DM_DON_VI!$D$4:$D$185,0)),""))*IFERROR(INDEX('01_PCTN_DATA'!$A$4:$ZZ$1000,0,MATCH($G77,'01_PCTN_DATA'!$A$3:$ZZ$3,0)),0))} -> 0 | M77: {=SUMPRODUCT(('01_PCTN_DATA'!$A$4:$A$1000=IFERROR(INDEX(DM_DON_VI!$B$4:$B$185,MATCH(M$4,DM_DON_VI!$D$4:$D$185,0)),""))*IFERROR(INDEX('01_PCTN_DATA'!$A$4:$ZZ$1000,0,MATCH($G77,'01_PCTN_DATA'!$A$3:$ZZ$3,0)),0))} -> 0 | N77: {=SUMPRODUCT(('01_PCTN_DATA'!$A$4:$A$1000=IFERROR(INDEX(DM_DON_VI!$B$4:$B$185,MATCH(N$4,DM_DON_VI!$D$4:$D$185,0)),""))*IFERROR(INDEX('01_PCTN_DATA'!$A$4:$ZZ$1000,0,MATCH($G77,'01_PCTN_DATA'!$A$3:$ZZ$3,0)),0))} -> 0 | O77: {=SUMPRODUCT(('01_PCTN_DATA'!$A$4:$A$1000=IFERROR(INDEX(DM_DON_VI!$B$4:$B$185,MATCH(O$4,DM_DON_VI!$D$4:$D$185,0)),""))*IFERROR(INDEX('01_PCTN_DATA'!$A$4:$ZZ$1000,0,MATCH($G77,'01_PCTN_DATA'!$A$3:$ZZ$3,0)),0))} -> 0 | P77: {=SUMPRODUCT(('01_PCTN_DATA'!$A$4:$A$1000=IFERROR(INDEX(DM_DON_VI!$B$4:$B$185,MATCH(P$4,DM_DON_VI!$D$4:$D$185,0)),""))*IFERROR(INDEX('01_PCTN_DATA'!$A$4:$ZZ$1000,0,MATCH($G77,'01_PCTN_DATA'!$A$3:$ZZ$3,0)),0))} -> 0 | Q77: {=SUMPRODUCT(('01_PCTN_DATA'!$A$4:$A$1000=IFERROR(INDEX(DM_DON_VI!$B$4:$B$185,MATCH(Q$4,DM_DON_VI!$D$4:$D$185,0)),""))*IFERROR(INDEX('01_PCTN_DATA'!$A$4:$ZZ$1000,0,MATCH($G77,'01_PCTN_DATA'!$A$3:$ZZ$3,0)),0))} -> 0 | R77: {=SUMPRODUCT(('01_PCTN_DATA'!$A$4:$A$1000=IFERROR(INDEX(DM_DON_VI!$B$4:$B$185,MATCH(R$4,DM_DON_VI!$D$4:$D$185,0)),""))*IFERROR(INDEX('01_PCTN_DATA'!$A$4:$ZZ$1000,0,MATCH($G77,'01_PCTN_DATA'!$A$3:$ZZ$3,0)),0))} -> 0 | S77: {=SUMPRODUCT(('01_PCTN_DATA'!$A$4:$A$1000=IFERROR(INDEX(DM_DON_VI!$B$4:$B$185,MATCH(S$4,DM_DON_VI!$D$4:$D$185,0)),""))*IFERROR(INDEX('01_PCTN_DATA'!$A$4:$ZZ$1000,0,MATCH($G77,'01_PCTN_DATA'!$A$3:$ZZ$3,0)),0))} -> 0 | ... GK77: {=SUMPRODUCT(('01_PCTN_DATA'!$A$4:$A$1000=IFERROR(INDEX(DM_DON_VI!$B$4:$B$185,MATCH(GK$4,DM_DON_VI!$D$4:$D$185,0)),""))*IFERROR(INDEX('01_PCTN_DATA'!$A$4:$ZZ$1000,0,MATCH($G77,'01_PCTN_DATA'!$A$3:$ZZ$3,0)),0))} -> 0
A78: 59 | B78: 55 | C78: Số đối tượng có hành vi tham nhũng, tiêu cực được phát hiện thông qua hoạt động giám sát của cơ quan dân cử, đại biểu dân cử và xử lý đề nghị của cơ quan dân cử, đại biểu dân cử | D78: Người | E78: {=SUMPRODUCT(IFERROR(INDEX('01_PCTN_DATA'!$A$4:$ZZ$1000,0,MATCH($G78,'01_PCTN_DATA'!$A$3:$ZZ$3,0)),0))} -> 0 | G78: P01_55 | H78: ITEM | I78: PHÁT HIỆN CÁC VỤ VIỆC THAM NHŨNG, LÃNG PHÍ, TIÊU CỰC TRONG CƠ QUAN, TỔ CHỨC, ĐƠN VỊ | J78: Qua hoạt động giám sát, thanh tra, kiểm toán | K78: 55 | L78: {=SUMPRODUCT(('01_PCTN_DATA'!$A$4:$A$1000=IFERROR(INDEX(DM_DON_VI!$B$4:$B$185,MATCH(L$4,DM_DON_VI!$D$4:$D$185,0)),""))*IFERROR(INDEX('01_PCTN_DATA'!$A$4:$ZZ$1000,0,MATCH($G78,'01_PCTN_DATA'!$A$3:$ZZ$3,0)),0))} -> 0 | M78: {=SUMPRODUCT(('01_PCTN_DATA'!$A$4:$A$1000=IFERROR(INDEX(DM_DON_VI!$B$4:$B$185,MATCH(M$4,DM_DON_VI!$D$4:$D$185,0)),""))*IFERROR(INDEX('01_PCTN_DATA'!$A$4:$ZZ$1000,0,MATCH($G78,'01_PCTN_DATA'!$A$3:$ZZ$3,0)),0))} -> 0 | N78: {=SUMPRODUCT(('01_PCTN_DATA'!$A$4:$A$1000=IFERROR(INDEX(DM_DON_VI!$B$4:$B$185,MATCH(N$4,DM_DON_VI!$D$4:$D$185,0)),""))*IFERROR(INDEX('01_PCTN_DATA'!$A$4:$ZZ$1000,0,MATCH($G78,'01_PCTN_DATA'!$A$3:$ZZ$3,0)),0))} -> 0 | O78: {=SUMPRODUCT(('01_PCTN_DATA'!$A$4:$A$1000=IFERROR(INDEX(DM_DON_VI!$B$4:$B$185,MATCH(O$4,DM_DON_VI!$D$4:$D$185,0)),""))*IFERROR(INDEX('01_PCTN_DATA'!$A$4:$ZZ$1000,0,MATCH($G78,'01_PCTN_DATA'!$A$3:$ZZ$3,0)),0))} -> 0 | P78: {=SUMPRODUCT(('01_PCTN_DATA'!$A$4:$A$1000=IFERROR(INDEX(DM_DON_VI!$B$4:$B$185,MATCH(P$4,DM_DON_VI!$D$4:$D$185,0)),""))*IFERROR(INDEX('01_PCTN_DATA'!$A$4:$ZZ$1000,0,MATCH($G78,'01_PCTN_DATA'!$A$3:$ZZ$3,0)),0))} -> 0 | Q78: {=SUMPRODUCT(('01_PCTN_DATA'!$A$4:$A$1000=IFERROR(INDEX(DM_DON_VI!$B$4:$B$185,MATCH(Q$4,DM_DON_VI!$D$4:$D$185,0)),""))*IFERROR(INDEX('01_PCTN_DATA'!$A$4:$ZZ$1000,0,MATCH($G78,'01_PCTN_DATA'!$A$3:$ZZ$3,0)),0))} -> 0 | R78: {=SUMPRODUCT(('01_PCTN_DATA'!$A$4:$A$1000=IFERROR(INDEX(DM_DON_VI!$B$4:$B$185,MATCH(R$4,DM_DON_VI!$D$4:$D$185,0)),""))*IFERROR(INDEX('01_PCTN_DATA'!$A$4:$ZZ$1000,0,MATCH($G78,'01_PCTN_DATA'!$A$3:$ZZ$3,0)),0))} -> 0 | S78: {=SUMPRODUCT(('01_PCTN_DATA'!$A$4:$A$1000=IFERROR(INDEX(DM_DON_VI!$B$4:$B$185,MATCH(S$4,DM_DON_VI!$D$4:$D$185,0)),""))*IFERROR(INDEX('01_PCTN_DATA'!$A$4:$ZZ$1000,0,MATCH($G78,'01_PCTN_DATA'!$A$3:$ZZ$3,0)),0))} -> 0 | ... GK78: {=SUMPRODUCT(('01_PCTN_DATA'!$A$4:$A$1000=IFERROR(INDEX(DM_DON_VI!$B$4:$B$185,MATCH(GK$4,DM_DON_VI!$D$4:$D$185,0)),""))*IFERROR(INDEX('01_PCTN_DATA'!$A$4:$ZZ$1000,0,MATCH($G78,'01_PCTN_DATA'!$A$3:$ZZ$3,0)),0))} -> 0
A79: 60 | B79: 56 | C79: Số vụ tham nhũng, tiêu cực được phát hiện thông qua hoạt động thanh tra | D79: Vụ | E79: {=SUMPRODUCT(IFERROR(INDEX('01_PCTN_DATA'!$A$4:$ZZ$1000,0,MATCH($G79,'01_PCTN_DATA'!$A$3:$ZZ$3,0)),0))} -> 0 | G79: P01_56 | H79: ITEM | I79: PHÁT HIỆN CÁC VỤ VIỆC THAM NHŨNG, LÃNG PHÍ, TIÊU CỰC TRONG CƠ QUAN, TỔ CHỨC, ĐƠN VỊ | J79: Qua hoạt động giám sát, thanh tra, kiểm toán | K79: 56 | L79: {=SUMPRODUCT(('01_PCTN_DATA'!$A$4:$A$1000=IFERROR(INDEX(DM_DON_VI!$B$4:$B$185,MATCH(L$4,DM_DON_VI!$D$4:$D$185,0)),""))*IFERROR(INDEX('01_PCTN_DATA'!$A$4:$ZZ$1000,0,MATCH($G79,'01_PCTN_DATA'!$A$3:$ZZ$3,0)),0))} -> 0 | M79: {=SUMPRODUCT(('01_PCTN_DATA'!$A$4:$A$1000=IFERROR(INDEX(DM_DON_VI!$B$4:$B$185,MATCH(M$4,DM_DON_VI!$D$4:$D$185,0)),""))*IFERROR(INDEX('01_PCTN_DATA'!$A$4:$ZZ$1000,0,MATCH($G79,'01_PCTN_DATA'!$A$3:$ZZ$3,0)),0))} -> 0 | N79: {=SUMPRODUCT(('01_PCTN_DATA'!$A$4:$A$1000=IFERROR(INDEX(DM_DON_VI!$B$4:$B$185,MATCH(N$4,DM_DON_VI!$D$4:$D$185,0)),""))*IFERROR(INDEX('01_PCTN_DATA'!$A$4:$ZZ$1000,0,MATCH($G79,'01_PCTN_DATA'!$A$3:$ZZ$3,0)),0))} -> 0 | O79: {=SUMPRODUCT(('01_PCTN_DATA'!$A$4:$A$1000=IFERROR(INDEX(DM_DON_VI!$B$4:$B$185,MATCH(O$4,DM_DON_VI!$D$4:$D$185,0)),""))*IFERROR(INDEX('01_PCTN_DATA'!$A$4:$ZZ$1000,0,MATCH($G79,'01_PCTN_DATA'!$A$3:$ZZ$3,0)),0))} -> 0 | P79: {=SUMPRODUCT(('01_PCTN_DATA'!$A$4:$A$1000=IFERROR(INDEX(DM_DON_VI!$B$4:$B$185,MATCH(P$4,DM_DON_VI!$D$4:$D$185,0)),""))*IFERROR(INDEX('01_PCTN_DATA'!$A$4:$ZZ$1000,0,MATCH($G79,'01_PCTN_DATA'!$A$3:$ZZ$3,0)),0))} -> 0 | Q79: {=SUMPRODUCT(('01_PCTN_DATA'!$A$4:$A$1000=IFERROR(INDEX(DM_DON_VI!$B$4:$B$185,MATCH(Q$4,DM_DON_VI!$D$4:$D$185,0)),""))*IFERROR(INDEX('01_PCTN_DATA'!$A$4:$ZZ$1000,0,MATCH($G79,'01_PCTN_DATA'!$A$3:$ZZ$3,0)),0))} -> 0 | R79: {=SUMPRODUCT(('01_PCTN_DATA'!$A$4:$A$1000=IFERROR(INDEX(DM_DON_VI!$B$4:$B$185,MATCH(R$4,DM_DON_VI!$D$4:$D$185,0)),""))*IFERROR(INDEX('01_PCTN_DATA'!$A$4:$ZZ$1000,0,MATCH($G79,'01_PCTN_DATA'!$A$3:$ZZ$3,0)),0))} -> 0 | S79: {=SUMPRODUCT(('01_PCTN_DATA'!$A$4:$A$1000=IFERROR(INDEX(DM_DON_VI!$B$4:$B$185,MATCH(S$4,DM_DON_VI!$D$4:$D$185,0)),""))*IFERROR(INDEX('01_PCTN_DATA'!$A$4:$ZZ$1000,0,MATCH($G79,'01_PCTN_DATA'!$A$3:$ZZ$3,0)),0))} -> 0 | ... GK79: {=SUMPRODUCT(('01_PCTN_DATA'!$A$4:$A$1000=IFERROR(INDEX(DM_DON_VI!$B$4:$B$185,MATCH(GK$4,DM_DON_VI!$D$4:$D$185,0)),""))*IFERROR(INDEX('01_PCTN_DATA'!$A$4:$ZZ$1000,0,MATCH($G79,'01_PCTN_DATA'!$A$3:$ZZ$3,0)),0))} -> 0
A80: 61 | B80: 57 | C80: Số đối tượng có hành vi tham nhũng, tiêu cực được phát hiện qua hoạt động thanh tra | D80: Người | E80: {=SUMPRODUCT(IFERROR(INDEX('01_PCTN_DATA'!$A$4:$ZZ$1000,0,MATCH($G80,'01_PCTN_DATA'!$A$3:$ZZ$3,0)),0))} -> 0 | G80: P01_57 | H80: ITEM | I80: PHÁT HIỆN CÁC VỤ VIỆC THAM NHŨNG, LÃNG PHÍ, TIÊU CỰC TRONG CƠ QUAN, TỔ CHỨC, ĐƠN VỊ | J80: Qua hoạt động giám sát, thanh tra, kiểm toán | K80: 57 | L80: {=SUMPRODUCT(('01_PCTN_DATA'!$A$4:$A$1000=IFERROR(INDEX(DM_DON_VI!$B$4:$B$185,MATCH(L$4,DM_DON_VI!$D$4:$D$185,0)),""))*IFERROR(INDEX('01_PCTN_DATA'!$A$4:$ZZ$1000,0,MATCH($G80,'01_PCTN_DATA'!$A$3:$ZZ$3,0)),0))} -> 0 | M80: {=SUMPRODUCT(('01_PCTN_DATA'!$A$4:$A$1000=IFERROR(INDEX(DM_DON_VI!$B$4:$B$185,MATCH(M$4,DM_DON_VI!$D$4:$D$185,0)),""))*IFERROR(INDEX('01_PCTN_DATA'!$A$4:$ZZ$1000,0,MATCH($G80,'01_PCTN_DATA'!$A$3:$ZZ$3,0)),0))} -> 0 | N80: {=SUMPRODUCT(('01_PCTN_DATA'!$A$4:$A$1000=IFERROR(INDEX(DM_DON_VI!$B$4:$B$185,MATCH(N$4,DM_DON_VI!$D$4:$D$185,0)),""))*IFERROR(INDEX('01_PCTN_DATA'!$A$4:$ZZ$1000,0,MATCH($G80,'01_PCTN_DATA'!$A$3:$ZZ$3,0)),0))} -> 0 | O80: {=SUMPRODUCT(('01_PCTN_DATA'!$A$4:$A$1000=IFERROR(INDEX(DM_DON_VI!$B$4:$B$185,MATCH(O$4,DM_DON_VI!$D$4:$D$185,0)),""))*IFERROR(INDEX('01_PCTN_DATA'!$A$4:$ZZ$1000,0,MATCH($G80,'01_PCTN_DATA'!$A$3:$ZZ$3,0)),0))} -> 0 | P80: {=SUMPRODUCT(('01_PCTN_DATA'!$A$4:$A$1000=IFERROR(INDEX(DM_DON_VI!$B$4:$B$185,MATCH(P$4,DM_DON_VI!$D$4:$D$185,0)),""))*IFERROR(INDEX('01_PCTN_DATA'!$A$4:$ZZ$1000,0,MATCH($G80,'01_PCTN_DATA'!$A$3:$ZZ$3,0)),0))} -> 0 | Q80: {=SUMPRODUCT(('01_PCTN_DATA'!$A$4:$A$1000=IFERROR(INDEX(DM_DON_VI!$B$4:$B$185,MATCH(Q$4,DM_DON_VI!$D$4:$D$185,0)),""))*IFERROR(INDEX('01_PCTN_DATA'!$A$4:$ZZ$1000,0,MATCH($G80,'01_PCTN_DATA'!$A$3:$ZZ$3,0)),0))} -> 0 | R80: {=SUMPRODUCT(('01_PCTN_DATA'!$A$4:$A$1000=IFERROR(INDEX(DM_DON_VI!$B$4:$B$185,MATCH(R$4,DM_DON_VI!$D$4:$D$185,0)),""))*IFERROR(INDEX('01_PCTN_DATA'!$A$4:$ZZ$1000,0,MATCH($G80,'01_PCTN_DATA'!$A$3:$ZZ$3,0)),0))} -> 0 | S80: {=SUMPRODUCT(('01_PCTN_DATA'!$A$4:$A$1000=IFERROR(INDEX(DM_DON_VI!$B$4:$B$185,MATCH(S$4,DM_DON_VI!$D$4:$D$185,0)),""))*IFERROR(INDEX('01_PCTN_DATA'!$A$4:$ZZ$1000,0,MATCH($G80,'01_PCTN_DATA'!$A$3:$ZZ$3,0)),0))} -> 0 | ... GK80: {=SUMPRODUCT(('01_PCTN_DATA'!$A$4:$A$1000=IFERROR(INDEX(DM_DON_VI!$B$4:$B$185,MATCH(GK$4,DM_DON_VI!$D$4:$D$185,0)),""))*IFERROR(INDEX('01_PCTN_DATA'!$A$4:$ZZ$1000,0,MATCH($G80,'01_PCTN_DATA'!$A$3:$ZZ$3,0)),0))} -> 0
A81: 62 | B81: 58 | C81: Số vụ lãng phí được phát hiện qua hoạt động thanh tra | D81: Vụ | E81: {=SUMPRODUCT(IFERROR(INDEX('01_PCTN_DATA'!$A$4:$ZZ$1000,0,MATCH($G81,'01_PCTN_DATA'!$A$3:$ZZ$3,0)),0))} -> 0 | G81: P01_58 | H81: ITEM | I81: PHÁT HIỆN CÁC VỤ VIỆC THAM NHŨNG, LÃNG PHÍ, TIÊU CỰC TRONG CƠ QUAN, TỔ CHỨC, ĐƠN VỊ | J81: Qua hoạt động giám sát, thanh tra, kiểm toán | K81: 58 | L81: {=SUMPRODUCT(('01_PCTN_DATA'!$A$4:$A$1000=IFERROR(INDEX(DM_DON_VI!$B$4:$B$185,MATCH(L$4,DM_DON_VI!$D$4:$D$185,0)),""))*IFERROR(INDEX('01_PCTN_DATA'!$A$4:$ZZ$1000,0,MATCH($G81,'01_PCTN_DATA'!$A$3:$ZZ$3,0)),0))} -> 0 | M81: {=SUMPRODUCT(('01_PCTN_DATA'!$A$4:$A$1000=IFERROR(INDEX(DM_DON_VI!$B$4:$B$185,MATCH(M$4,DM_DON_VI!$D$4:$D$185,0)),""))*IFERROR(INDEX('01_PCTN_DATA'!$A$4:$ZZ$1000,0,MATCH($G81,'01_PCTN_DATA'!$A$3:$ZZ$3,0)),0))} -> 0 | N81: {=SUMPRODUCT(('01_PCTN_DATA'!$A$4:$A$1000=IFERROR(INDEX(DM_DON_VI!$B$4:$B$185,MATCH(N$4,DM_DON_VI!$D$4:$D$185,0)),""))*IFERROR(INDEX('01_PCTN_DATA'!$A$4:$ZZ$1000,0,MATCH($G81,'01_PCTN_DATA'!$A$3:$ZZ$3,0)),0))} -> 0 | O81: {=SUMPRODUCT(('01_PCTN_DATA'!$A$4:$A$1000=IFERROR(INDEX(DM_DON_VI!$B$4:$B$185,MATCH(O$4,DM_DON_VI!$D$4:$D$185,0)),""))*IFERROR(INDEX('01_PCTN_DATA'!$A$4:$ZZ$1000,0,MATCH($G81,'01_PCTN_DATA'!$A$3:$ZZ$3,0)),0))} -> 0 | P81: {=SUMPRODUCT(('01_PCTN_DATA'!$A$4:$A$1000=IFERROR(INDEX(DM_DON_VI!$B$4:$B$185,MATCH(P$4,DM_DON_VI!$D$4:$D$185,0)),""))*IFERROR(INDEX('01_PCTN_DATA'!$A$4:$ZZ$1000,0,MATCH($G81,'01_PCTN_DATA'!$A$3:$ZZ$3,0)),0))} -> 0 | Q81: {=SUMPRODUCT(('01_PCTN_DATA'!$A$4:$A$1000=IFERROR(INDEX(DM_DON_VI!$B$4:$B$185,MATCH(Q$4,DM_DON_VI!$D$4:$D$185,0)),""))*IFERROR(INDEX('01_PCTN_DATA'!$A$4:$ZZ$1000,0,MATCH($G81,'01_PCTN_DATA'!$A$3:$ZZ$3,0)),0))} -> 0 | R81: {=SUMPRODUCT(('01_PCTN_DATA'!$A$4:$A$1000=IFERROR(INDEX(DM_DON_VI!$B$4:$B$185,MATCH(R$4,DM_DON_VI!$D$4:$D$185,0)),""))*IFERROR(INDEX('01_PCTN_DATA'!$A$4:$ZZ$1000,0,MATCH($G81,'01_PCTN_DATA'!$A$3:$ZZ$3,0)),0))} -> 0 | S81: {=SUMPRODUCT(('01_PCTN_DATA'!$A$4:$A$1000=IFERROR(INDEX(DM_DON_VI!$B$4:$B$185,MATCH(S$4,DM_DON_VI!$D$4:$D$185,0)),""))*IFERROR(INDEX('01_PCTN_DATA'!$A$4:$ZZ$1000,0,MATCH($G81,'01_PCTN_DATA'!$A$3:$ZZ$3,0)),0))} -> 0 | ... GK81: {=SUMPRODUCT(('01_PCTN_DATA'!$A$4:$A$1000=IFERROR(INDEX(DM_DON_VI!$B$4:$B$185,MATCH(GK$4,DM_DON_VI!$D$4:$D$185,0)),""))*IFERROR(INDEX('01_PCTN_DATA'!$A$4:$ZZ$1000,0,MATCH($G81,'01_PCTN_DATA'!$A$3:$ZZ$3,0)),0))} -> 0
A82: 63 | B82: 59 | C82: Số đối tượng có hành vi gây lãng phí được phát hiện qua hoạt động thanh tra | D82: Người | E82: {=SUMPRODUCT(IFERROR(INDEX('01_PCTN_DATA'!$A$4:$ZZ$1000,0,MATCH($G82,'01_PCTN_DATA'!$A$3:$ZZ$3,0)),0))} -> 0 | G82: P01_59 | H82: ITEM | I82: PHÁT HIỆN CÁC VỤ VIỆC THAM NHŨNG, LÃNG PHÍ, TIÊU CỰC TRONG CƠ QUAN, TỔ CHỨC, ĐƠN VỊ | J82: Qua hoạt động giám sát, thanh tra, kiểm toán | K82: 59 | L82: {=SUMPRODUCT(('01_PCTN_DATA'!$A$4:$A$1000=IFERROR(INDEX(DM_DON_VI!$B$4:$B$185,MATCH(L$4,DM_DON_VI!$D$4:$D$185,0)),""))*IFERROR(INDEX('01_PCTN_DATA'!$A$4:$ZZ$1000,0,MATCH($G82,'01_PCTN_DATA'!$A$3:$ZZ$3,0)),0))} -> 0 | M82: {=SUMPRODUCT(('01_PCTN_DATA'!$A$4:$A$1000=IFERROR(INDEX(DM_DON_VI!$B$4:$B$185,MATCH(M$4,DM_DON_VI!$D$4:$D$185,0)),""))*IFERROR(INDEX('01_PCTN_DATA'!$A$4:$ZZ$1000,0,MATCH($G82,'01_PCTN_DATA'!$A$3:$ZZ$3,0)),0))} -> 0 | N82: {=SUMPRODUCT(('01_PCTN_DATA'!$A$4:$A$1000=IFERROR(INDEX(DM_DON_VI!$B$4:$B$185,MATCH(N$4,DM_DON_VI!$D$4:$D$185,0)),""))*IFERROR(INDEX('01_PCTN_DATA'!$A$4:$ZZ$1000,0,MATCH($G82,'01_PCTN_DATA'!$A$3:$ZZ$3,0)),0))} -> 0 | O82: {=SUMPRODUCT(('01_PCTN_DATA'!$A$4:$A$1000=IFERROR(INDEX(DM_DON_VI!$B$4:$B$185,MATCH(O$4,DM_DON_VI!$D$4:$D$185,0)),""))*IFERROR(INDEX('01_PCTN_DATA'!$A$4:$ZZ$1000,0,MATCH($G82,'01_PCTN_DATA'!$A$3:$ZZ$3,0)),0))} -> 0 | P82: {=SUMPRODUCT(('01_PCTN_DATA'!$A$4:$A$1000=IFERROR(INDEX(DM_DON_VI!$B$4:$B$185,MATCH(P$4,DM_DON_VI!$D$4:$D$185,0)),""))*IFERROR(INDEX('01_PCTN_DATA'!$A$4:$ZZ$1000,0,MATCH($G82,'01_PCTN_DATA'!$A$3:$ZZ$3,0)),0))} -> 0 | Q82: {=SUMPRODUCT(('01_PCTN_DATA'!$A$4:$A$1000=IFERROR(INDEX(DM_DON_VI!$B$4:$B$185,MATCH(Q$4,DM_DON_VI!$D$4:$D$185,0)),""))*IFERROR(INDEX('01_PCTN_DATA'!$A$4:$ZZ$1000,0,MATCH($G82,'01_PCTN_DATA'!$A$3:$ZZ$3,0)),0))} -> 0 | R82: {=SUMPRODUCT(('01_PCTN_DATA'!$A$4:$A$1000=IFERROR(INDEX(DM_DON_VI!$B$4:$B$185,MATCH(R$4,DM_DON_VI!$D$4:$D$185,0)),""))*IFERROR(INDEX('01_PCTN_DATA'!$A$4:$ZZ$1000,0,MATCH($G82,'01_PCTN_DATA'!$A$3:$ZZ$3,0)),0))} -> 0 | S82: {=SUMPRODUCT(('01_PCTN_DATA'!$A$4:$A$1000=IFERROR(INDEX(DM_DON_VI!$B$4:$B$185,MATCH(S$4,DM_DON_VI!$D$4:$D$185,0)),""))*IFERROR(INDEX('01_PCTN_DATA'!$A$4:$ZZ$1000,0,MATCH($G82,'01_PCTN_DATA'!$A$3:$ZZ$3,0)),0))} -> 0 | ... GK82: {=SUMPRODUCT(('01_PCTN_DATA'!$A$4:$A$1000=IFERROR(INDEX(DM_DON_VI!$B$4:$B$185,MATCH(GK$4,DM_DON_VI!$D$4:$D$185,0)),""))*IFERROR(INDEX('01_PCTN_DATA'!$A$4:$ZZ$1000,0,MATCH($G82,'01_PCTN_DATA'!$A$3:$ZZ$3,0)),0))} -> 0
A83: 64 | B83: 60 | C83: Số vụ tham nhũng, tiêu cực được phát hiện thông qua hoạt động kiểm toán | D83: Vụ | E83: {=SUMPRODUCT(IFERROR(INDEX('01_PCTN_DATA'!$A$4:$ZZ$1000,0,MATCH($G83,'01_PCTN_DATA'!$A$3:$ZZ$3,0)),0))} -> 0 | G83: P01_60 | H83: ITEM | I83: PHÁT HIỆN CÁC VỤ VIỆC THAM NHŨNG, LÃNG PHÍ, TIÊU CỰC TRONG CƠ QUAN, TỔ CHỨC, ĐƠN VỊ | J83: Qua hoạt động giám sát, thanh tra, kiểm toán | K83: 60 | L83: {=SUMPRODUCT(('01_PCTN_DATA'!$A$4:$A$1000=IFERROR(INDEX(DM_DON_VI!$B$4:$B$185,MATCH(L$4,DM_DON_VI!$D$4:$D$185,0)),""))*IFERROR(INDEX('01_PCTN_DATA'!$A$4:$ZZ$1000,0,MATCH($G83,'01_PCTN_DATA'!$A$3:$ZZ$3,0)),0))} -> 0 | M83: {=SUMPRODUCT(('01_PCTN_DATA'!$A$4:$A$1000=IFERROR(INDEX(DM_DON_VI!$B$4:$B$185,MATCH(M$4,DM_DON_VI!$D$4:$D$185,0)),""))*IFERROR(INDEX('01_PCTN_DATA'!$A$4:$ZZ$1000,0,MATCH($G83,'01_PCTN_DATA'!$A$3:$ZZ$3,0)),0))} -> 0 | N83: {=SUMPRODUCT(('01_PCTN_DATA'!$A$4:$A$1000=IFERROR(INDEX(DM_DON_VI!$B$4:$B$185,MATCH(N$4,DM_DON_VI!$D$4:$D$185,0)),""))*IFERROR(INDEX('01_PCTN_DATA'!$A$4:$ZZ$1000,0,MATCH($G83,'01_PCTN_DATA'!$A$3:$ZZ$3,0)),0))} -> 0 | O83: {=SUMPRODUCT(('01_PCTN_DATA'!$A$4:$A$1000=IFERROR(INDEX(DM_DON_VI!$B$4:$B$185,MATCH(O$4,DM_DON_VI!$D$4:$D$185,0)),""))*IFERROR(INDEX('01_PCTN_DATA'!$A$4:$ZZ$1000,0,MATCH($G83,'01_PCTN_DATA'!$A$3:$ZZ$3,0)),0))} -> 0 | P83: {=SUMPRODUCT(('01_PCTN_DATA'!$A$4:$A$1000=IFERROR(INDEX(DM_DON_VI!$B$4:$B$185,MATCH(P$4,DM_DON_VI!$D$4:$D$185,0)),""))*IFERROR(INDEX('01_PCTN_DATA'!$A$4:$ZZ$1000,0,MATCH($G83,'01_PCTN_DATA'!$A$3:$ZZ$3,0)),0))} -> 0 | Q83: {=SUMPRODUCT(('01_PCTN_DATA'!$A$4:$A$1000=IFERROR(INDEX(DM_DON_VI!$B$4:$B$185,MATCH(Q$4,DM_DON_VI!$D$4:$D$185,0)),""))*IFERROR(INDEX('01_PCTN_DATA'!$A$4:$ZZ$1000,0,MATCH($G83,'01_PCTN_DATA'!$A$3:$ZZ$3,0)),0))} -> 0 | R83: {=SUMPRODUCT(('01_PCTN_DATA'!$A$4:$A$1000=IFERROR(INDEX(DM_DON_VI!$B$4:$B$185,MATCH(R$4,DM_DON_VI!$D$4:$D$185,0)),""))*IFERROR(INDEX('01_PCTN_DATA'!$A$4:$ZZ$1000,0,MATCH($G83,'01_PCTN_DATA'!$A$3:$ZZ$3,0)),0))} -> 0 | S83: {=SUMPRODUCT(('01_PCTN_DATA'!$A$4:$A$1000=IFERROR(INDEX(DM_DON_VI!$B$4:$B$185,MATCH(S$4,DM_DON_VI!$D$4:$D$185,0)),""))*IFERROR(INDEX('01_PCTN_DATA'!$A$4:$ZZ$1000,0,MATCH($G83,'01_PCTN_DATA'!$A$3:$ZZ$3,0)),0))} -> 0 | ... GK83: {=SUMPRODUCT(('01_PCTN_DATA'!$A$4:$A$1000=IFERROR(INDEX(DM_DON_VI!$B$4:$B$185,MATCH(GK$4,DM_DON_VI!$D$4:$D$185,0)),""))*IFERROR(INDEX('01_PCTN_DATA'!$A$4:$ZZ$1000,0,MATCH($G83,'01_PCTN_DATA'!$A$3:$ZZ$3,0)),0))} -> 0
A84: 65 | B84: 61 | C84: Số đối tượng có hành vi tham nhũng, tiêu cực được phát hiện thông qua hoạt động kiểm toán | D84: Người | E84: {=SUMPRODUCT(IFERROR(INDEX('01_PCTN_DATA'!$A$4:$ZZ$1000,0,MATCH($G84,'01_PCTN_DATA'!$A$3:$ZZ$3,0)),0))} -> 0 | G84: P01_61 | H84: ITEM | I84: PHÁT HIỆN CÁC VỤ VIỆC THAM NHŨNG, LÃNG PHÍ, TIÊU CỰC TRONG CƠ QUAN, TỔ CHỨC, ĐƠN VỊ | J84: Qua hoạt động giám sát, thanh tra, kiểm toán | K84: 61 | L84: {=SUMPRODUCT(('01_PCTN_DATA'!$A$4:$A$1000=IFERROR(INDEX(DM_DON_VI!$B$4:$B$185,MATCH(L$4,DM_DON_VI!$D$4:$D$185,0)),""))*IFERROR(INDEX('01_PCTN_DATA'!$A$4:$ZZ$1000,0,MATCH($G84,'01_PCTN_DATA'!$A$3:$ZZ$3,0)),0))} -> 0 | M84: {=SUMPRODUCT(('01_PCTN_DATA'!$A$4:$A$1000=IFERROR(INDEX(DM_DON_VI!$B$4:$B$185,MATCH(M$4,DM_DON_VI!$D$4:$D$185,0)),""))*IFERROR(INDEX('01_PCTN_DATA'!$A$4:$ZZ$1000,0,MATCH($G84,'01_PCTN_DATA'!$A$3:$ZZ$3,0)),0))} -> 0 | N84: {=SUMPRODUCT(('01_PCTN_DATA'!$A$4:$A$1000=IFERROR(INDEX(DM_DON_VI!$B$4:$B$185,MATCH(N$4,DM_DON_VI!$D$4:$D$185,0)),""))*IFERROR(INDEX('01_PCTN_DATA'!$A$4:$ZZ$1000,0,MATCH($G84,'01_PCTN_DATA'!$A$3:$ZZ$3,0)),0))} -> 0 | O84: {=SUMPRODUCT(('01_PCTN_DATA'!$A$4:$A$1000=IFERROR(INDEX(DM_DON_VI!$B$4:$B$185,MATCH(O$4,DM_DON_VI!$D$4:$D$185,0)),""))*IFERROR(INDEX('01_PCTN_DATA'!$A$4:$ZZ$1000,0,MATCH($G84,'01_PCTN_DATA'!$A$3:$ZZ$3,0)),0))} -> 0 | P84: {=SUMPRODUCT(('01_PCTN_DATA'!$A$4:$A$1000=IFERROR(INDEX(DM_DON_VI!$B$4:$B$185,MATCH(P$4,DM_DON_VI!$D$4:$D$185,0)),""))*IFERROR(INDEX('01_PCTN_DATA'!$A$4:$ZZ$1000,0,MATCH($G84,'01_PCTN_DATA'!$A$3:$ZZ$3,0)),0))} -> 0 | Q84: {=SUMPRODUCT(('01_PCTN_DATA'!$A$4:$A$1000=IFERROR(INDEX(DM_DON_VI!$B$4:$B$185,MATCH(Q$4,DM_DON_VI!$D$4:$D$185,0)),""))*IFERROR(INDEX('01_PCTN_DATA'!$A$4:$ZZ$1000,0,MATCH($G84,'01_PCTN_DATA'!$A$3:$ZZ$3,0)),0))} -> 0 | R84: {=SUMPRODUCT(('01_PCTN_DATA'!$A$4:$A$1000=IFERROR(INDEX(DM_DON_VI!$B$4:$B$185,MATCH(R$4,DM_DON_VI!$D$4:$D$185,0)),""))*IFERROR(INDEX('01_PCTN_DATA'!$A$4:$ZZ$1000,0,MATCH($G84,'01_PCTN_DATA'!$A$3:$ZZ$3,0)),0))} -> 0 | S84: {=SUMPRODUCT(('01_PCTN_DATA'!$A$4:$A$1000=IFERROR(INDEX(DM_DON_VI!$B$4:$B$185,MATCH(S$4,DM_DON_VI!$D$4:$D$185,0)),""))*IFERROR(INDEX('01_PCTN_DATA'!$A$4:$ZZ$1000,0,MATCH($G84,'01_PCTN_DATA'!$A$3:$ZZ$3,0)),0))} -> 0 | ... GK84: {=SUMPRODUCT(('01_PCTN_DATA'!$A$4:$A$1000=IFERROR(INDEX(DM_DON_VI!$B$4:$B$185,MATCH(GK$4,DM_DON_VI!$D$4:$D$185,0)),""))*IFERROR(INDEX('01_PCTN_DATA'!$A$4:$ZZ$1000,0,MATCH($G84,'01_PCTN_DATA'!$A$3:$ZZ$3,0)),0))} -> 0
A85: 66 | B85: 62 | C85: Số vụ lãng phí được phát hiện qua hoạt động kiểm toán | D85: Vụ | E85: {=SUMPRODUCT(IFERROR(INDEX('01_PCTN_DATA'!$A$4:$ZZ$1000,0,MATCH($G85,'01_PCTN_DATA'!$A$3:$ZZ$3,0)),0))} -> 0 | G85: P01_62 | H85: ITEM | I85: PHÁT HIỆN CÁC VỤ VIỆC THAM NHŨNG, LÃNG PHÍ, TIÊU CỰC TRONG CƠ QUAN, TỔ CHỨC, ĐƠN VỊ | J85: Qua hoạt động giám sát, thanh tra, kiểm toán | K85: 62 | L85: {=SUMPRODUCT(('01_PCTN_DATA'!$A$4:$A$1000=IFERROR(INDEX(DM_DON_VI!$B$4:$B$185,MATCH(L$4,DM_DON_VI!$D$4:$D$185,0)),""))*IFERROR(INDEX('01_PCTN_DATA'!$A$4:$ZZ$1000,0,MATCH($G85,'01_PCTN_DATA'!$A$3:$ZZ$3,0)),0))} -> 0 | M85: {=SUMPRODUCT(('01_PCTN_DATA'!$A$4:$A$1000=IFERROR(INDEX(DM_DON_VI!$B$4:$B$185,MATCH(M$4,DM_DON_VI!$D$4:$D$185,0)),""))*IFERROR(INDEX('01_PCTN_DATA'!$A$4:$ZZ$1000,0,MATCH($G85,'01_PCTN_DATA'!$A$3:$ZZ$3,0)),0))} -> 0 | N85: {=SUMPRODUCT(('01_PCTN_DATA'!$A$4:$A$1000=IFERROR(INDEX(DM_DON_VI!$B$4:$B$185,MATCH(N$4,DM_DON_VI!$D$4:$D$185,0)),""))*IFERROR(INDEX('01_PCTN_DATA'!$A$4:$ZZ$1000,0,MATCH($G85,'01_PCTN_DATA'!$A$3:$ZZ$3,0)),0))} -> 0 | O85: {=SUMPRODUCT(('01_PCTN_DATA'!$A$4:$A$1000=IFERROR(INDEX(DM_DON_VI!$B$4:$B$185,MATCH(O$4,DM_DON_VI!$D$4:$D$185,0)),""))*IFERROR(INDEX('01_PCTN_DATA'!$A$4:$ZZ$1000,0,MATCH($G85,'01_PCTN_DATA'!$A$3:$ZZ$3,0)),0))} -> 0 | P85: {=SUMPRODUCT(('01_PCTN_DATA'!$A$4:$A$1000=IFERROR(INDEX(DM_DON_VI!$B$4:$B$185,MATCH(P$4,DM_DON_VI!$D$4:$D$185,0)),""))*IFERROR(INDEX('01_PCTN_DATA'!$A$4:$ZZ$1000,0,MATCH($G85,'01_PCTN_DATA'!$A$3:$ZZ$3,0)),0))} -> 0 | Q85: {=SUMPRODUCT(('01_PCTN_DATA'!$A$4:$A$1000=IFERROR(INDEX(DM_DON_VI!$B$4:$B$185,MATCH(Q$4,DM_DON_VI!$D$4:$D$185,0)),""))*IFERROR(INDEX('01_PCTN_DATA'!$A$4:$ZZ$1000,0,MATCH($G85,'01_PCTN_DATA'!$A$3:$ZZ$3,0)),0))} -> 0 | R85: {=SUMPRODUCT(('01_PCTN_DATA'!$A$4:$A$1000=IFERROR(INDEX(DM_DON_VI!$B$4:$B$185,MATCH(R$4,DM_DON_VI!$D$4:$D$185,0)),""))*IFERROR(INDEX('01_PCTN_DATA'!$A$4:$ZZ$1000,0,MATCH($G85,'01_PCTN_DATA'!$A$3:$ZZ$3,0)),0))} -> 0 | S85: {=SUMPRODUCT(('01_PCTN_DATA'!$A$4:$A$1000=IFERROR(INDEX(DM_DON_VI!$B$4:$B$185,MATCH(S$4,DM_DON_VI!$D$4:$D$185,0)),""))*IFERROR(INDEX('01_PCTN_DATA'!$A$4:$ZZ$1000,0,MATCH($G85,'01_PCTN_DATA'!$A$3:$ZZ$3,0)),0))} -> 0 | ... GK85: {=SUMPRODUCT(('01_PCTN_DATA'!$A$4:$A$1000=IFERROR(INDEX(DM_DON_VI!$B$4:$B$185,MATCH(GK$4,DM_DON_VI!$D$4:$D$185,0)),""))*IFERROR(INDEX('01_PCTN_DATA'!$A$4:$ZZ$1000,0,MATCH($G85,'01_PCTN_DATA'!$A$3:$ZZ$3,0)),0))} -> 0
A86: 67 | B86: 63 | C86: Số đối tượng có hành vi gây lãng phí được phát hiện qua hoạt động kiểm toán | D86: Người | E86: {=SUMPRODUCT(IFERROR(INDEX('01_PCTN_DATA'!$A$4:$ZZ$1000,0,MATCH($G86,'01_PCTN_DATA'!$A$3:$ZZ$3,0)),0))} -> 0 | G86: P01_63 | H86: ITEM | I86: PHÁT HIỆN CÁC VỤ VIỆC THAM NHŨNG, LÃNG PHÍ, TIÊU CỰC TRONG CƠ QUAN, TỔ CHỨC, ĐƠN VỊ | J86: Qua hoạt động giám sát, thanh tra, kiểm toán | K86: 63 | L86: {=SUMPRODUCT(('01_PCTN_DATA'!$A$4:$A$1000=IFERROR(INDEX(DM_DON_VI!$B$4:$B$185,MATCH(L$4,DM_DON_VI!$D$4:$D$185,0)),""))*IFERROR(INDEX('01_PCTN_DATA'!$A$4:$ZZ$1000,0,MATCH($G86,'01_PCTN_DATA'!$A$3:$ZZ$3,0)),0))} -> 0 | M86: {=SUMPRODUCT(('01_PCTN_DATA'!$A$4:$A$1000=IFERROR(INDEX(DM_DON_VI!$B$4:$B$185,MATCH(M$4,DM_DON_VI!$D$4:$D$185,0)),""))*IFERROR(INDEX('01_PCTN_DATA'!$A$4:$ZZ$1000,0,MATCH($G86,'01_PCTN_DATA'!$A$3:$ZZ$3,0)),0))} -> 0 | N86: {=SUMPRODUCT(('01_PCTN_DATA'!$A$4:$A$1000=IFERROR(INDEX(DM_DON_VI!$B$4:$B$185,MATCH(N$4,DM_DON_VI!$D$4:$D$185,0)),""))*IFERROR(INDEX('01_PCTN_DATA'!$A$4:$ZZ$1000,0,MATCH($G86,'01_PCTN_DATA'!$A$3:$ZZ$3,0)),0))} -> 0 | O86: {=SUMPRODUCT(('01_PCTN_DATA'!$A$4:$A$1000=IFERROR(INDEX(DM_DON_VI!$B$4:$B$185,MATCH(O$4,DM_DON_VI!$D$4:$D$185,0)),""))*IFERROR(INDEX('01_PCTN_DATA'!$A$4:$ZZ$1000,0,MATCH($G86,'01_PCTN_DATA'!$A$3:$ZZ$3,0)),0))} -> 0 | P86: {=SUMPRODUCT(('01_PCTN_DATA'!$A$4:$A$1000=IFERROR(INDEX(DM_DON_VI!$B$4:$B$185,MATCH(P$4,DM_DON_VI!$D$4:$D$185,0)),""))*IFERROR(INDEX('01_PCTN_DATA'!$A$4:$ZZ$1000,0,MATCH($G86,'01_PCTN_DATA'!$A$3:$ZZ$3,0)),0))} -> 0 | Q86: {=SUMPRODUCT(('01_PCTN_DATA'!$A$4:$A$1000=IFERROR(INDEX(DM_DON_VI!$B$4:$B$185,MATCH(Q$4,DM_DON_VI!$D$4:$D$185,0)),""))*IFERROR(INDEX('01_PCTN_DATA'!$A$4:$ZZ$1000,0,MATCH($G86,'01_PCTN_DATA'!$A$3:$ZZ$3,0)),0))} -> 0 | R86: {=SUMPRODUCT(('01_PCTN_DATA'!$A$4:$A$1000=IFERROR(INDEX(DM_DON_VI!$B$4:$B$185,MATCH(R$4,DM_DON_VI!$D$4:$D$185,0)),""))*IFERROR(INDEX('01_PCTN_DATA'!$A$4:$ZZ$1000,0,MATCH($G86,'01_PCTN_DATA'!$A$3:$ZZ$3,0)),0))} -> 0 | S86: {=SUMPRODUCT(('01_PCTN_DATA'!$A$4:$A$1000=IFERROR(INDEX(DM_DON_VI!$B$4:$B$185,MATCH(S$4,DM_DON_VI!$D$4:$D$185,0)),""))*IFERROR(INDEX('01_PCTN_DATA'!$A$4:$ZZ$1000,0,MATCH($G86,'01_PCTN_DATA'!$A$3:$ZZ$3,0)),0))} -> 0 | ... GK86: {=SUMPRODUCT(('01_PCTN_DATA'!$A$4:$A$1000=IFERROR(INDEX(DM_DON_VI!$B$4:$B$185,MATCH(GK$4,DM_DON_VI!$D$4:$D$185,0)),""))*IFERROR(INDEX('01_PCTN_DATA'!$A$4:$ZZ$1000,0,MATCH($G86,'01_PCTN_DATA'!$A$3:$ZZ$3,0)),0))} -> 0
C87: Qua xem xét phản ánh, báo cáo về hành vi tham nhũng, lãng phí, tiêu cực | H87: SUBSECTION | I87: PHÁT HIỆN CÁC VỤ VIỆC THAM NHŨNG, LÃNG PHÍ, TIÊU CỰC TRONG CƠ QUAN, TỔ CHỨC, ĐƠN VỊ | J87: Qua xem xét phản ánh, báo cáo về hành vi tham nhũng, lãng phí, tiêu cực
A88: 68 | B88: 64 | C88: Số vụ việc có phản ánh, báo cáo về hành vi TNLPTC | D88: Vụ việc | E88: {=SUMPRODUCT(IFERROR(INDEX('01_PCTN_DATA'!$A$4:$ZZ$1000,0,MATCH($G88,'01_PCTN_DATA'!$A$3:$ZZ$3,0)),0))} -> 0 | G88: P01_64 | H88: ITEM | I88: PHÁT HIỆN CÁC VỤ VIỆC THAM NHŨNG, LÃNG PHÍ, TIÊU CỰC TRONG CƠ QUAN, TỔ CHỨC, ĐƠN VỊ | J88: Qua xem xét phản ánh, báo cáo về hành vi tham nhũng, lãng phí, tiêu cực | K88: 64 | L88: {=SUMPRODUCT(('01_PCTN_DATA'!$A$4:$A$1000=IFERROR(INDEX(DM_DON_VI!$B$4:$B$185,MATCH(L$4,DM_DON_VI!$D$4:$D$185,0)),""))*IFERROR(INDEX('01_PCTN_DATA'!$A$4:$ZZ$1000,0,MATCH($G88,'01_PCTN_DATA'!$A$3:$ZZ$3,0)),0))} -> 0 | M88: {=SUMPRODUCT(('01_PCTN_DATA'!$A$4:$A$1000=IFERROR(INDEX(DM_DON_VI!$B$4:$B$185,MATCH(M$4,DM_DON_VI!$D$4:$D$185,0)),""))*IFERROR(INDEX('01_PCTN_DATA'!$A$4:$ZZ$1000,0,MATCH($G88,'01_PCTN_DATA'!$A$3:$ZZ$3,0)),0))} -> 0 | N88: {=SUMPRODUCT(('01_PCTN_DATA'!$A$4:$A$1000=IFERROR(INDEX(DM_DON_VI!$B$4:$B$185,MATCH(N$4,DM_DON_VI!$D$4:$D$185,0)),""))*IFERROR(INDEX('01_PCTN_DATA'!$A$4:$ZZ$1000,0,MATCH($G88,'01_PCTN_DATA'!$A$3:$ZZ$3,0)),0))} -> 0 | O88: {=SUMPRODUCT(('01_PCTN_DATA'!$A$4:$A$1000=IFERROR(INDEX(DM_DON_VI!$B$4:$B$185,MATCH(O$4,DM_DON_VI!$D$4:$D$185,0)),""))*IFERROR(INDEX('01_PCTN_DATA'!$A$4:$ZZ$1000,0,MATCH($G88,'01_PCTN_DATA'!$A$3:$ZZ$3,0)),0))} -> 0 | P88: {=SUMPRODUCT(('01_PCTN_DATA'!$A$4:$A$1000=IFERROR(INDEX(DM_DON_VI!$B$4:$B$185,MATCH(P$4,DM_DON_VI!$D$4:$D$185,0)),""))*IFERROR(INDEX('01_PCTN_DATA'!$A$4:$ZZ$1000,0,MATCH($G88,'01_PCTN_DATA'!$A$3:$ZZ$3,0)),0))} -> 0 | Q88: {=SUMPRODUCT(('01_PCTN_DATA'!$A$4:$A$1000=IFERROR(INDEX(DM_DON_VI!$B$4:$B$185,MATCH(Q$4,DM_DON_VI!$D$4:$D$185,0)),""))*IFERROR(INDEX('01_PCTN_DATA'!$A$4:$ZZ$1000,0,MATCH($G88,'01_PCTN_DATA'!$A$3:$ZZ$3,0)),0))} -> 0 | R88: {=SUMPRODUCT(('01_PCTN_DATA'!$A$4:$A$1000=IFERROR(INDEX(DM_DON_VI!$B$4:$B$185,MATCH(R$4,DM_DON_VI!$D$4:$D$185,0)),""))*IFERROR(INDEX('01_PCTN_DATA'!$A$4:$ZZ$1000,0,MATCH($G88,'01_PCTN_DATA'!$A$3:$ZZ$3,0)),0))} -> 0 | S88: {=SUMPRODUCT(('01_PCTN_DATA'!$A$4:$A$1000=IFERROR(INDEX(DM_DON_VI!$B$4:$B$185,MATCH(S$4,DM_DON_VI!$D$4:$D$185,0)),""))*IFERROR(INDEX('01_PCTN_DATA'!$A$4:$ZZ$1000,0,MATCH($G88,'01_PCTN_DATA'!$A$3:$ZZ$3,0)),0))} -> 0 | ... GK88: {=SUMPRODUCT(('01_PCTN_DATA'!$A$4:$A$1000=IFERROR(INDEX(DM_DON_VI!$B$4:$B$185,MATCH(GK$4,DM_DON_VI!$D$4:$D$185,0)),""))*IFERROR(INDEX('01_PCTN_DATA'!$A$4:$ZZ$1000,0,MATCH($G88,'01_PCTN_DATA'!$A$3:$ZZ$3,0)),0))} -> 0
A89: 69 | B89: 65 | C89: Số vụ việc có phản ánh, báo cáo về hành vi TNLPTC đã được xem xét | D89: Vụ việc | E89: {=SUMPRODUCT(IFERROR(INDEX('01_PCTN_DATA'!$A$4:$ZZ$1000,0,MATCH($G89,'01_PCTN_DATA'!$A$3:$ZZ$3,0)),0))} -> 0 | G89: P01_65 | H89: ITEM | I89: PHÁT HIỆN CÁC VỤ VIỆC THAM NHŨNG, LÃNG PHÍ, TIÊU CỰC TRONG CƠ QUAN, TỔ CHỨC, ĐƠN VỊ | J89: Qua xem xét phản ánh, báo cáo về hành vi tham nhũng, lãng phí, tiêu cực | K89: 65 | L89: {=SUMPRODUCT(('01_PCTN_DATA'!$A$4:$A$1000=IFERROR(INDEX(DM_DON_VI!$B$4:$B$185,MATCH(L$4,DM_DON_VI!$D$4:$D$185,0)),""))*IFERROR(INDEX('01_PCTN_DATA'!$A$4:$ZZ$1000,0,MATCH($G89,'01_PCTN_DATA'!$A$3:$ZZ$3,0)),0))} -> 0 | M89: {=SUMPRODUCT(('01_PCTN_DATA'!$A$4:$A$1000=IFERROR(INDEX(DM_DON_VI!$B$4:$B$185,MATCH(M$4,DM_DON_VI!$D$4:$D$185,0)),""))*IFERROR(INDEX('01_PCTN_DATA'!$A$4:$ZZ$1000,0,MATCH($G89,'01_PCTN_DATA'!$A$3:$ZZ$3,0)),0))} -> 0 | N89: {=SUMPRODUCT(('01_PCTN_DATA'!$A$4:$A$1000=IFERROR(INDEX(DM_DON_VI!$B$4:$B$185,MATCH(N$4,DM_DON_VI!$D$4:$D$185,0)),""))*IFERROR(INDEX('01_PCTN_DATA'!$A$4:$ZZ$1000,0,MATCH($G89,'01_PCTN_DATA'!$A$3:$ZZ$3,0)),0))} -> 0 | O89: {=SUMPRODUCT(('01_PCTN_DATA'!$A$4:$A$1000=IFERROR(INDEX(DM_DON_VI!$B$4:$B$185,MATCH(O$4,DM_DON_VI!$D$4:$D$185,0)),""))*IFERROR(INDEX('01_PCTN_DATA'!$A$4:$ZZ$1000,0,MATCH($G89,'01_PCTN_DATA'!$A$3:$ZZ$3,0)),0))} -> 0 | P89: {=SUMPRODUCT(('01_PCTN_DATA'!$A$4:$A$1000=IFERROR(INDEX(DM_DON_VI!$B$4:$B$185,MATCH(P$4,DM_DON_VI!$D$4:$D$185,0)),""))*IFERROR(INDEX('01_PCTN_DATA'!$A$4:$ZZ$1000,0,MATCH($G89,'01_PCTN_DATA'!$A$3:$ZZ$3,0)),0))} -> 0 | Q89: {=SUMPRODUCT(('01_PCTN_DATA'!$A$4:$A$1000=IFERROR(INDEX(DM_DON_VI!$B$4:$B$185,MATCH(Q$4,DM_DON_VI!$D$4:$D$185,0)),""))*IFERROR(INDEX('01_PCTN_DATA'!$A$4:$ZZ$1000,0,MATCH($G89,'01_PCTN_DATA'!$A$3:$ZZ$3,0)),0))} -> 0 | R89: {=SUMPRODUCT(('01_PCTN_DATA'!$A$4:$A$1000=IFERROR(INDEX(DM_DON_VI!$B$4:$B$185,MATCH(R$4,DM_DON_VI!$D$4:$D$185,0)),""))*IFERROR(INDEX('01_PCTN_DATA'!$A$4:$ZZ$1000,0,MATCH($G89,'01_PCTN_DATA'!$A$3:$ZZ$3,0)),0))} -> 0 | S89: {=SUMPRODUCT(('01_PCTN_DATA'!$A$4:$A$1000=IFERROR(INDEX(DM_DON_VI!$B$4:$B$185,MATCH(S$4,DM_DON_VI!$D$4:$D$185,0)),""))*IFERROR(INDEX('01_PCTN_DATA'!$A$4:$ZZ$1000,0,MATCH($G89,'01_PCTN_DATA'!$A$3:$ZZ$3,0)),0))} -> 0 | ... GK89: {=SUMPRODUCT(('01_PCTN_DATA'!$A$4:$A$1000=IFERROR(INDEX(DM_DON_VI!$B$4:$B$185,MATCH(GK$4,DM_DON_VI!$D$4:$D$185,0)),""))*IFERROR(INDEX('01_PCTN_DATA'!$A$4:$ZZ$1000,0,MATCH($G89,'01_PCTN_DATA'!$A$3:$ZZ$3,0)),0))} -> 0
A90: 70 | B90: 66 | C90: Số vụ TNLPTC phát hiện thông qua xem xét nội dung phản ánh, báo cáo về hành vi TNLPTC | D90: Vụ | E90: {=SUMPRODUCT(IFERROR(INDEX('01_PCTN_DATA'!$A$4:$ZZ$1000,0,MATCH($G90,'01_PCTN_DATA'!$A$3:$ZZ$3,0)),0))} -> 0 | G90: P01_66 | H90: ITEM | I90: PHÁT HIỆN CÁC VỤ VIỆC THAM NHŨNG, LÃNG PHÍ, TIÊU CỰC TRONG CƠ QUAN, TỔ CHỨC, ĐƠN VỊ | J90: Qua xem xét phản ánh, báo cáo về hành vi tham nhũng, lãng phí, tiêu cực | K90: 66 | L90: {=SUMPRODUCT(('01_PCTN_DATA'!$A$4:$A$1000=IFERROR(INDEX(DM_DON_VI!$B$4:$B$185,MATCH(L$4,DM_DON_VI!$D$4:$D$185,0)),""))*IFERROR(INDEX('01_PCTN_DATA'!$A$4:$ZZ$1000,0,MATCH($G90,'01_PCTN_DATA'!$A$3:$ZZ$3,0)),0))} -> 0 | M90: {=SUMPRODUCT(('01_PCTN_DATA'!$A$4:$A$1000=IFERROR(INDEX(DM_DON_VI!$B$4:$B$185,MATCH(M$4,DM_DON_VI!$D$4:$D$185,0)),""))*IFERROR(INDEX('01_PCTN_DATA'!$A$4:$ZZ$1000,0,MATCH($G90,'01_PCTN_DATA'!$A$3:$ZZ$3,0)),0))} -> 0 | N90: {=SUMPRODUCT(('01_PCTN_DATA'!$A$4:$A$1000=IFERROR(INDEX(DM_DON_VI!$B$4:$B$185,MATCH(N$4,DM_DON_VI!$D$4:$D$185,0)),""))*IFERROR(INDEX('01_PCTN_DATA'!$A$4:$ZZ$1000,0,MATCH($G90,'01_PCTN_DATA'!$A$3:$ZZ$3,0)),0))} -> 0 | O90: {=SUMPRODUCT(('01_PCTN_DATA'!$A$4:$A$1000=IFERROR(INDEX(DM_DON_VI!$B$4:$B$185,MATCH(O$4,DM_DON_VI!$D$4:$D$185,0)),""))*IFERROR(INDEX('01_PCTN_DATA'!$A$4:$ZZ$1000,0,MATCH($G90,'01_PCTN_DATA'!$A$3:$ZZ$3,0)),0))} -> 0 | P90: {=SUMPRODUCT(('01_PCTN_DATA'!$A$4:$A$1000=IFERROR(INDEX(DM_DON_VI!$B$4:$B$185,MATCH(P$4,DM_DON_VI!$D$4:$D$185,0)),""))*IFERROR(INDEX('01_PCTN_DATA'!$A$4:$ZZ$1000,0,MATCH($G90,'01_PCTN_DATA'!$A$3:$ZZ$3,0)),0))} -> 0 | Q90: {=SUMPRODUCT(('01_PCTN_DATA'!$A$4:$A$1000=IFERROR(INDEX(DM_DON_VI!$B$4:$B$185,MATCH(Q$4,DM_DON_VI!$D$4:$D$185,0)),""))*IFERROR(INDEX('01_PCTN_DATA'!$A$4:$ZZ$1000,0,MATCH($G90,'01_PCTN_DATA'!$A$3:$ZZ$3,0)),0))} -> 0 | R90: {=SUMPRODUCT(('01_PCTN_DATA'!$A$4:$A$1000=IFERROR(INDEX(DM_DON_VI!$B$4:$B$185,MATCH(R$4,DM_DON_VI!$D$4:$D$185,0)),""))*IFERROR(INDEX('01_PCTN_DATA'!$A$4:$ZZ$1000,0,MATCH($G90,'01_PCTN_DATA'!$A$3:$ZZ$3,0)),0))} -> 0 | S90: {=SUMPRODUCT(('01_PCTN_DATA'!$A$4:$A$1000=IFERROR(INDEX(DM_DON_VI!$B$4:$B$185,MATCH(S$4,DM_DON_VI!$D$4:$D$185,0)),""))*IFERROR(INDEX('01_PCTN_DATA'!$A$4:$ZZ$1000,0,MATCH($G90,'01_PCTN_DATA'!$A$3:$ZZ$3,0)),0))} -> 0 | ... GK90: {=SUMPRODUCT(('01_PCTN_DATA'!$A$4:$A$1000=IFERROR(INDEX(DM_DON_VI!$B$4:$B$185,MATCH(GK$4,DM_DON_VI!$D$4:$D$185,0)),""))*IFERROR(INDEX('01_PCTN_DATA'!$A$4:$ZZ$1000,0,MATCH($G90,'01_PCTN_DATA'!$A$3:$ZZ$3,0)),0))} -> 0
A91: 71 | B91: 67 | C91: Số đối tượng có hành vi TNLPTC phát hiện thông qua xem xét nội dung phản ánh, báo cáo về hành vi TNLPTC | D91: người | E91: {=SUMPRODUCT(IFERROR(INDEX('01_PCTN_DATA'!$A$4:$ZZ$1000,0,MATCH($G91,'01_PCTN_DATA'!$A$3:$ZZ$3,0)),0))} -> 0 | G91: P01_67 | H91: ITEM | I91: PHÁT HIỆN CÁC VỤ VIỆC THAM NHŨNG, LÃNG PHÍ, TIÊU CỰC TRONG CƠ QUAN, TỔ CHỨC, ĐƠN VỊ | J91: Qua xem xét phản ánh, báo cáo về hành vi tham nhũng, lãng phí, tiêu cực | K91: 67 | L91: {=SUMPRODUCT(('01_PCTN_DATA'!$A$4:$A$1000=IFERROR(INDEX(DM_DON_VI!$B$4:$B$185,MATCH(L$4,DM_DON_VI!$D$4:$D$185,0)),""))*IFERROR(INDEX('01_PCTN_DATA'!$A$4:$ZZ$1000,0,MATCH($G91,'01_PCTN_DATA'!$A$3:$ZZ$3,0)),0))} -> 0 | M91: {=SUMPRODUCT(('01_PCTN_DATA'!$A$4:$A$1000=IFERROR(INDEX(DM_DON_VI!$B$4:$B$185,MATCH(M$4,DM_DON_VI!$D$4:$D$185,0)),""))*IFERROR(INDEX('01_PCTN_DATA'!$A$4:$ZZ$1000,0,MATCH($G91,'01_PCTN_DATA'!$A$3:$ZZ$3,0)),0))} -> 0 | N91: {=SUMPRODUCT(('01_PCTN_DATA'!$A$4:$A$1000=IFERROR(INDEX(DM_DON_VI!$B$4:$B$185,MATCH(N$4,DM_DON_VI!$D$4:$D$185,0)),""))*IFERROR(INDEX('01_PCTN_DATA'!$A$4:$ZZ$1000,0,MATCH($G91,'01_PCTN_DATA'!$A$3:$ZZ$3,0)),0))} -> 0 | O91: {=SUMPRODUCT(('01_PCTN_DATA'!$A$4:$A$1000=IFERROR(INDEX(DM_DON_VI!$B$4:$B$185,MATCH(O$4,DM_DON_VI!$D$4:$D$185,0)),""))*IFERROR(INDEX('01_PCTN_DATA'!$A$4:$ZZ$1000,0,MATCH($G91,'01_PCTN_DATA'!$A$3:$ZZ$3,0)),0))} -> 0 | P91: {=SUMPRODUCT(('01_PCTN_DATA'!$A$4:$A$1000=IFERROR(INDEX(DM_DON_VI!$B$4:$B$185,MATCH(P$4,DM_DON_VI!$D$4:$D$185,0)),""))*IFERROR(INDEX('01_PCTN_DATA'!$A$4:$ZZ$1000,0,MATCH($G91,'01_PCTN_DATA'!$A$3:$ZZ$3,0)),0))} -> 0 | Q91: {=SUMPRODUCT(('01_PCTN_DATA'!$A$4:$A$1000=IFERROR(INDEX(DM_DON_VI!$B$4:$B$185,MATCH(Q$4,DM_DON_VI!$D$4:$D$185,0)),""))*IFERROR(INDEX('01_PCTN_DATA'!$A$4:$ZZ$1000,0,MATCH($G91,'01_PCTN_DATA'!$A$3:$ZZ$3,0)),0))} -> 0 | R91: {=SUMPRODUCT(('01_PCTN_DATA'!$A$4:$A$1000=IFERROR(INDEX(DM_DON_VI!$B$4:$B$185,MATCH(R$4,DM_DON_VI!$D$4:$D$185,0)),""))*IFERROR(INDEX('01_PCTN_DATA'!$A$4:$ZZ$1000,0,MATCH($G91,'01_PCTN_DATA'!$A$3:$ZZ$3,0)),0))} -> 0 | S91: {=SUMPRODUCT(('01_PCTN_DATA'!$A$4:$A$1000=IFERROR(INDEX(DM_DON_VI!$B$4:$B$185,MATCH(S$4,DM_DON_VI!$D$4:$D$185,0)),""))*IFERROR(INDEX('01_PCTN_DATA'!$A$4:$ZZ$1000,0,MATCH($G91,'01_PCTN_DATA'!$A$3:$ZZ$3,0)),0))} -> 0 | ... GK91: {=SUMPRODUCT(('01_PCTN_DATA'!$A$4:$A$1000=IFERROR(INDEX(DM_DON_VI!$B$4:$B$185,MATCH(GK$4,DM_DON_VI!$D$4:$D$185,0)),""))*IFERROR(INDEX('01_PCTN_DATA'!$A$4:$ZZ$1000,0,MATCH($G91,'01_PCTN_DATA'!$A$3:$ZZ$3,0)),0))} -> 0
C92: Qua công tác giải quyết khiếu nại, tố cáo | H92: SUBSECTION | I92: PHÁT HIỆN CÁC VỤ VIỆC THAM NHŨNG, LÃNG PHÍ, TIÊU CỰC TRONG CƠ QUAN, TỔ CHỨC, ĐƠN VỊ | J92: Qua công tác giải quyết khiếu nại, tố cáo
A93: 72 | B93: 68 | C93: Số vụ TNLPTC được phát hiện thông qua giải quyết khiếu nại, tố cáo | D93: Vụ | E93: {=SUMPRODUCT(IFERROR(INDEX('01_PCTN_DATA'!$A$4:$ZZ$1000,0,MATCH($G93,'01_PCTN_DATA'!$A$3:$ZZ$3,0)),0))} -> 0 | G93: P01_68 | H93: ITEM | I93: PHÁT HIỆN CÁC VỤ VIỆC THAM NHŨNG, LÃNG PHÍ, TIÊU CỰC TRONG CƠ QUAN, TỔ CHỨC, ĐƠN VỊ | J93: Qua công tác giải quyết khiếu nại, tố cáo | K93: 68 | L93: {=SUMPRODUCT(('01_PCTN_DATA'!$A$4:$A$1000=IFERROR(INDEX(DM_DON_VI!$B$4:$B$185,MATCH(L$4,DM_DON_VI!$D$4:$D$185,0)),""))*IFERROR(INDEX('01_PCTN_DATA'!$A$4:$ZZ$1000,0,MATCH($G93,'01_PCTN_DATA'!$A$3:$ZZ$3,0)),0))} -> 0 | M93: {=SUMPRODUCT(('01_PCTN_DATA'!$A$4:$A$1000=IFERROR(INDEX(DM_DON_VI!$B$4:$B$185,MATCH(M$4,DM_DON_VI!$D$4:$D$185,0)),""))*IFERROR(INDEX('01_PCTN_DATA'!$A$4:$ZZ$1000,0,MATCH($G93,'01_PCTN_DATA'!$A$3:$ZZ$3,0)),0))} -> 0 | N93: {=SUMPRODUCT(('01_PCTN_DATA'!$A$4:$A$1000=IFERROR(INDEX(DM_DON_VI!$B$4:$B$185,MATCH(N$4,DM_DON_VI!$D$4:$D$185,0)),""))*IFERROR(INDEX('01_PCTN_DATA'!$A$4:$ZZ$1000,0,MATCH($G93,'01_PCTN_DATA'!$A$3:$ZZ$3,0)),0))} -> 0 | O93: {=SUMPRODUCT(('01_PCTN_DATA'!$A$4:$A$1000=IFERROR(INDEX(DM_DON_VI!$B$4:$B$185,MATCH(O$4,DM_DON_VI!$D$4:$D$185,0)),""))*IFERROR(INDEX('01_PCTN_DATA'!$A$4:$ZZ$1000,0,MATCH($G93,'01_PCTN_DATA'!$A$3:$ZZ$3,0)),0))} -> 0 | P93: {=SUMPRODUCT(('01_PCTN_DATA'!$A$4:$A$1000=IFERROR(INDEX(DM_DON_VI!$B$4:$B$185,MATCH(P$4,DM_DON_VI!$D$4:$D$185,0)),""))*IFERROR(INDEX('01_PCTN_DATA'!$A$4:$ZZ$1000,0,MATCH($G93,'01_PCTN_DATA'!$A$3:$ZZ$3,0)),0))} -> 0 | Q93: {=SUMPRODUCT(('01_PCTN_DATA'!$A$4:$A$1000=IFERROR(INDEX(DM_DON_VI!$B$4:$B$185,MATCH(Q$4,DM_DON_VI!$D$4:$D$185,0)),""))*IFERROR(INDEX('01_PCTN_DATA'!$A$4:$ZZ$1000,0,MATCH($G93,'01_PCTN_DATA'!$A$3:$ZZ$3,0)),0))} -> 0 | R93: {=SUMPRODUCT(('01_PCTN_DATA'!$A$4:$A$1000=IFERROR(INDEX(DM_DON_VI!$B$4:$B$185,MATCH(R$4,DM_DON_VI!$D$4:$D$185,0)),""))*IFERROR(INDEX('01_PCTN_DATA'!$A$4:$ZZ$1000,0,MATCH($G93,'01_PCTN_DATA'!$A$3:$ZZ$3,0)),0))} -> 0 | S93: {=SUMPRODUCT(('01_PCTN_DATA'!$A$4:$A$1000=IFERROR(INDEX(DM_DON_VI!$B$4:$B$185,MATCH(S$4,DM_DON_VI!$D$4:$D$185,0)),""))*IFERROR(INDEX('01_PCTN_DATA'!$A$4:$ZZ$1000,0,MATCH($G93,'01_PCTN_DATA'!$A$3:$ZZ$3,0)),0))} -> 0 | ... GK93: {=SUMPRODUCT(('01_PCTN_DATA'!$A$4:$A$1000=IFERROR(INDEX(DM_DON_VI!$B$4:$B$185,MATCH(GK$4,DM_DON_VI!$D$4:$D$185,0)),""))*IFERROR(INDEX('01_PCTN_DATA'!$A$4:$ZZ$1000,0,MATCH($G93,'01_PCTN_DATA'!$A$3:$ZZ$3,0)),0))} -> 0
A94: 73 | B94: 69 | C94: Số đối tượng có hành vi TNLPTC phát hiện qua giải quyết khiếu nại, tố cáo | D94: Người | E94: {=SUMPRODUCT(IFERROR(INDEX('01_PCTN_DATA'!$A$4:$ZZ$1000,0,MATCH($G94,'01_PCTN_DATA'!$A$3:$ZZ$3,0)),0))} -> 0 | G94: P01_69 | H94: ITEM | I94: PHÁT HIỆN CÁC VỤ VIỆC THAM NHŨNG, LÃNG PHÍ, TIÊU CỰC TRONG CƠ QUAN, TỔ CHỨC, ĐƠN VỊ | J94: Qua công tác giải quyết khiếu nại, tố cáo | K94: 69 | L94: {=SUMPRODUCT(('01_PCTN_DATA'!$A$4:$A$1000=IFERROR(INDEX(DM_DON_VI!$B$4:$B$185,MATCH(L$4,DM_DON_VI!$D$4:$D$185,0)),""))*IFERROR(INDEX('01_PCTN_DATA'!$A$4:$ZZ$1000,0,MATCH($G94,'01_PCTN_DATA'!$A$3:$ZZ$3,0)),0))} -> 0 | M94: {=SUMPRODUCT(('01_PCTN_DATA'!$A$4:$A$1000=IFERROR(INDEX(DM_DON_VI!$B$4:$B$185,MATCH(M$4,DM_DON_VI!$D$4:$D$185,0)),""))*IFERROR(INDEX('01_PCTN_DATA'!$A$4:$ZZ$1000,0,MATCH($G94,'01_PCTN_DATA'!$A$3:$ZZ$3,0)),0))} -> 0 | N94: {=SUMPRODUCT(('01_PCTN_DATA'!$A$4:$A$1000=IFERROR(INDEX(DM_DON_VI!$B$4:$B$185,MATCH(N$4,DM_DON_VI!$D$4:$D$185,0)),""))*IFERROR(INDEX('01_PCTN_DATA'!$A$4:$ZZ$1000,0,MATCH($G94,'01_PCTN_DATA'!$A$3:$ZZ$3,0)),0))} -> 0 | O94: {=SUMPRODUCT(('01_PCTN_DATA'!$A$4:$A$1000=IFERROR(INDEX(DM_DON_VI!$B$4:$B$185,MATCH(O$4,DM_DON_VI!$D$4:$D$185,0)),""))*IFERROR(INDEX('01_PCTN_DATA'!$A$4:$ZZ$1000,0,MATCH($G94,'01_PCTN_DATA'!$A$3:$ZZ$3,0)),0))} -> 0 | P94: {=SUMPRODUCT(('01_PCTN_DATA'!$A$4:$A$1000=IFERROR(INDEX(DM_DON_VI!$B$4:$B$185,MATCH(P$4,DM_DON_VI!$D$4:$D$185,0)),""))*IFERROR(INDEX('01_PCTN_DATA'!$A$4:$ZZ$1000,0,MATCH($G94,'01_PCTN_DATA'!$A$3:$ZZ$3,0)),0))} -> 0 | Q94: {=SUMPRODUCT(('01_PCTN_DATA'!$A$4:$A$1000=IFERROR(INDEX(DM_DON_VI!$B$4:$B$185,MATCH(Q$4,DM_DON_VI!$D$4:$D$185,0)),""))*IFERROR(INDEX('01_PCTN_DATA'!$A$4:$ZZ$1000,0,MATCH($G94,'01_PCTN_DATA'!$A$3:$ZZ$3,0)),0))} -> 0 | R94: {=SUMPRODUCT(('01_PCTN_DATA'!$A$4:$A$1000=IFERROR(INDEX(DM_DON_VI!$B$4:$B$185,MATCH(R$4,DM_DON_VI!$D$4:$D$185,0)),""))*IFERROR(INDEX('01_PCTN_DATA'!$A$4:$ZZ$1000,0,MATCH($G94,'01_PCTN_DATA'!$A$3:$ZZ$3,0)),0))} -> 0 | S94: {=SUMPRODUCT(('01_PCTN_DATA'!$A$4:$A$1000=IFERROR(INDEX(DM_DON_VI!$B$4:$B$185,MATCH(S$4,DM_DON_VI!$D$4:$D$185,0)),""))*IFERROR(INDEX('01_PCTN_DATA'!$A$4:$ZZ$1000,0,MATCH($G94,'01_PCTN_DATA'!$A$3:$ZZ$3,0)),0))} -> 0 | ... GK94: {=SUMPRODUCT(('01_PCTN_DATA'!$A$4:$A$1000=IFERROR(INDEX(DM_DON_VI!$B$4:$B$185,MATCH(GK$4,DM_DON_VI!$D$4:$D$185,0)),""))*IFERROR(INDEX('01_PCTN_DATA'!$A$4:$ZZ$1000,0,MATCH($G94,'01_PCTN_DATA'!$A$3:$ZZ$3,0)),0))} -> 0
C95: Qua các hoạt động khác (ngoài những hoạt động nêu trên, nếu có) | H95: SUBSECTION | I95: PHÁT HIỆN CÁC VỤ VIỆC THAM NHŨNG, LÃNG PHÍ, TIÊU CỰC TRONG CƠ QUAN, TỔ CHỨC, ĐƠN VỊ | J95: Qua các hoạt động khác (ngoài những hoạt động nêu trên, nếu có)
A96: 74 | B96: 70 | C96: Số vụ TNLPTC được phát hiện thông qua các hoạt động khác | D96: Vụ | E96: {=SUMPRODUCT(IFERROR(INDEX('01_PCTN_DATA'!$A$4:$ZZ$1000,0,MATCH($G96,'01_PCTN_DATA'!$A$3:$ZZ$3,0)),0))} -> 0 | G96: P01_70 | H96: ITEM | I96: PHÁT HIỆN CÁC VỤ VIỆC THAM NHŨNG, LÃNG PHÍ, TIÊU CỰC TRONG CƠ QUAN, TỔ CHỨC, ĐƠN VỊ | J96: Qua các hoạt động khác (ngoài những hoạt động nêu trên, nếu có) | K96: 70 | L96: {=SUMPRODUCT(('01_PCTN_DATA'!$A$4:$A$1000=IFERROR(INDEX(DM_DON_VI!$B$4:$B$185,MATCH(L$4,DM_DON_VI!$D$4:$D$185,0)),""))*IFERROR(INDEX('01_PCTN_DATA'!$A$4:$ZZ$1000,0,MATCH($G96,'01_PCTN_DATA'!$A$3:$ZZ$3,0)),0))} -> 0 | M96: {=SUMPRODUCT(('01_PCTN_DATA'!$A$4:$A$1000=IFERROR(INDEX(DM_DON_VI!$B$4:$B$185,MATCH(M$4,DM_DON_VI!$D$4:$D$185,0)),""))*IFERROR(INDEX('01_PCTN_DATA'!$A$4:$ZZ$1000,0,MATCH($G96,'01_PCTN_DATA'!$A$3:$ZZ$3,0)),0))} -> 0 | N96: {=SUMPRODUCT(('01_PCTN_DATA'!$A$4:$A$1000=IFERROR(INDEX(DM_DON_VI!$B$4:$B$185,MATCH(N$4,DM_DON_VI!$D$4:$D$185,0)),""))*IFERROR(INDEX('01_PCTN_DATA'!$A$4:$ZZ$1000,0,MATCH($G96,'01_PCTN_DATA'!$A$3:$ZZ$3,0)),0))} -> 0 | O96: {=SUMPRODUCT(('01_PCTN_DATA'!$A$4:$A$1000=IFERROR(INDEX(DM_DON_VI!$B$4:$B$185,MATCH(O$4,DM_DON_VI!$D$4:$D$185,0)),""))*IFERROR(INDEX('01_PCTN_DATA'!$A$4:$ZZ$1000,0,MATCH($G96,'01_PCTN_DATA'!$A$3:$ZZ$3,0)),0))} -> 0 | P96: {=SUMPRODUCT(('01_PCTN_DATA'!$A$4:$A$1000=IFERROR(INDEX(DM_DON_VI!$B$4:$B$185,MATCH(P$4,DM_DON_VI!$D$4:$D$185,0)),""))*IFERROR(INDEX('01_PCTN_DATA'!$A$4:$ZZ$1000,0,MATCH($G96,'01_PCTN_DATA'!$A$3:$ZZ$3,0)),0))} -> 0 | Q96: {=SUMPRODUCT(('01_PCTN_DATA'!$A$4:$A$1000=IFERROR(INDEX(DM_DON_VI!$B$4:$B$185,MATCH(Q$4,DM_DON_VI!$D$4:$D$185,0)),""))*IFERROR(INDEX('01_PCTN_DATA'!$A$4:$ZZ$1000,0,MATCH($G96,'01_PCTN_DATA'!$A$3:$ZZ$3,0)),0))} -> 0 | R96: {=SUMPRODUCT(('01_PCTN_DATA'!$A$4:$A$1000=IFERROR(INDEX(DM_DON_VI!$B$4:$B$185,MATCH(R$4,DM_DON_VI!$D$4:$D$185,0)),""))*IFERROR(INDEX('01_PCTN_DATA'!$A$4:$ZZ$1000,0,MATCH($G96,'01_PCTN_DATA'!$A$3:$ZZ$3,0)),0))} -> 0 | S96: {=SUMPRODUCT(('01_PCTN_DATA'!$A$4:$A$1000=IFERROR(INDEX(DM_DON_VI!$B$4:$B$185,MATCH(S$4,DM_DON_VI!$D$4:$D$185,0)),""))*IFERROR(INDEX('01_PCTN_DATA'!$A$4:$ZZ$1000,0,MATCH($G96,'01_PCTN_DATA'!$A$3:$ZZ$3,0)),0))} -> 0 | ... GK96: {=SUMPRODUCT(('01_PCTN_DATA'!$A$4:$A$1000=IFERROR(INDEX(DM_DON_VI!$B$4:$B$185,MATCH(GK$4,DM_DON_VI!$D$4:$D$185,0)),""))*IFERROR(INDEX('01_PCTN_DATA'!$A$4:$ZZ$1000,0,MATCH($G96,'01_PCTN_DATA'!$A$3:$ZZ$3,0)),0))} -> 0
A97: 75 | B97: 71 | C97: Số đối tượng có hành vi TNLPTC phát hiện qua các hoạt động khác | D97: Người | E97: {=SUMPRODUCT(IFERROR(INDEX('01_PCTN_DATA'!$A$4:$ZZ$1000,0,MATCH($G97,'01_PCTN_DATA'!$A$3:$ZZ$3,0)),0))} -> 0 | G97: P01_71 | H97: ITEM | I97: PHÁT HIỆN CÁC VỤ VIỆC THAM NHŨNG, LÃNG PHÍ, TIÊU CỰC TRONG CƠ QUAN, TỔ CHỨC, ĐƠN VỊ | J97: Qua các hoạt động khác (ngoài những hoạt động nêu trên, nếu có) | K97: 71 | L97: {=SUMPRODUCT(('01_PCTN_DATA'!$A$4:$A$1000=IFERROR(INDEX(DM_DON_VI!$B$4:$B$185,MATCH(L$4,DM_DON_VI!$D$4:$D$185,0)),""))*IFERROR(INDEX('01_PCTN_DATA'!$A$4:$ZZ$1000,0,MATCH($G97,'01_PCTN_DATA'!$A$3:$ZZ$3,0)),0))} -> 0 | M97: {=SUMPRODUCT(('01_PCTN_DATA'!$A$4:$A$1000=IFERROR(INDEX(DM_DON_VI!$B$4:$B$185,MATCH(M$4,DM_DON_VI!$D$4:$D$185,0)),""))*IFERROR(INDEX('01_PCTN_DATA'!$A$4:$ZZ$1000,0,MATCH($G97,'01_PCTN_DATA'!$A$3:$ZZ$3,0)),0))} -> 0 | N97: {=SUMPRODUCT(('01_PCTN_DATA'!$A$4:$A$1000=IFERROR(INDEX(DM_DON_VI!$B$4:$B$185,MATCH(N$4,DM_DON_VI!$D$4:$D$185,0)),""))*IFERROR(INDEX('01_PCTN_DATA'!$A$4:$ZZ$1000,0,MATCH($G97,'01_PCTN_DATA'!$A$3:$ZZ$3,0)),0))} -> 0 | O97: {=SUMPRODUCT(('01_PCTN_DATA'!$A$4:$A$1000=IFERROR(INDEX(DM_DON_VI!$B$4:$B$185,MATCH(O$4,DM_DON_VI!$D$4:$D$185,0)),""))*IFERROR(INDEX('01_PCTN_DATA'!$A$4:$ZZ$1000,0,MATCH($G97,'01_PCTN_DATA'!$A$3:$ZZ$3,0)),0))} -> 0 | P97: {=SUMPRODUCT(('01_PCTN_DATA'!$A$4:$A$1000=IFERROR(INDEX(DM_DON_VI!$B$4:$B$185,MATCH(P$4,DM_DON_VI!$D$4:$D$185,0)),""))*IFERROR(INDEX('01_PCTN_DATA'!$A$4:$ZZ$1000,0,MATCH($G97,'01_PCTN_DATA'!$A$3:$ZZ$3,0)),0))} -> 0 | Q97: {=SUMPRODUCT(('01_PCTN_DATA'!$A$4:$A$1000=IFERROR(INDEX(DM_DON_VI!$B$4:$B$185,MATCH(Q$4,DM_DON_VI!$D$4:$D$185,0)),""))*IFERROR(INDEX('01_PCTN_DATA'!$A$4:$ZZ$1000,0,MATCH($G97,'01_PCTN_DATA'!$A$3:$ZZ$3,0)),0))} -> 0 | R97: {=SUMPRODUCT(('01_PCTN_DATA'!$A$4:$A$1000=IFERROR(INDEX(DM_DON_VI!$B$4:$B$185,MATCH(R$4,DM_DON_VI!$D$4:$D$185,0)),""))*IFERROR(INDEX('01_PCTN_DATA'!$A$4:$ZZ$1000,0,MATCH($G97,'01_PCTN_DATA'!$A$3:$ZZ$3,0)),0))} -> 0 | S97: {=SUMPRODUCT(('01_PCTN_DATA'!$A$4:$A$1000=IFERROR(INDEX(DM_DON_VI!$B$4:$B$185,MATCH(S$4,DM_DON_VI!$D$4:$D$185,0)),""))*IFERROR(INDEX('01_PCTN_DATA'!$A$4:$ZZ$1000,0,MATCH($G97,'01_PCTN_DATA'!$A$3:$ZZ$3,0)),0))} -> 0 | ... GK97: {=SUMPRODUCT(('01_PCTN_DATA'!$A$4:$A$1000=IFERROR(INDEX(DM_DON_VI!$B$4:$B$185,MATCH(GK$4,DM_DON_VI!$D$4:$D$185,0)),""))*IFERROR(INDEX('01_PCTN_DATA'!$A$4:$ZZ$1000,0,MATCH($G97,'01_PCTN_DATA'!$A$3:$ZZ$3,0)),0))} -> 0
C98: Qua điều tra tội phạm | H98: SUBSECTION | I98: PHÁT HIỆN CÁC VỤ VIỆC THAM NHŨNG, LÃNG PHÍ, TIÊU CỰC TRONG CƠ QUAN, TỔ CHỨC, ĐƠN VỊ | J98: Qua điều tra tội phạm
A99: 76 | B99: 72 | C99: Số vụ án tham nhũng, tiêu cực (thuộc phạm vi quản lý) đã được cơ quan chức năng khởi tố | D99: Vụ | E99: {=SUMPRODUCT(IFERROR(INDEX('01_PCTN_DATA'!$A$4:$ZZ$1000,0,MATCH($G99,'01_PCTN_DATA'!$A$3:$ZZ$3,0)),0))} -> 0 | G99: P01_72 | H99: ITEM | I99: PHÁT HIỆN CÁC VỤ VIỆC THAM NHŨNG, LÃNG PHÍ, TIÊU CỰC TRONG CƠ QUAN, TỔ CHỨC, ĐƠN VỊ | J99: Qua điều tra tội phạm | K99: 72 | L99: {=SUMPRODUCT(('01_PCTN_DATA'!$A$4:$A$1000=IFERROR(INDEX(DM_DON_VI!$B$4:$B$185,MATCH(L$4,DM_DON_VI!$D$4:$D$185,0)),""))*IFERROR(INDEX('01_PCTN_DATA'!$A$4:$ZZ$1000,0,MATCH($G99,'01_PCTN_DATA'!$A$3:$ZZ$3,0)),0))} -> 0 | M99: {=SUMPRODUCT(('01_PCTN_DATA'!$A$4:$A$1000=IFERROR(INDEX(DM_DON_VI!$B$4:$B$185,MATCH(M$4,DM_DON_VI!$D$4:$D$185,0)),""))*IFERROR(INDEX('01_PCTN_DATA'!$A$4:$ZZ$1000,0,MATCH($G99,'01_PCTN_DATA'!$A$3:$ZZ$3,0)),0))} -> 0 | N99: {=SUMPRODUCT(('01_PCTN_DATA'!$A$4:$A$1000=IFERROR(INDEX(DM_DON_VI!$B$4:$B$185,MATCH(N$4,DM_DON_VI!$D$4:$D$185,0)),""))*IFERROR(INDEX('01_PCTN_DATA'!$A$4:$ZZ$1000,0,MATCH($G99,'01_PCTN_DATA'!$A$3:$ZZ$3,0)),0))} -> 0 | O99: {=SUMPRODUCT(('01_PCTN_DATA'!$A$4:$A$1000=IFERROR(INDEX(DM_DON_VI!$B$4:$B$185,MATCH(O$4,DM_DON_VI!$D$4:$D$185,0)),""))*IFERROR(INDEX('01_PCTN_DATA'!$A$4:$ZZ$1000,0,MATCH($G99,'01_PCTN_DATA'!$A$3:$ZZ$3,0)),0))} -> 0 | P99: {=SUMPRODUCT(('01_PCTN_DATA'!$A$4:$A$1000=IFERROR(INDEX(DM_DON_VI!$B$4:$B$185,MATCH(P$4,DM_DON_VI!$D$4:$D$185,0)),""))*IFERROR(INDEX('01_PCTN_DATA'!$A$4:$ZZ$1000,0,MATCH($G99,'01_PCTN_DATA'!$A$3:$ZZ$3,0)),0))} -> 0 | Q99: {=SUMPRODUCT(('01_PCTN_DATA'!$A$4:$A$1000=IFERROR(INDEX(DM_DON_VI!$B$4:$B$185,MATCH(Q$4,DM_DON_VI!$D$4:$D$185,0)),""))*IFERROR(INDEX('01_PCTN_DATA'!$A$4:$ZZ$1000,0,MATCH($G99,'01_PCTN_DATA'!$A$3:$ZZ$3,0)),0))} -> 0 | R99: {=SUMPRODUCT(('01_PCTN_DATA'!$A$4:$A$1000=IFERROR(INDEX(DM_DON_VI!$B$4:$B$185,MATCH(R$4,DM_DON_VI!$D$4:$D$185,0)),""))*IFERROR(INDEX('01_PCTN_DATA'!$A$4:$ZZ$1000,0,MATCH($G99,'01_PCTN_DATA'!$A$3:$ZZ$3,0)),0))} -> 0 | S99: {=SUMPRODUCT(('01_PCTN_DATA'!$A$4:$A$1000=IFERROR(INDEX(DM_DON_VI!$B$4:$B$185,MATCH(S$4,DM_DON_VI!$D$4:$D$185,0)),""))*IFERROR(INDEX('01_PCTN_DATA'!$A$4:$ZZ$1000,0,MATCH($G99,'01_PCTN_DATA'!$A$3:$ZZ$3,0)),0))} -> 0 | ... GK99: {=SUMPRODUCT(('01_PCTN_DATA'!$A$4:$A$1000=IFERROR(INDEX(DM_DON_VI!$B$4:$B$185,MATCH(GK$4,DM_DON_VI!$D$4:$D$185,0)),""))*IFERROR(INDEX('01_PCTN_DATA'!$A$4:$ZZ$1000,0,MATCH($G99,'01_PCTN_DATA'!$A$3:$ZZ$3,0)),0))} -> 0
A100: 77 | B100: 73 | C100: Số đối tượng tham nhũng, tiêu cực (thuộc phạm vi quản lý) đã bị cơ quan chức năng khởi tố | D100: Người | E100: {=SUMPRODUCT(IFERROR(INDEX('01_PCTN_DATA'!$A$4:$ZZ$1000,0,MATCH($G100,'01_PCTN_DATA'!$A$3:$ZZ$3,0)),0))} -> 0 | G100: P01_73 | H100: ITEM | I100: PHÁT HIỆN CÁC VỤ VIỆC THAM NHŨNG, LÃNG PHÍ, TIÊU CỰC TRONG CƠ QUAN, TỔ CHỨC, ĐƠN VỊ | J100: Qua điều tra tội phạm | K100: 73 | L100: {=SUMPRODUCT(('01_PCTN_DATA'!$A$4:$A$1000=IFERROR(INDEX(DM_DON_VI!$B$4:$B$185,MATCH(L$4,DM_DON_VI!$D$4:$D$185,0)),""))*IFERROR(INDEX('01_PCTN_DATA'!$A$4:$ZZ$1000,0,MATCH($G100,'01_PCTN_DATA'!$A$3:$ZZ$3,0)),0))} -> 0 | M100: {=SUMPRODUCT(('01_PCTN_DATA'!$A$4:$A$1000=IFERROR(INDEX(DM_DON_VI!$B$4:$B$185,MATCH(M$4,DM_DON_VI!$D$4:$D$185,0)),""))*IFERROR(INDEX('01_PCTN_DATA'!$A$4:$ZZ$1000,0,MATCH($G100,'01_PCTN_DATA'!$A$3:$ZZ$3,0)),0))} -> 0 | N100: {=SUMPRODUCT(('01_PCTN_DATA'!$A$4:$A$1000=IFERROR(INDEX(DM_DON_VI!$B$4:$B$185,MATCH(N$4,DM_DON_VI!$D$4:$D$185,0)),""))*IFERROR(INDEX('01_PCTN_DATA'!$A$4:$ZZ$1000,0,MATCH($G100,'01_PCTN_DATA'!$A$3:$ZZ$3,0)),0))} -> 0 | O100: {=SUMPRODUCT(('01_PCTN_DATA'!$A$4:$A$1000=IFERROR(INDEX(DM_DON_VI!$B$4:$B$185,MATCH(O$4,DM_DON_VI!$D$4:$D$185,0)),""))*IFERROR(INDEX('01_PCTN_DATA'!$A$4:$ZZ$1000,0,MATCH($G100,'01_PCTN_DATA'!$A$3:$ZZ$3,0)),0))} -> 0 | P100: {=SUMPRODUCT(('01_PCTN_DATA'!$A$4:$A$1000=IFERROR(INDEX(DM_DON_VI!$B$4:$B$185,MATCH(P$4,DM_DON_VI!$D$4:$D$185,0)),""))*IFERROR(INDEX('01_PCTN_DATA'!$A$4:$ZZ$1000,0,MATCH($G100,'01_PCTN_DATA'!$A$3:$ZZ$3,0)),0))} -> 0 | Q100: {=SUMPRODUCT(('01_PCTN_DATA'!$A$4:$A$1000=IFERROR(INDEX(DM_DON_VI!$B$4:$B$185,MATCH(Q$4,DM_DON_VI!$D$4:$D$185,0)),""))*IFERROR(INDEX('01_PCTN_DATA'!$A$4:$ZZ$1000,0,MATCH($G100,'01_PCTN_DATA'!$A$3:$ZZ$3,0)),0))} -> 0 | R100: {=SUMPRODUCT(('01_PCTN_DATA'!$A$4:$A$1000=IFERROR(INDEX(DM_DON_VI!$B$4:$B$185,MATCH(R$4,DM_DON_VI!$D$4:$D$185,0)),""))*IFERROR(INDEX('01_PCTN_DATA'!$A$4:$ZZ$1000,0,MATCH($G100,'01_PCTN_DATA'!$A$3:$ZZ$3,0)),0))} -> 0 | S100: {=SUMPRODUCT(('01_PCTN_DATA'!$A$4:$A$1000=IFERROR(INDEX(DM_DON_VI!$B$4:$B$185,MATCH(S$4,DM_DON_VI!$D$4:$D$185,0)),""))*IFERROR(INDEX('01_PCTN_DATA'!$A$4:$ZZ$1000,0,MATCH($G100,'01_PCTN_DATA'!$A$3:$ZZ$3,0)),0))} -> 0 | ... GK100: {=SUMPRODUCT(('01_PCTN_DATA'!$A$4:$A$1000=IFERROR(INDEX(DM_DON_VI!$B$4:$B$185,MATCH(GK$4,DM_DON_VI!$D$4:$D$185,0)),""))*IFERROR(INDEX('01_PCTN_DATA'!$A$4:$ZZ$1000,0,MATCH($G100,'01_PCTN_DATA'!$A$3:$ZZ$3,0)),0))} -> 0
...

Sheet 02_PCTN_RAW
A1: BIỂU 02/PCTN - DANH SÁCH CÁC VỤ TNLPTC
A3: UNIT_CODE | B3: UNIT_NAME | C3: UNIT_LEVEL | D3: UNIT_GROUP | E3: PARENT_AREA | F3: CONTACT_NAME | G3: CONTACT_TITLE | H3: CONTACT_PHONE | I3: UPDATED_AT | J3: STT | K3: TEN_VU | L3: TEN_CO_QUAN | M3: CO_QUAN_THU_LY | N3: TOM_TAT | O3: GHI_CHU

Sheet 02_PCTN_DS
A1: BIỂU 02/PCTN
A2: DANH SÁCH CÁC VỤ THAM NHŨNG, LÃNG PHÍ, TIÊU CỰC ĐƯỢC PHÁT HIỆN TRONG KỲ
A5: TT | B5: Tên vụ | C5: Tên cơ quan, tổ chức, đơn vị xảy ra sự việc | D5: Cơ quan thụ lý, giải quyết vụ việc | E5: Tóm tắt nội dung vụ việc | F5: Ghi chú
A6: =IF('02_PCTN_RAW'!J4="","",'02_PCTN_RAW'!J4) | B6: =IF($A6="","",'02_PCTN_RAW'!K4) | C6: =IF($A6="","",'02_PCTN_RAW'!L4) | D6: =IF($A6="","",'02_PCTN_RAW'!M4) | E6: =IF($A6="","",'02_PCTN_RAW'!N4) | F6: =IF($A6="","",'02_PCTN_RAW'!O4)
A7: =IF('02_PCTN_RAW'!J5="","",'02_PCTN_RAW'!J5) | B7: =IF($A7="","",'02_PCTN_RAW'!K5) | C7: =IF($A7="","",'02_PCTN_RAW'!L5) | D7: =IF($A7="","",'02_PCTN_RAW'!M5) | E7: =IF($A7="","",'02_PCTN_RAW'!N5) | F7: =IF($A7="","",'02_PCTN_RAW'!O5)
A8: =IF('02_PCTN_RAW'!J6="","",'02_PCTN_RAW'!J6) | B8: =IF($A8="","",'02_PCTN_RAW'!K6) | C8: =IF($A8="","",'02_PCTN_RAW'!L6) | D8: =IF($A8="","",'02_PCTN_RAW'!M6) | E8: =IF($A8="","",'02_PCTN_RAW'!N6) | F8: =IF($A8="","",'02_PCTN_RAW'!O6)
A9: =IF('02_PCTN_RAW'!J7="","",'02_PCTN_RAW'!J7) | B9: =IF($A9="","",'02_PCTN_RAW'!K7) | C9: =IF($A9="","",'02_PCTN_RAW'!L7) | D9: =IF($A9="","",'02_PCTN_RAW'!M7) | E9: =IF($A9="","",'02_PCTN_RAW'!N7) | F9: =IF($A9="","",'02_PCTN_RAW'!O7)
A10: =IF('02_PCTN_RAW'!J8="","",'02_PCTN_RAW'!J8) | B10: =IF($A10="","",'02_PCTN_RAW'!K8) | C10: =IF($A10="","",'02_PCTN_RAW'!L8) | D10: =IF($A10="","",'02_PCTN_RAW'!M8) | E10: =IF($A10="","",'02_PCTN_RAW'!N8) | F10: =IF($A10="","",'02_PCTN_RAW'!O8)
A11: =IF('02_PCTN_RAW'!J9="","",'02_PCTN_RAW'!J9) | B11: =IF($A11="","",'02_PCTN_RAW'!K9) | C11: =IF($A11="","",'02_PCTN_RAW'!L9) | D11: =IF($A11="","",'02_PCTN_RAW'!M9) | E11: =IF($A11="","",'02_PCTN_RAW'!N9) | F11: =IF($A11="","",'02_PCTN_RAW'!O9)
A12: =IF('02_PCTN_RAW'!J10="","",'02_PCTN_RAW'!J10) | B12: =IF($A12="","",'02_PCTN_RAW'!K10) | C12: =IF($A12="","",'02_PCTN_RAW'!L10) | D12: =IF($A12="","",'02_PCTN_RAW'!M10) | E12: =IF($A12="","",'02_PCTN_RAW'!N10) | F12: =IF($A12="","",'02_PCTN_RAW'!O10)
A13: =IF('02_PCTN_RAW'!J11="","",'02_PCTN_RAW'!J11) | B13: =IF($A13="","",'02_PCTN_RAW'!K11) | C13: =IF($A13="","",'02_PCTN_RAW'!L11) | D13: =IF($A13="","",'02_PCTN_RAW'!M11) | E13: =IF($A13="","",'02_PCTN_RAW'!N11) | F13: =IF($A13="","",'02_PCTN_RAW'!O11)
A14: =IF('02_PCTN_RAW'!J12="","",'02_PCTN_RAW'!J12) | B14: =IF($A14="","",'02_PCTN_RAW'!K12) | C14: =IF($A14="","",'02_PCTN_RAW'!L12) | D14: =IF($A14="","",'02_PCTN_RAW'!M12) | E14: =IF($A14="","",'02_PCTN_RAW'!N12) | F14: =IF($A14="","",'02_PCTN_RAW'!O12)
A15: =IF('02_PCTN_RAW'!J13="","",'02_PCTN_RAW'!J13) | B15: =IF($A15="","",'02_PCTN_RAW'!K13) | C15: =IF($A15="","",'02_PCTN_RAW'!L13) | D15: =IF($A15="","",'02_PCTN_RAW'!M13) | E15: =IF($A15="","",'02_PCTN_RAW'!N13) | F15: =IF($A15="","",'02_PCTN_RAW'!O13)
A16: =IF('02_PCTN_RAW'!J14="","",'02_PCTN_RAW'!J14) | B16: =IF($A16="","",'02_PCTN_RAW'!K14) | C16: =IF($A16="","",'02_PCTN_RAW'!L14) | D16: =IF($A16="","",'02_PCTN_RAW'!M14) | E16: =IF($A16="","",'02_PCTN_RAW'!N14) | F16: =IF($A16="","",'02_PCTN_RAW'!O14)
A17: =IF('02_PCTN_RAW'!J15="","",'02_PCTN_RAW'!J15) | B17: =IF($A17="","",'02_PCTN_RAW'!K15) | C17: =IF($A17="","",'02_PCTN_RAW'!L15) | D17: =IF($A17="","",'02_PCTN_RAW'!M15) | E17: =IF($A17="","",'02_PCTN_RAW'!N15) | F17: =IF($A17="","",'02_PCTN_RAW'!O15)
... A1000: =IF('02_PCTN_RAW'!J998="","",'02_PCTN_RAW'!J998) | B1000: =IF($A1000="","",'02_PCTN_RAW'!K998) | C1000: =IF($A1000="","",'02_PCTN_RAW'!L998) | D1000: =IF($A1000="","",'02_PCTN_RAW'!M998) | E1000: =IF($A1000="","",'02_PCTN_RAW'!N998) | F1000: =IF($A1000="","",'02_PCTN_RAW'!O998)

Sheet 03_PCTN_RAW
A1: BIỂU 03/PCTN - KẾT QUẢ PHÁT HIỆN, KHẮC PHỤC CÁC VĂN BẢN SƠ HỞ
A3: UNIT_CODE | B3: UNIT_NAME | C3: UNIT_LEVEL | D3: UNIT_GROUP | E3: PARENT_AREA | F3: CONTACT_NAME | G3: CONTACT_TITLE | H3: CONTACT_PHONE | I3: UPDATED_AT | J3: STT | K3: TEN_SO_NGAY_VB | L3: CO_QUAN_BAN_HANH | M3: NOI_DUNG_SO_HO | N3: DA_KHAC_PHUC | O3: CHUA_KHAC_PHUC | P3: NGUYEN_NHAN_CHUA | Q3: GHI_CHU

Sheet 03_PCTN_VB
A1: BIỂU 03/PCTN
A2: KẾT QUẢ PHÁT HIỆN, KHẮC PHỤC CÁC VĂN BẢN CÒN SƠ HỞ, DỄ BỊ LỢI DỤNG GÂY RA THAM NHŨNG, LÃNG PHÍ, TIÊU CỰC
A5: TT | B5: Tên, số, ngày, tháng, năm của văn bản | C5: Cơ quan ban hành văn bản | D5: Nội dung sơ hở, dễ bị lợi dụng | E5: Đã khắc phục theo thẩm quyền | F5: Chưa khắc phục xong | G5: Nguyên nhân chưa khắc phục xong | H5: Ghi chú
A6: =IF('03_PCTN_RAW'!J4="","",'03_PCTN_RAW'!J4) | B6: =IF($A6="","",'03_PCTN_RAW'!K4) | C6: =IF($A6="","",'03_PCTN_RAW'!L4) | D6: =IF($A6="","",'03_PCTN_RAW'!M4) | E6: =IF('03_PCTN_RAW'!N4="X","X","") | F6: =IF('03_PCTN_RAW'!O4="X","X","") | G6: =IF($A6="","",'03_PCTN_RAW'!P4) | H6: =IF($A6="","",'03_PCTN_RAW'!Q4)
A7: =IF('03_PCTN_RAW'!J5="","",'03_PCTN_RAW'!J5) | B7: =IF($A7="","",'03_PCTN_RAW'!K5) | C7: =IF($A7="","",'03_PCTN_RAW'!L5) | D7: =IF($A7="","",'03_PCTN_RAW'!M5) | E7: =IF('03_PCTN_RAW'!N5="X","X","") | F7: =IF('03_PCTN_RAW'!O5="X","X","") | G7: =IF($A7="","",'03_PCTN_RAW'!P5) | H7: =IF($A7="","",'03_PCTN_RAW'!Q5)
A8: =IF('03_PCTN_RAW'!J6="","",'03_PCTN_RAW'!J6) | B8: =IF($A8="","",'03_PCTN_RAW'!K6) | C8: =IF($A8="","",'03_PCTN_RAW'!L6) | D8: =IF($A8="","",'03_PCTN_RAW'!M6) | E8: =IF('03_PCTN_RAW'!N6="X","X","") | F8: =IF('03_PCTN_RAW'!O6="X","X","") | G8: =IF($A8="","",'03_PCTN_RAW'!P6) | H8: =IF($A8="","",'03_PCTN_RAW'!Q6)
A9: =IF('03_PCTN_RAW'!J7="","",'03_PCTN_RAW'!J7) | B9: =IF($A9="","",'03_PCTN_RAW'!K7) | C9: =IF($A9="","",'03_PCTN_RAW'!L7) | D9: =IF($A9="","",'03_PCTN_RAW'!M7) | E9: =IF('03_PCTN_RAW'!N7="X","X","") | F9: =IF('03_PCTN_RAW'!O7="X","X","") | G9: =IF($A9="","",'03_PCTN_RAW'!P7) | H9: =IF($A9="","",'03_PCTN_RAW'!Q7)
A10: =IF('03_PCTN_RAW'!J8="","",'03_PCTN_RAW'!J8) | B10: =IF($A10="","",'03_PCTN_RAW'!K8) | C10: =IF($A10="","",'03_PCTN_RAW'!L8) | D10: =IF($A10="","",'03_PCTN_RAW'!M8) | E10: =IF('03_PCTN_RAW'!N8="X","X","") | F10: =IF('03_PCTN_RAW'!O8="X","X","") | G10: =IF($A10="","",'03_PCTN_RAW'!P8) | H10: =IF($A10="","",'03_PCTN_RAW'!Q8)
A11: =IF('03_PCTN_RAW'!J9="","",'03_PCTN_RAW'!J9) | B11: =IF($A11="","",'03_PCTN_RAW'!K9) | C11: =IF($A11="","",'03_PCTN_RAW'!L9) | D11: =IF($A11="","",'03_PCTN_RAW'!M9) | E11: =IF('03_PCTN_RAW'!N9="X","X","") | F11: =IF('03_PCTN_RAW'!O9="X","X","") | G11: =IF($A11="","",'03_PCTN_RAW'!P9) | H11: =IF($A11="","",'03_PCTN_RAW'!Q9)
A12: =IF('03_PCTN_RAW'!J10="","",'03_PCTN_RAW'!J10) | B12: =IF($A12="","",'03_PCTN_RAW'!K10) | C12: =IF($A12="","",'03_PCTN_RAW'!L10) | D12: =IF($A12="","",'03_PCTN_RAW'!M10) | E12: =IF('03_PCTN_RAW'!N10="X","X","") | F12: =IF('03_PCTN_RAW'!O10="X","X","") | G12: =IF($A12="","",'03_PCTN_RAW'!P10) | H12: =IF($A12="","",'03_PCTN_RAW'!Q10)
